event_index,step,checkpoint_index,elo,event_type,previous_elo
0,96000,0,1320,stored,
1,100000,0,1301,renamed,1320
2,105600,0,1283,renamed,1301
3,105600,0,1267,renamed,1283
4,105600,0,1253,renamed,1267
5,105600,0,1240,renamed,1253
6,105600,0,1228,renamed,1240
7,105600,0,1217,renamed,1228
8,105600,0,1207,renamed,1217
9,105600,0,1198,renamed,1207
10,105600,0,1190,renamed,1198
11,105600,0,1183,renamed,1190
12,115200,0,1176,renamed,1183
13,115200,0,1201,renamed,1176
14,115200,0,1224,renamed,1201
15,115200,0,1214,renamed,1224
16,115200,0,1236,renamed,1214
17,115200,0,1225,renamed,1236
18,120000,0,1215,renamed,1225
19,120000,0,1237,renamed,1215
20,120000,0,1226,renamed,1237
21,120000,0,1247,renamed,1226
22,124800,0,1235,renamed,1247
23,124800,0,1224,renamed,1235
24,124800,0,1214,renamed,1224
25,124800,0,1205,renamed,1214
26,124800,0,1197,renamed,1205
27,124800,0,1189,renamed,1197
28,124800,0,1182,renamed,1189
29,124800,0,1206,renamed,1182
30,124800,0,1198,renamed,1206
31,124800,0,1190,renamed,1198
32,124800,0,1214,renamed,1190
33,124800,0,1236,renamed,1214
34,124800,0,1225,renamed,1236
35,134400,0,1215,renamed,1225
36,134400,0,1206,renamed,1215
37,134400,0,1228,renamed,1206
38,134400,0,1218,renamed,1228
39,134400,0,1209,renamed,1218
40,134400,0,1200,renamed,1209
41,140000,0,1192,renamed,1200
42,140000,0,1185,renamed,1192
43,140000,0,1178,renamed,1185
44,140000,0,1172,renamed,1178
45,140000,0,1166,renamed,1172
46,140000,0,1160,renamed,1166
47,144000,0,1155,renamed,1160
48,144000,0,1181,renamed,1155
49,144000,0,1175,renamed,1181
50,144000,0,1169,renamed,1175
51,144000,0,1163,renamed,1169
52,144000,0,1158,renamed,1163
53,144000,0,1153,renamed,1158
54,144000,0,1148,renamed,1153
55,153600,0,1143,renamed,1148
56,153600,0,1139,renamed,1143
57,153600,0,1135,renamed,1139
58,153600,0,1131,renamed,1135
59,153600,0,1127,renamed,1131
60,153600,0,1155,renamed,1127
61,153600,0,1150,renamed,1155
62,153600,0,1145,renamed,1150
63,160000,0,1141,renamed,1145
64,160000,0,1137,renamed,1141
65,160000,0,1164,renamed,1137
66,160000,0,1190,renamed,1164
67,163200,0,1214,renamed,1190
68,163200,0,1205,renamed,1214
69,163200,0,1197,renamed,1205
70,163200,0,1189,renamed,1197
71,163200,0,1213,renamed,1189
72,163200,0,1204,renamed,1213
73,163200,0,1196,renamed,1204
74,163200,0,1188,renamed,1196
75,163200,0,1181,renamed,1188
76,163200,0,1174,renamed,1181
77,163200,0,1199,renamed,1174
78,163200,0,1222,renamed,1199
79,172800,0,1213,renamed,1222
80,172800,0,1204,renamed,1213
81,172800,0,1196,renamed,1204
82,172800,0,1219,renamed,1196
83,172800,0,1210,renamed,1219
84,172800,0,1232,renamed,1210
85,172800,0,1222,renamed,1232
86,180000,0,1212,renamed,1222
87,180000,0,1203,renamed,1212
88,180000,0,1195,renamed,1203
89,182400,0,1187,renamed,1195
90,182400,0,1180,renamed,1187
91,182400,0,1173,renamed,1180
92,182400,0,1167,renamed,1173
93,182400,1,1420,stored,
94,182400,0,1192,renamed,1167
95,182400,0,1185,renamed,1192
96,182400,0,1178,renamed,1185
97,182400,0,1172,renamed,1178
98,182400,1,1405,renamed,1420
99,182400,0,1166,renamed,1172
100,182400,0,1161,renamed,1166
101,192000,0,1156,renamed,1161
102,192000,0,1151,renamed,1156
103,192000,1,1392,renamed,1405
104,192000,1,1380,renamed,1392
105,192000,1,1369,renamed,1380
106,192000,0,1147,renamed,1151
107,192000,1,1359,renamed,1369
108,192000,1,1350,renamed,1359
109,192000,1,1342,renamed,1350
110,200000,1,1334,renamed,1342
111,201600,1,1327,renamed,1334
112,201600,1,1320,renamed,1327
113,201600,1,1314,renamed,1320
114,201600,0,1144,renamed,1147
115,201600,0,1142,renamed,1144
116,201600,1,1308,renamed,1314
117,201600,1,1334,renamed,1308
118,201600,1,1327,renamed,1334
119,201600,1,1321,renamed,1327
120,201600,1,1315,renamed,1321
121,211200,1,1340,renamed,1315
122,211200,1,1333,renamed,1340
123,211200,1,1326,renamed,1333
124,211200,0,1139,renamed,1142
125,211200,1,1351,renamed,1326
126,211200,1,1343,renamed,1351
127,211200,1,1367,renamed,1343
128,211200,1,1358,renamed,1367
129,211200,1,1350,renamed,1358
130,211200,1,1342,renamed,1350
131,211200,1,1366,renamed,1342
132,220000,0,1136,renamed,1139
133,220800,1,1388,renamed,1366
134,220800,1,1408,renamed,1388
135,220800,1,1396,renamed,1408
136,220800,1,1415,renamed,1396
137,220800,1,1402,renamed,1415
138,220800,0,1132,renamed,1136
139,220800,1,1390,renamed,1402
140,220800,0,1160,renamed,1132
141,220800,1,1378,renamed,1390
142,220800,0,1156,renamed,1160
143,220800,1,1367,renamed,1378
144,220800,1,1357,renamed,1367
145,230400,1,1348,renamed,1357
146,230400,1,1340,renamed,1348
147,230400,0,1153,renamed,1156
148,230400,1,1332,renamed,1340
149,230400,1,1325,renamed,1332
150,230400,1,1318,renamed,1325
151,230400,1,1343,renamed,1318
152,230400,1,1366,renamed,1343
153,230400,1,1357,renamed,1366
154,230400,1,1348,renamed,1357
155,240000,0,1150,renamed,1153
156,240000,1,1371,renamed,1348
157,240000,0,1146,renamed,1150
158,240000,0,1143,renamed,1146
159,240000,0,1140,renamed,1143
160,240000,1,1362,renamed,1371
161,240000,1,1384,renamed,1362
162,240000,1,1404,renamed,1384
163,240000,1,1423,renamed,1404
164,240000,1,1440,renamed,1423
165,240000,1,1455,renamed,1440
166,240000,0,1135,renamed,1140
167,249600,1,1469,renamed,1455
168,249600,1,1481,renamed,1469
169,249600,1,1492,renamed,1481
170,249600,1,1471,renamed,1492
171,249600,1,1483,renamed,1471
172,249600,0,1129,renamed,1135
173,249600,1,1494,renamed,1483
174,249600,0,1123,renamed,1129
175,249600,1,1504,renamed,1494
176,249600,1,1483,renamed,1504
177,260000,1,1494,renamed,1483
178,260000,1,1504,renamed,1494
179,260000,1,1483,renamed,1504
180,260000,1,1494,renamed,1483
181,260000,0,1148,renamed,1123
182,260000,1,1503,renamed,1494
183,260000,1,1481,renamed,1503
184,260000,1,1491,renamed,1481
185,260000,1,1500,renamed,1491
186,260000,1,1478,renamed,1500
187,268800,0,1172,renamed,1148
188,268800,1,1457,renamed,1478
189,268800,1,1468,renamed,1457
190,268800,0,1164,renamed,1172
191,268800,1,1448,renamed,1468
192,268800,1,1460,renamed,1448
193,268800,1,1471,renamed,1460
194,268800,2,1357,stored,
195,268800,1,1482,renamed,1471
196,268800,0,1156,renamed,1164
197,268800,0,1149,renamed,1156
198,280000,1,1462,renamed,1482
199,280000,1,1474,renamed,1462
200,280000,1,1454,renamed,1474
201,280000,1,1467,renamed,1454
202,280000,2,1373,renamed,1357
203,280000,0,1142,renamed,1149
204,280000,1,1478,renamed,1467
205,280000,2,1357,renamed,1373
206,280000,2,1342,renamed,1357
207,280000,2,1359,renamed,1342
208,280000,2,1344,renamed,1359
209,288000,2,1361,renamed,1344
210,288000,2,1346,renamed,1361
211,288000,1,1459,renamed,1478
212,288000,0,1136,renamed,1142
213,288000,2,1334,renamed,1346
214,288000,2,1323,renamed,1334
215,288000,2,1343,renamed,1323
216,288000,2,1331,renamed,1343
217,288000,0,1131,renamed,1136
218,288000,1,1443,renamed,1459
219,288000,2,1321,renamed,1331
220,288000,2,1342,renamed,1321
221,297600,2,1362,renamed,1342
222,300000,1,1427,renamed,1443
223,300000,2,1381,renamed,1362
224,300000,1,1411,renamed,1427
225,300000,2,1399,renamed,1381
226,300000,0,1126,renamed,1131
227,300000,1,1396,renamed,1411
228,300000,1,1413,renamed,1396
229,300000,1,1398,renamed,1413
230,300000,0,1122,renamed,1126
231,300000,2,1386,renamed,1399
232,307200,2,1374,renamed,1386
233,307200,2,1363,renamed,1374
234,307200,2,1353,renamed,1363
235,307200,2,1374,renamed,1353
236,307200,1,1417,renamed,1398
237,307200,0,1118,renamed,1122
238,307200,2,1362,renamed,1374
239,307200,2,1351,renamed,1362
240,307200,2,1341,renamed,1351
241,316800,2,1332,renamed,1341
242,316800,2,1324,renamed,1332
243,316800,0,1115,renamed,1118
244,316800,2,1347,renamed,1324
245,320000,1,1436,renamed,1417
246,320000,2,1337,renamed,1347
247,320000,0,1112,renamed,1115
248,320000,2,1328,renamed,1337
249,320000,2,1320,renamed,1328
250,320000,2,1312,renamed,1320
251,326400,0,1109,renamed,1112
252,326400,2,1305,renamed,1312
253,326400,2,1298,renamed,1305
254,326400,2,1323,renamed,1298
255,326400,2,1315,renamed,1323
256,326400,1,1455,renamed,1436
257,326400,1,1472,renamed,1455
258,326400,1,1488,renamed,1472
259,326400,0,1105,renamed,1109
260,326400,0,1102,renamed,1105
261,326400,2,1337,renamed,1315
262,336000,2,1326,renamed,1337
263,336000,1,1471,renamed,1488
264,336000,2,1317,renamed,1326
265,336000,2,1339,renamed,1317
266,336000,2,1329,renamed,1339
267,340000,1,1486,renamed,1471
268,340000,0,1130,renamed,1102
269,340000,0,1125,renamed,1130
270,340000,2,1318,renamed,1329
271,340000,1,1469,renamed,1486
272,340000,2,1309,renamed,1318
273,340000,2,1300,renamed,1309
274,340000,1,1485,renamed,1469
275,345600,1,1469,renamed,1485
276,345600,1,1454,renamed,1469
277,345600,2,1293,renamed,1300
278,345600,1,1472,renamed,1454
279,345600,2,1285,renamed,1293
280,345600,0,1122,renamed,1125
281,345600,2,1278,renamed,1285
282,345600,2,1272,renamed,1278
283,345600,2,1266,renamed,1272
284,345600,2,1291,renamed,1266
285,355200,2,1284,renamed,1291
286,355200,2,1277,renamed,1284
287,355200,1,1459,renamed,1472
288,355200,2,1271,renamed,1277
289,355200,2,1265,renamed,1271
290,355200,0,1119,renamed,1122
291,360000,2,1291,renamed,1265
292,360000,2,1284,renamed,1291
293,360000,2,1278,renamed,1284
294,364800,2,1272,renamed,1278
295,364800,3,1533,stored,
296,364800,1,1478,renamed,1459
297,364800,2,1266,renamed,1272
298,364800,2,1260,renamed,1266
299,364800,0,1116,renamed,1119
300,364800,2,1255,renamed,1260
301,364800,2,1250,renamed,1255
302,364800,2,1245,renamed,1250
303,364800,2,1240,renamed,1245
304,364800,0,1114,renamed,1116
305,364800,3,1549,renamed,1533
306,364800,1,1465,renamed,1478
307,374400,3,1534,renamed,1549
308,374400,0,1112,renamed,1114
309,374400,3,1551,renamed,1534
310,374400,2,1236,renamed,1240
311,374400,3,1536,renamed,1551
312,374400,3,1522,renamed,1536
313,374400,3,1510,renamed,1522
314,380000,1,1455,renamed,1465
315,380000,0,1110,renamed,1112
316,380000,3,1499,renamed,1510
317,384000,1,1477,renamed,1455
318,384000,3,1488,renamed,1499
319,384000,2,1233,renamed,1236
320,384000,3,1478,renamed,1488
321,384000,0,1108,renamed,1110
322,384000,3,1469,renamed,1478
323,384000,3,1461,renamed,1469
324,384000,1,1469,renamed,1477
325,384000,3,1484,renamed,1461
326,384000,0,1107,renamed,1108
327,384000,2,1230,renamed,1233
328,384000,1,1491,renamed,1469
329,393600,3,1505,renamed,1484
330,393600,1,1511,renamed,1491
331,393600,3,1523,renamed,1505
332,393600,3,1509,renamed,1523
333,393600,3,1527,renamed,1509
334,393600,0,1105,renamed,1107
335,393600,2,1226,renamed,1230
336,400000,2,1222,renamed,1226
337,400000,3,1544,renamed,1527
338,400000,1,1497,renamed,1511
339,403200,3,1529,renamed,1544
340,403200,3,1546,renamed,1529
341,403200,3,1531,renamed,1546
342,403200,3,1548,renamed,1531
343,403200,0,1103,renamed,1105
344,403200,3,1533,renamed,1548
345,403200,1,1485,renamed,1497
346,403200,2,1250,renamed,1222
347,403200,0,1101,renamed,1103
348,403200,3,1549,renamed,1533
349,412800,3,1533,renamed,1549
350,412800,3,1519,renamed,1533
351,412800,1,1504,renamed,1485
352,412800,2,1276,renamed,1250
353,412800,3,1504,renamed,1519
354,412800,1,1490,renamed,1504
355,412800,3,1491,renamed,1504
356,412800,3,1479,renamed,1491
357,412800,0,1099,renamed,1101
358,412800,0,1097,renamed,1099
359,412800,3,1468,renamed,1479
360,420000,3,1489,renamed,1468
361,422400,3,1508,renamed,1489
362,422400,3,1495,renamed,1508
363,422400,1,1478,renamed,1490
364,422400,2,1271,renamed,1276
365,422400,1,1498,renamed,1478
366,422400,0,1095,renamed,1097
367,422400,3,1514,renamed,1495
368,422400,1,1485,renamed,1498
369,422400,3,1501,renamed,1514
370,422400,2,1298,renamed,1271
371,422400,1,1473,renamed,1485
372,432000,1,1492,renamed,1473
373,432000,3,1488,renamed,1501
374,432000,3,1476,renamed,1488
375,432000,3,1465,renamed,1476
376,432000,0,1093,renamed,1095
377,432000,3,1455,renamed,1465
378,432000,1,1481,renamed,1492
379,432000,3,1446,renamed,1455
380,432000,1,1502,renamed,1481
381,432000,3,1437,renamed,1446
382,440000,2,1325,renamed,1298
383,441600,0,1091,renamed,1093
384,441600,3,1459,renamed,1437
385,441600,3,1479,renamed,1459
386,441600,3,1466,renamed,1479
387,441600,3,1485,renamed,1466
388,441600,1,1519,renamed,1502
389,441600,2,1348,renamed,1325
390,441600,3,1501,renamed,1485
391,441600,3,1484,renamed,1501
392,441600,0,1088,renamed,1091
393,441600,3,1469,renamed,1484
394,441600,1,1534,renamed,1519
395,451200,3,1485,renamed,1469
396,451200,4,1475,stored,
397,451200,3,1469,renamed,1485
398,451200,2,1369,renamed,1348
399,451200,3,1484,renamed,1469
400,451200,1,1515,renamed,1534
401,451200,3,1468,renamed,1484
402,451200,0,1117,renamed,1088
403,451200,3,1452,renamed,1468
404,451200,3,1468,renamed,1452
405,451200,4,1459,renamed,1475
406,451200,2,1358,renamed,1369
407,460800,4,1445,renamed,1459
408,460800,1,1499,renamed,1515
409,460800,3,1455,renamed,1468
410,460800,4,1434,renamed,1445
411,460800,0,1115,renamed,1117
412,460800,4,1424,renamed,1434
413,460800,4,1445,renamed,1424
414,460800,2,1381,renamed,1358
415,460800,4,1433,renamed,1445
416,460800,1,1485,renamed,1499
417,470400,0,1144,renamed,1115
418,470400,1,1471,renamed,1485
419,470400,3,1474,renamed,1455
420,470400,2,1371,renamed,1381
421,470400,4,1452,renamed,1433
422,470400,4,1469,renamed,1452
423,470400,3,1459,renamed,1474
424,470400,1,1457,renamed,1471
425,470400,4,1456,renamed,1469
426,470400,0,1141,renamed,1144
427,470400,4,1474,renamed,1456
428,470400,2,1392,renamed,1371
429,470400,3,1476,renamed,1459
430,470400,1,1473,renamed,1457
431,480000,4,1458,renamed,1474
432,480000,4,1443,renamed,1458
433,480000,4,1430,renamed,1443
434,480000,0,1137,renamed,1141
435,480000,3,1493,renamed,1476
436,480000,4,1448,renamed,1430
437,480000,1,1458,renamed,1473
438,480000,2,1411,renamed,1392
439,480000,0,1164,renamed,1137
440,480000,4,1432,renamed,1448
441,489600,2,1428,renamed,1411
442,489600,0,1159,renamed,1164
443,489600,4,1417,renamed,1432
444,489600,3,1507,renamed,1493
445,489600,2,1444,renamed,1428
446,489600,1,1472,renamed,1458
447,489600,3,1518,renamed,1507
448,489600,2,1427,renamed,1444
449,489600,0,1153,renamed,1159
450,489600,4,1402,renamed,1417
451,489600,4,1388,renamed,1402
452,499200,4,1376,renamed,1388
453,500000,1,1457,renamed,1472
454,500000,4,1396,renamed,1376
455,500000,3,1531,renamed,1518
456,500000,2,1443,renamed,1427
457,500000,0,1148,renamed,1153
458,500000,4,1383,renamed,1396
459,500000,0,1143,renamed,1148
460,500000,4,1371,renamed,1383
461,500000,1,1442,renamed,1457
462,500000,2,1430,renamed,1443
463,500000,4,1361,renamed,1371
464,508800,3,1545,renamed,1531
465,508800,2,1448,renamed,1430
466,508800,4,1381,renamed,1361
467,508800,1,1427,renamed,1442
468,508800,2,1434,renamed,1448
469,508800,0,1171,renamed,1143
470,508800,3,1557,renamed,1545
471,508800,4,1399,renamed,1381
472,508800,1,1442,renamed,1427
473,518400,3,1536,renamed,1557
474,518400,4,1385,renamed,1399
475,518400,0,1166,renamed,1171
476,520000,2,1420,renamed,1434
477,520000,4,1373,renamed,1385
478,520000,4,1362,renamed,1373
479,520000,4,1383,renamed,1362
480,520000,3,1548,renamed,1536
481,520000,0,1192,renamed,1166
482,520000,2,1405,renamed,1420
483,520000,1,1427,renamed,1442
484,528000,0,1218,renamed,1192
485,528000,2,1391,renamed,1405
486,528000,4,1401,renamed,1383
487,528000,4,1418,renamed,1401
488,528000,4,1433,renamed,1418
489,528000,3,1526,renamed,1548
490,528000,4,1447,renamed,1433
491,528000,1,1441,renamed,1427
492,528000,4,1429,renamed,1447
493,537600,0,1210,renamed,1218
494,540000,2,1407,renamed,1391
495,540000,1,1424,renamed,1441
496,540000,4,1413,renamed,1429
497,540000,5,1428,stored,
498,540000,3,1507,renamed,1526
499,540000,2,1424,renamed,1407
500,540000,3,1488,renamed,1507
501,540000,0,1204,renamed,1210
502,540000,1,1441,renamed,1424
503,547200,1,1456,renamed,1441
504,547200,0,1228,renamed,1204
505,547200,5,1442,renamed,1428
506,547200,3,1499,renamed,1488
507,547200,4,1396,renamed,1413
508,547200,4,1411,renamed,1396
509,547200,4,1394,renamed,1411
510,547200,2,1438,renamed,1424
511,547200,3,1479,renamed,1499
512,547200,0,1220,renamed,1228
513,547200,1,1439,renamed,1456
514,547200,5,1426,renamed,1442
515,556800,2,1454,renamed,1438
516,556800,5,1411,renamed,1426
517,556800,0,1213,renamed,1220
518,556800,4,1412,renamed,1394
519,556800,1,1454,renamed,1439
520,556800,0,1206,renamed,1213
521,556800,5,1427,renamed,1411
522,556800,3,1461,renamed,1479
523,560000,0,1199,renamed,1206
524,560000,5,1412,renamed,1427
525,560000,1,1439,renamed,1454
526,566400,3,1446,renamed,1461
527,566400,2,1440,renamed,1454
528,566400,5,1400,renamed,1412
529,566400,4,1431,renamed,1412
530,566400,5,1419,renamed,1400
531,566400,2,1426,renamed,1440
532,566400,0,1225,renamed,1199
533,566400,1,1455,renamed,1439
534,566400,3,1461,renamed,1446
535,566400,1,1469,renamed,1455
536,566400,5,1403,renamed,1419
537,566400,4,1446,renamed,1431
538,566400,5,1419,renamed,1403
539,576000,2,1440,renamed,1426
540,576000,0,1216,renamed,1225
541,576000,2,1423,renamed,1440
542,580000,3,1443,renamed,1461
543,580000,1,1482,renamed,1469
544,580000,4,1460,renamed,1446
545,580000,5,1433,renamed,1419
546,580000,5,1415,renamed,1433
547,580000,0,1208,renamed,1216
548,580000,5,1430,renamed,1415
549,580000,3,1426,renamed,1443
550,585600,1,1494,renamed,1482
551,585600,5,1444,renamed,1430
552,585600,2,1406,renamed,1423
553,585600,4,1442,renamed,1460
554,585600,2,1391,renamed,1406
555,585600,3,1442,renamed,1426
556,585600,0,1232,renamed,1208
557,585600,5,1457,renamed,1444
558,595200,4,1424,renamed,1442
559,595200,5,1439,renamed,1457
560,595200,1,1475,renamed,1494
561,595200,2,1408,renamed,1391
562,595200,5,1423,renamed,1439
563,595200,5,1439,renamed,1423
564,595200,3,1456,renamed,1442
565,600000,0,1224,renamed,1232
566,600000,5,1423,renamed,1439
567,600000,1,1488,renamed,1475
568,600000,2,1393,renamed,1408
569,600000,5,1439,renamed,1423
570,604800,0,1216,renamed,1224
571,604800,4,1439,renamed,1424
572,604800,5,1453,renamed,1439
573,604800,5,1435,renamed,1453
574,604800,3,1439,renamed,1456
575,604800,2,1379,renamed,1393
576,604800,1,1471,renamed,1488
577,604800,4,1425,renamed,1439
578,604800,1,1487,renamed,1471
579,604800,0,1210,renamed,1216
580,614400,5,1421,renamed,1435
581,614400,5,1408,renamed,1421
582,614400,2,1369,renamed,1379
583,614400,3,1427,renamed,1439
584,614400,4,1414,renamed,1425
585,614400,5,1429,renamed,1408
586,614400,2,1360,renamed,1369
587,620000,4,1434,renamed,1414
588,620000,5,1417,renamed,1429
589,620000,1,1503,renamed,1487
590,620000,0,1205,renamed,1210
591,624000,5,1436,renamed,1417
592,624000,3,1445,renamed,1427
593,624000,3,1461,renamed,1445
594,624000,2,1348,renamed,1360
595,624000,4,1450,renamed,1434
596,624000,1,1485,renamed,1503
597,624000,5,1422,renamed,1436
598,624000,6,1473,stored,
599,624000,0,1200,renamed,1205
600,624000,5,1440,renamed,1422
601,624000,3,1476,renamed,1461
602,624000,5,1425,renamed,1440
603,633600,2,1337,renamed,1348
604,633600,4,1436,renamed,1450
605,633600,0,1226,renamed,1200
606,633600,6,1457,renamed,1473
607,633600,1,1469,renamed,1485
608,633600,5,1413,renamed,1425
609,633600,3,1493,renamed,1476
610,640000,2,1328,renamed,1337
611,640000,6,1474,renamed,1457
612,640000,4,1423,renamed,1436
613,643200,6,1460,renamed,1474
614,643200,3,1478,renamed,1493
615,643200,0,1221,renamed,1226
616,643200,5,1433,renamed,1413
617,643200,1,1486,renamed,1469
618,643200,3,1494,renamed,1478
619,643200,2,1319,renamed,1328
620,643200,6,1476,renamed,1460
621,643200,1,1500,renamed,1486
622,643200,4,1439,renamed,1423
623,652800,2,1309,renamed,1319
624,652800,5,1418,renamed,1433
625,652800,0,1215,renamed,1221
626,652800,6,1460,renamed,1476
627,652800,1,1484,renamed,1500
628,652800,3,1509,renamed,1494
629,652800,3,1493,renamed,1509
630,652800,2,1332,renamed,1309
631,660000,4,1456,renamed,1439
632,660000,5,1404,renamed,1418
633,660000,6,1445,renamed,1460
634,662400,0,1210,renamed,1215
635,662400,3,1508,renamed,1493
636,662400,1,1468,renamed,1484
637,662400,6,1462,renamed,1445
638,662400,5,1392,renamed,1404
639,662400,2,1323,renamed,1332
640,662400,0,1205,renamed,1210
641,662400,4,1443,renamed,1456
642,662400,3,1493,renamed,1508
643,662400,6,1450,renamed,1462
644,672000,2,1347,renamed,1323
645,672000,1,1455,renamed,1468
646,672000,5,1383,renamed,1392
647,672000,6,1469,renamed,1450
648,672000,4,1462,renamed,1443
649,672000,0,1200,renamed,1205
650,672000,6,1455,renamed,1469
651,672000,3,1510,renamed,1493
652,680000,1,1442,renamed,1455
653,681600,5,1404,renamed,1383
654,681600,2,1338,renamed,1347
655,681600,0,1195,renamed,1200
656,681600,6,1442,renamed,1455
657,681600,1,1461,renamed,1442
658,681600,3,1494,renamed,1510
659,681600,0,1191,renamed,1195
660,681600,4,1480,renamed,1462
661,681600,6,1460,renamed,1442
662,681600,2,1329,renamed,1338
663,681600,5,1393,renamed,1404
664,691200,6,1477,renamed,1460
665,691200,1,1447,renamed,1461
666,691200,3,1510,renamed,1494
667,691200,4,1465,renamed,1480
668,691200,0,1187,renamed,1191
669,691200,2,1352,renamed,1329
670,691200,4,1481,renamed,1465
671,691200,6,1461,renamed,1477
672,691200,1,1433,renamed,1447
673,691200,5,1382,renamed,1393
674,700000,6,1448,renamed,1461
675,700000,3,1526,renamed,1510
676,700800,0,1183,renamed,1187
677,700800,2,1374,renamed,1352
678,700800,1,1420,renamed,1433
679,700800,4,1497,renamed,1481
680,700800,6,1434,renamed,1448
681,700800,5,1402,renamed,1382
682,700800,6,1421,renamed,1434
683,700800,3,1540,renamed,1526
684,700800,0,1178,renamed,1183
685,710400,2,1363,renamed,1374
686,710400,4,1512,renamed,1497
687,710400,1,1438,renamed,1420
688,710400,3,1521,renamed,1540
689,710400,4,1526,renamed,1512
690,710400,6,1438,renamed,1421
691,710400,5,1389,renamed,1402
692,710400,0,1204,renamed,1178
693,720000,2,1351,renamed,1363
694,720000,1,1423,renamed,1438
695,720000,6,1454,renamed,1438
696,720000,6,1469,renamed,1454
697,720000,2,1339,renamed,1351
698,720000,5,1376,renamed,1389
699,720000,7,1455,stored,
700,720000,3,1503,renamed,1521
701,720000,4,1539,renamed,1526
702,720000,0,1198,renamed,1204
703,720000,6,1484,renamed,1469
704,720000,1,1439,renamed,1423
705,720000,7,1439,renamed,1455
706,729600,1,1455,renamed,1439
707,729600,6,1467,renamed,1484
708,729600,2,1328,renamed,1339
709,729600,5,1364,renamed,1376
710,729600,0,1193,renamed,1198
711,729600,4,1552,renamed,1539
712,729600,3,1486,renamed,1503
713,729600,7,1426,renamed,1439
714,729600,6,1484,renamed,1467
715,729600,1,1471,renamed,1455
716,729600,2,1318,renamed,1328
717,739200,5,1353,renamed,1364
718,740000,7,1444,renamed,1426
719,740000,0,1188,renamed,1193
720,740000,3,1470,renamed,1486
721,740000,5,1343,renamed,1353
722,740000,1,1457,renamed,1471
723,740000,4,1535,renamed,1552
724,740000,6,1501,renamed,1484
725,740000,2,1341,renamed,1318
726,740000,5,1364,renamed,1343
727,748800,3,1455,renamed,1470
728,748800,7,1461,renamed,1444
729,748800,0,1214,renamed,1188
730,748800,1,1441,renamed,1457
731,748800,4,1516,renamed,1535
732,748800,6,1515,renamed,1501
733,748800,2,1331,renamed,1341
734,748800,5,1384,renamed,1364
735,748800,1,1426,renamed,1441
736,748800,3,1471,renamed,1455
737,748800,7,1476,renamed,1461
738,748800,0,1207,renamed,1214
739,758400,4,1528,renamed,1516
740,758400,2,1320,renamed,1331
741,760000,6,1496,renamed,1515
742,760000,5,1372,renamed,1384
743,760000,3,1456,renamed,1471
744,760000,1,1444,renamed,1426
745,760000,2,1311,renamed,1320
746,760000,6,1510,renamed,1496
747,760000,0,1201,renamed,1207
748,760000,7,1460,renamed,1476
749,760000,4,1541,renamed,1528
750,760000,3,1472,renamed,1456
751,760000,2,1332,renamed,1311
752,768000,1,1428,renamed,1444
753,768000,5,1360,renamed,1372
754,768000,7,1445,renamed,1460
755,768000,2,1323,renamed,1332
756,768000,3,1488,renamed,1472
757,768000,4,1553,renamed,1541
758,768000,6,1492,renamed,1510
759,768000,0,1196,renamed,1201
760,768000,5,1350,renamed,1360
761,777600,1,1446,renamed,1428
762,780000,7,1461,renamed,1445
763,780000,2,1313,renamed,1323
764,780000,7,1446,renamed,1461
765,780000,4,1535,renamed,1553
766,780000,0,1191,renamed,1196
767,780000,3,1504,renamed,1488
768,780000,6,1507,renamed,1492
769,780000,5,1340,renamed,1350
770,780000,1,1463,renamed,1446
771,787200,2,1335,renamed,1313
772,787200,0,1185,renamed,1191
773,787200,6,1489,renamed,1507
774,787200,4,1517,renamed,1535
775,787200,7,1463,renamed,1446
776,787200,3,1487,renamed,1504
777,787200,2,1357,renamed,1335
778,787200,4,1499,renamed,1517
779,787200,5,1361,renamed,1340
780,787200,1,1448,renamed,1463
781,787200,0,1180,renamed,1185
782,796800,6,1473,renamed,1489
783,800000,7,1449,renamed,1463
784,800000,3,1473,renamed,1487
785,800000,2,1349,renamed,1357
786,800000,6,1460,renamed,1473
787,800000,1,1437,renamed,1448
788,800000,5,1384,renamed,1361
789,800000,0,1176,renamed,1180
790,800000,4,1486,renamed,1499
791,800000,1,1457,renamed,1437
792,806400,2,1341,renamed,1349
793,806400,7,1438,renamed,1449
794,806400,5,1406,renamed,1384
795,806400,3,1460,renamed,1473
796,806400,6,1479,renamed,1460
797,806400,0,1204,renamed,1176
798,806400,4,1471,renamed,1486
799,806400,1,1475,renamed,1457
800,806400,8,1492,stored,
801,806400,5,1425,renamed,1406
802,806400,3,1445,renamed,1460
803,806400,0,1199,renamed,1204
804,806400,6,1464,renamed,1479
805,816000,2,1332,renamed,1341
806,816000,7,1457,renamed,1438
807,816000,4,1457,renamed,1471
808,820000,1,1492,renamed,1475
809,820000,8,1477,renamed,1492
810,820000,7,1444,renamed,1457
811,820000,5,1445,renamed,1425
812,820000,2,1324,renamed,1332
813,820000,6,1451,renamed,1464
814,820000,3,1433,renamed,1445
815,820000,5,1434,renamed,1445
816,820000,4,1476,renamed,1457
817,825600,8,1464,renamed,1477
818,825600,1,1479,renamed,1492
819,825600,7,1433,renamed,1444
820,825600,6,1471,renamed,1451
821,825600,4,1494,renamed,1476
822,825600,5,1423,renamed,1434
823,825600,2,1317,renamed,1324
824,825600,0,1195,renamed,1199
825,825600,8,1452,renamed,1464
826,825600,3,1423,renamed,1433
827,835200,6,1460,renamed,1471
828,835200,7,1424,renamed,1433
829,835200,4,1483,renamed,1494
830,835200,2,1343,renamed,1317
831,835200,3,1414,renamed,1423
832,835200,7,1446,renamed,1424
833,835200,5,1414,renamed,1423
834,840000,8,1473,renamed,1452
835,840000,0,1191,renamed,1195
836,840000,2,1336,renamed,1343
837,840000,6,1449,renamed,1460
838,844800,4,1502,renamed,1483
839,844800,3,1405,renamed,1414
840,844800,7,1466,renamed,1446
841,844800,1,1497,renamed,1479
842,844800,2,1359,renamed,1336
843,844800,5,1402,renamed,1414
844,844800,6,1436,renamed,1449
845,844800,8,1460,renamed,1473
846,844800,3,1395,renamed,1405
847,844800,4,1489,renamed,1502
848,844800,7,1455,renamed,1466
849,844800,8,1450,renamed,1460
850,854400,2,1352,renamed,1359
851,854400,5,1394,renamed,1402
852,854400,4,1478,renamed,1489
853,854400,1,1517,renamed,1497
854,854400,3,1387,renamed,1395
855,854400,6,1458,renamed,1436
856,860000,8,1440,renamed,1450
857,860000,0,1220,renamed,1191
858,860000,7,1475,renamed,1455
859,860000,2,1344,renamed,1352
860,860000,3,1409,renamed,1387
861,860000,5,1384,renamed,1394
862,864000,4,1465,renamed,1478
863,864000,8,1429,renamed,1440
864,864000,5,1376,renamed,1384
865,864000,6,1478,renamed,1458
866,864000,4,1453,renamed,1465
867,864000,1,1503,renamed,1517
868,864000,2,1368,renamed,1344
869,864000,7,1463,renamed,1475
870,864000,8,1419,renamed,1429
871,864000,3,1431,renamed,1409
872,864000,5,1398,renamed,1376
873,873600,6,1495,renamed,1478
874,873600,1,1518,renamed,1503
875,873600,2,1358,renamed,1368
876,873600,7,1449,renamed,1463
877,873600,4,1471,renamed,1453
878,873600,0,1215,renamed,1220
879,873600,3,1419,renamed,1431
880,873600,5,1388,renamed,1398
881,873600,8,1408,renamed,1419
882,880000,1,1504,renamed,1518
883,880000,6,1513,renamed,1495
884,880000,5,1379,renamed,1388
885,883200,7,1438,renamed,1449
886,883200,4,1459,renamed,1471
887,883200,2,1351,renamed,1358
888,883200,8,1399,renamed,1408
889,883200,0,1212,renamed,1215
890,883200,3,1441,renamed,1419
891,883200,1,1491,renamed,1504
892,883200,4,1449,renamed,1459
893,883200,0,1209,renamed,1212
894,883200,6,1532,renamed,1513
895,883200,5,1371,renamed,1379
896,883200,7,1459,renamed,1438
897,883200,3,1431,renamed,1441
898,883200,2,1344,renamed,1351
899,892800,1,1479,renamed,1491
900,892800,7,1480,renamed,1459
901,892800,9,1565,stored,
902,892800,8,1390,renamed,1399
903,892800,4,1439,renamed,1449
904,892800,6,1519,renamed,1532
905,892800,0,1206,renamed,1209
906,892800,7,1470,renamed,1480
907,892800,8,1383,renamed,1390
908,892800,5,1365,renamed,1371
909,900000,9,1552,renamed,1565
910,900000,4,1432,renamed,1439
911,900000,3,1455,renamed,1431
912,900000,1,1500,renamed,1479
913,902400,7,1460,renamed,1470
914,902400,9,1539,renamed,1552
915,902400,2,1339,renamed,1344
916,902400,5,1359,renamed,1365
917,902400,6,1509,renamed,1519
918,902400,4,1425,renamed,1432
919,902400,0,1204,renamed,1206
920,902400,9,1529,renamed,1539
921,902400,4,1419,renamed,1425
922,902400,7,1453,renamed,1460
923,902400,8,1378,renamed,1383
924,902400,6,1501,renamed,1509
925,902400,1,1492,renamed,1500
926,912000,5,1355,renamed,1359
927,912000,4,1414,renamed,1419
928,912000,8,1374,renamed,1378
929,912000,3,1480,renamed,1455
930,912000,4,1409,renamed,1414
931,912000,6,1524,renamed,1501
932,912000,5,1351,renamed,1355
933,912000,9,1520,renamed,1529
934,912000,7,1446,renamed,1453
935,920000,1,1515,renamed,1492
936,920000,3,1472,renamed,1480
937,921600,9,1542,renamed,1520
938,921600,8,1369,renamed,1374
939,921600,2,1335,renamed,1339
940,921600,6,1545,renamed,1524
941,921600,0,1202,renamed,1204
942,921600,4,1403,renamed,1409
943,921600,5,1346,renamed,1351
944,921600,3,1464,renamed,1472
945,921600,8,1395,renamed,1369
946,921600,2,1330,renamed,1335
947,921600,9,1561,renamed,1542
948,921600,4,1427,renamed,1403
949,931200,6,1532,renamed,1545
950,931200,7,1437,renamed,1446
951,931200,5,1341,renamed,1346
952,931200,7,1429,renamed,1437
953,931200,3,1455,renamed,1464
954,931200,1,1505,renamed,1515
955,931200,4,1420,renamed,1427
956,931200,2,1326,renamed,1330
957,931200,6,1522,renamed,1532
958,931200,7,1423,renamed,1429
959,931200,9,1551,renamed,1561
960,931200,8,1421,renamed,1395
961,940000,3,1448,renamed,1455
962,940800,2,1322,renamed,1326
963,940800,0,1200,renamed,1202
964,940800,1,1527,renamed,1505
965,940800,4,1445,renamed,1420
966,940800,9,1570,renamed,1551
967,940800,8,1413,renamed,1421
968,940800,7,1415,renamed,1423
969,940800,3,1440,renamed,1448
970,940800,2,1317,renamed,1322
971,940800,8,1406,renamed,1413
972,940800,1,1547,renamed,1527
973,940800,5,1336,renamed,1341
974,940800,3,1432,renamed,1440
975,940800,6,1511,renamed,1522
976,950400,7,1409,renamed,1415
977,950400,9,1558,renamed,1570
978,950400,4,1438,renamed,1445
979,950400,8,1400,renamed,1406
980,950400,1,1568,renamed,1547
981,950400,5,1332,renamed,1336
982,950400,9,1578,renamed,1558
983,950400,3,1456,renamed,1432
984,950400,2,1312,renamed,1317
985,950400,7,1402,renamed,1409
986,950400,0,1198,renamed,1200
987,960000,9,1596,renamed,1578
988,960000,1,1555,renamed,1568
989,960000,6,1531,renamed,1511
990,960000,8,1393,renamed,1400
991,960000,3,1447,renamed,1456
992,960000,7,1395,renamed,1402
993,960000,5,1358,renamed,1332
994,960000,4,1429,renamed,1438
995,960000,9,1581,renamed,1596
996,960000,6,1550,renamed,1531
997,960000,3,1438,renamed,1447
998,960000,7,1388,renamed,1395
999,960000,8,1386,renamed,1393
1000,969600,5,1353,renamed,1358
1001,969600,2,1308,renamed,1312
1002,969600,10,1638,stored,
1003,969600,9,1568,renamed,1581
1004,969600,1,1544,renamed,1555
1005,969600,4,1423,renamed,1429
1006,969600,6,1570,renamed,1550
1007,969600,7,1382,renamed,1388
1008,969600,0,1196,renamed,1198
1009,969600,5,1348,renamed,1353
1010,969600,10,1624,renamed,1638
1011,969600,1,1534,renamed,1544
1012,969600,9,1558,renamed,1568
1013,969600,8,1413,renamed,1386
1014,969600,6,1559,renamed,1570
1015,979200,10,1642,renamed,1624
1016,979200,3,1431,renamed,1438
1017,980000,2,1305,renamed,1308
1018,980000,4,1448,renamed,1423
1019,980000,7,1376,renamed,1382
1020,980000,10,1627,renamed,1642
1021,980000,6,1579,renamed,1559
1022,980000,9,1577,renamed,1558
1023,980000,10,1612,renamed,1627
1024,980000,5,1374,renamed,1348
1025,980000,1,1553,renamed,1534
1026,980000,8,1405,renamed,1413
1027,980000,4,1439,renamed,1448
1028,988800,10,1597,renamed,1612
1029,988800,7,1370,renamed,1376
1030,988800,0,1194,renamed,1196
1031,988800,6,1566,renamed,1579
1032,988800,3,1455,renamed,1431
1033,988800,9,1564,renamed,1577
1034,988800,7,1365,renamed,1370
1035,988800,10,1584,renamed,1597
1036,988800,1,1542,renamed,1553
1037,988800,8,1399,renamed,1405
1038,998400,0,1192,renamed,1194
1039,1000000,5,1369,renamed,1374
1040,1000000,10,1573,renamed,1584
1041,1000000,6,1587,renamed,1566
1042,1000000,7,1360,renamed,1365
1043,1000000,8,1425,renamed,1399
1044,1000000,3,1478,renamed,1455
1045,1000000,4,1431,renamed,1439
1046,1000000,2,1301,renamed,1305
1047,1000000,10,1561,renamed,1573
1048,1000000,9,1583,renamed,1564
1049,1000000,6,1604,renamed,1587
1050,1008000,8,1417,renamed,1425
1051,1008000,5,1394,renamed,1369
1052,1008000,1,1560,renamed,1542
1053,1008000,7,1384,renamed,1360
1054,1008000,3,1466,renamed,1478
1055,1008000,10,1546,renamed,1561
1056,1008000,2,1296,renamed,1301
1057,1008000,9,1568,renamed,1583
1058,1008000,8,1440,renamed,1417
1059,1008000,1,1576,renamed,1560
1060,1008000,10,1531,renamed,1546
1061,1008000,9,1553,renamed,1568
1062,1008000,5,1387,renamed,1394
1063,1008000,6,1619,renamed,1604
1064,1008000,2,1291,renamed,1296
1065,1017600,7,1377,renamed,1384
1066,1020000,8,1462,renamed,1440
1067,1020000,4,1422,renamed,1431
1068,1020000,1,1561,renamed,1576
1069,1020000,9,1540,renamed,1553
1070,1020000,6,1634,renamed,1619
1071,1020000,5,1380,renamed,1387
1072,1020000,7,1370,renamed,1377
1073,1020000,10,1550,renamed,1531
1074,1020000,4,1444,renamed,1422
1075,1027200,9,1526,renamed,1540
1076,1027200,0,1189,renamed,1192
1077,1027200,6,1617,renamed,1634
1078,1027200,2,1318,renamed,1291
1079,1027200,8,1452,renamed,1462
1080,1027200,1,1547,renamed,1561
1081,1027200,9,1514,renamed,1526
1082,1027200,3,1457,renamed,1466
1083,1027200,8,1444,renamed,1452
1084,1027200,10,1569,renamed,1550
1085,1027200,0,1186,renamed,1189
1086,1027200,7,1364,renamed,1370
1087,1027200,5,1374,renamed,1380
1088,1027200,6,1633,renamed,1617
1089,1036800,9,1534,renamed,1514
1090,1036800,8,1435,renamed,1444
1091,1036800,4,1435,renamed,1444
1092,1036800,1,1534,renamed,1547
1093,1036800,2,1313,renamed,1318
1094,1036800,7,1390,renamed,1364
1095,1036800,9,1522,renamed,1534
1096,1040000,5,1368,renamed,1374
1097,1040000,9,1511,renamed,1522
1098,1040000,0,1184,renamed,1186
1099,1040000,10,1587,renamed,1569
1100,1040000,6,1617,renamed,1633
1101,1040000,4,1458,renamed,1435
1102,1040000,9,1500,renamed,1511
1103,1040000,11,1620,stored,
1104,1040000,8,1458,renamed,1435
1105,1040000,1,1552,renamed,1534
1106,1046400,9,1488,renamed,1500
1107,1046400,3,1447,renamed,1457
1108,1046400,10,1603,renamed,1587
1109,1046400,6,1600,renamed,1617
1110,1046400,7,1414,renamed,1390
1111,1046400,5,1392,renamed,1368
1112,1046400,4,1447,renamed,1458
1113,1046400,11,1633,renamed,1620
1114,1046400,9,1506,renamed,1488
1115,1056000,1,1536,renamed,1552
1116,1056000,8,1477,renamed,1458
1117,1056000,10,1584,renamed,1603
1118,1056000,2,1307,renamed,1313
1119,1056000,0,1181,renamed,1184
1120,1056000,5,1383,renamed,1392
1121,1056000,8,1466,renamed,1477
1122,1060000,6,1584,renamed,1600
1123,1060000,1,1523,renamed,1536
1124,1060000,10,1570,renamed,1584
1125,1060000,9,1496,renamed,1506
1126,1060000,11,1648,renamed,1633
1127,1065600,8,1488,renamed,1466
1128,1065600,4,1469,renamed,1447
1129,1065600,7,1405,renamed,1414
1130,1065600,10,1555,renamed,1570
1131,1065600,5,1407,renamed,1383
1132,1065600,3,1437,renamed,1447
1133,1065600,1,1510,renamed,1523
1134,1065600,6,1569,renamed,1584
1135,1065600,10,1542,renamed,1555
1136,1065600,11,1632,renamed,1648
1137,1065600,6,1557,renamed,1569
1138,1065600,9,1487,renamed,1496
1139,1065600,7,1399,renamed,1405
1140,1065600,4,1462,renamed,1469
1141,1065600,8,1480,renamed,1488
1142,1075200,5,1402,renamed,1407
1143,1075200,9,1480,renamed,1487
1144,1075200,10,1533,renamed,1542
1145,1075200,9,1473,renamed,1480
1146,1075200,2,1304,renamed,1307
1147,1080000,0,1180,renamed,1181
1148,1080000,7,1395,renamed,1399
1149,1080000,8,1474,renamed,1480
1150,1080000,11,1621,renamed,1632
1151,1080000,3,1464,renamed,1437
1152,1080000,5,1398,renamed,1402
1153,1084800,8,1499,renamed,1474
1154,1084800,11,1609,renamed,1621
1155,1084800,6,1548,renamed,1557
1156,1084800,1,1503,renamed,1510
1157,1084800,9,1498,renamed,1473
1158,1084800,10,1524,renamed,1533
1159,1084800,11,1598,renamed,1609
1160,1084800,0,1210,renamed,1180
1161,1084800,7,1390,renamed,1395
1162,1084800,6,1539,renamed,1548
1163,1084800,9,1491,renamed,1498
1164,1084800,11,1587,renamed,1598
1165,1084800,4,1456,renamed,1462
1166,1094400,8,1492,renamed,1499
1167,1094400,7,1386,renamed,1390
1168,1094400,10,1517,renamed,1524
1169,1094400,5,1394,renamed,1398
1170,1094400,11,1609,renamed,1587
1171,1094400,6,1562,renamed,1539
1172,1094400,9,1484,renamed,1491
1173,1094400,10,1509,renamed,1517
1174,1094400,1,1527,renamed,1503
1175,1100000,8,1485,renamed,1492
1176,1100000,7,1382,renamed,1386
1177,1104000,2,1301,renamed,1304
1178,1104000,10,1502,renamed,1509
1179,1104000,3,1489,renamed,1464
1180,1104000,11,1597,renamed,1609
1181,1104000,10,1495,renamed,1502
1182,1104000,8,1478,renamed,1485
1183,1104000,6,1553,renamed,1562
1184,1104000,4,1451,renamed,1456
1185,1104000,9,1478,renamed,1484
1186,1104000,2,1330,renamed,1301
1187,1104000,8,1471,renamed,1478
1188,1104000,11,1587,renamed,1597
1189,1104000,7,1378,renamed,1382
1190,1104000,5,1390,renamed,1394
1191,1113600,11,1578,renamed,1587
1192,1113600,9,1472,renamed,1478
1193,1113600,10,1520,renamed,1495
1194,1113600,3,1483,renamed,1489
1195,1113600,2,1359,renamed,1330
1196,1113600,7,1374,renamed,1378
1197,1113600,4,1445,renamed,1451
1198,1113600,8,1465,renamed,1471
1199,1120000,9,1497,renamed,1472
1200,1120000,6,1543,renamed,1553
1201,1120000,10,1512,renamed,1520
1202,1123200,11,1599,renamed,1578
1203,1123200,7,1370,renamed,1374
1204,1123200,12,1692,stored,
1205,1123200,2,1355,renamed,1359
1206,1123200,8,1459,renamed,1465
1207,1123200,10,1504,renamed,1512
1208,1123200,1,1550,renamed,1527
1209,1123200,6,1534,renamed,1543
1210,1123200,11,1588,renamed,1599
1211,1123200,4,1470,renamed,1445
1212,1123200,9,1489,renamed,1497
1213,1123200,12,1677,renamed,1692
1214,1123200,8,1484,renamed,1459
1215,1132800,0,1208,renamed,1210
1216,1132800,1,1571,renamed,1550
1217,1132800,3,1475,renamed,1483
1218,1132800,10,1495,renamed,1504
1219,1132800,7,1365,renamed,1370
1220,1132800,12,1662,renamed,1677
1221,1132800,11,1608,renamed,1588
1222,1132800,9,1481,renamed,1489
1223,1132800,8,1477,renamed,1484
1224,1132800,5,1385,renamed,1390
1225,1140000,12,1648,renamed,1662
1226,1140000,6,1557,renamed,1534
1227,1142400,4,1463,renamed,1470
1228,1142400,10,1488,renamed,1495
1229,1142400,9,1474,renamed,1481
1230,1142400,8,1471,renamed,1477
1231,1142400,11,1628,renamed,1608
1232,1142400,12,1635,renamed,1648
1233,1142400,7,1361,renamed,1365
1234,1142400,6,1548,renamed,1557
1235,1142400,2,1383,renamed,1355
1236,1142400,5,1380,renamed,1385
1237,1142400,10,1481,renamed,1488
1238,1142400,12,1623,renamed,1635
1239,1152000,9,1468,renamed,1474
1240,1152000,8,1496,renamed,1471
1241,1152000,12,1611,renamed,1623
1242,1152000,10,1475,renamed,1481
1243,1152000,1,1562,renamed,1571
1244,1152000,3,1469,renamed,1475
1245,1152000,11,1648,renamed,1628
1246,1152000,8,1489,renamed,1496
1247,1152000,7,1357,renamed,1361
1248,1152000,10,1469,renamed,1475
1249,1152000,9,1493,renamed,1468
1250,1160000,12,1600,renamed,1611
1251,1160000,1,1553,renamed,1562
1252,1161600,6,1571,renamed,1548
1253,1161600,11,1635,renamed,1648
1254,1161600,9,1486,renamed,1493
1255,1161600,3,1494,renamed,1469
1256,1161600,0,1206,renamed,1208
1257,1161600,4,1457,renamed,1463
1258,1161600,5,1407,renamed,1380
1259,1161600,10,1462,renamed,1469
1260,1161600,12,1588,renamed,1600
1261,1161600,7,1353,renamed,1357
1262,1161600,11,1623,renamed,1635
1263,1161600,6,1592,renamed,1571
1264,1161600,11,1611,renamed,1623
1265,1171200,8,1513,renamed,1489
1266,1171200,0,1204,renamed,1206
1267,1171200,10,1455,renamed,1462
1268,1171200,12,1608,renamed,1588
1269,1171200,2,1409,renamed,1383
1270,1171200,3,1485,renamed,1494
1271,1171200,10,1447,renamed,1455
1272,1171200,5,1401,renamed,1407
1273,1171200,11,1598,renamed,1611
1274,1171200,9,1509,renamed,1486
1275,1171200,12,1625,renamed,1608
1276,1180000,6,1579,renamed,1592
1277,1180000,8,1503,renamed,1513
1278,1180800,12,1642,renamed,1625
1279,1180800,11,1585,renamed,1598
1280,1180800,4,1450,renamed,1457
1281,1180800,9,1500,renamed,1509
1282,1180800,1,1573,renamed,1553
1283,1180800,10,1440,renamed,1447
1284,1180800,7,1348,renamed,1353
1285,1180800,11,1573,renamed,1585
1286,1180800,6,1599,renamed,1579
1287,1180800,10,1464,renamed,1440
1288,1180800,8,1524,renamed,1503
1289,1190400,12,1625,renamed,1642
1290,1190400,2,1402,renamed,1409
1291,1190400,4,1442,renamed,1450
1292,1190400,9,1491,renamed,1500
1293,1190400,8,1514,renamed,1524
1294,1190400,11,1562,renamed,1573
1295,1190400,4,1436,renamed,1442
1296,1190400,10,1457,renamed,1464
1297,1190400,5,1396,renamed,1401
1298,1190400,1,1563,renamed,1573
1299,1190400,9,1484,renamed,1491
1300,1190400,12,1613,renamed,1625
1301,1190400,11,1553,renamed,1562
1302,1190400,8,1507,renamed,1514
1303,1190400,3,1479,renamed,1485
1304,1200000,12,1603,renamed,1613
1305,1200000,13,1755,stored,
1306,1200000,10,1483,renamed,1457
1307,1200000,5,1392,renamed,1396
1308,1200000,8,1531,renamed,1507
1309,1200000,0,1202,renamed,1204
1310,1200000,12,1592,renamed,1603
1311,1200000,11,1544,renamed,1553
1312,1200000,6,1589,renamed,1599
1313,1200000,10,1477,renamed,1483
1314,1200000,11,1537,renamed,1544
1315,1200000,13,1770,renamed,1755
1316,1200000,12,1583,renamed,1592
1317,1200000,2,1398,renamed,1402
1318,1200000,7,1377,renamed,1348
1319,1209600,5,1419,renamed,1392
1320,1209600,3,1472,renamed,1479
1321,1209600,9,1477,renamed,1484
1322,1209600,10,1502,renamed,1477
1323,1209600,12,1572,renamed,1583
1324,1209600,8,1553,renamed,1531
1325,1209600,9,1469,renamed,1477
1326,1209600,10,1494,renamed,1502
1327,1209600,6,1578,renamed,1589
1328,1209600,3,1465,renamed,1472
1329,1209600,4,1431,renamed,1436
1330,1209600,12,1593,renamed,1572
1331,1209600,5,1414,renamed,1419
1332,1209600,13,1782,renamed,1770
1333,1219200,11,1528,renamed,1537
1334,1220000,13,1763,renamed,1782
1335,1220000,6,1599,renamed,1578
1336,1220000,10,1486,renamed,1494
1337,1220000,9,1462,renamed,1469
1338,1220000,12,1582,renamed,1593
1339,1220000,1,1585,renamed,1563
1340,1220000,4,1456,renamed,1431
1341,1220000,2,1393,renamed,1398
1342,1220000,11,1519,renamed,1528
1343,1220000,10,1478,renamed,1486
1344,1220000,8,1543,renamed,1553
1345,1228800,6,1588,renamed,1599
1346,1228800,12,1572,renamed,1582
1347,1228800,5,1409,renamed,1414
1348,1228800,7,1373,renamed,1377
1349,1228800,9,1457,renamed,1462
1350,1228800,10,1472,renamed,1478
1351,1228800,13,1777,renamed,1763
1352,1228800,0,1232,renamed,1202
1353,1228800,12,1562,renamed,1572
1354,1228800,11,1511,renamed,1519
1355,1228800,10,1466,renamed,1472
1356,1228800,4,1450,renamed,1456
1357,1228800,8,1535,renamed,1543
1358,1228800,7,1370,renamed,1373
1359,1228800,13,1760,renamed,1777
1360,1238400,3,1491,renamed,1465
1361,1238400,1,1576,renamed,1585
1362,1238400,12,1554,renamed,1562
1363,1240000,11,1505,renamed,1511
1364,1240000,10,1461,renamed,1466
1365,1240000,9,1452,renamed,1457
1366,1240000,11,1499,renamed,1505
1367,1240000,12,1547,renamed,1554
1368,1240000,3,1486,renamed,1491
1369,1240000,6,1580,renamed,1588
1370,1240000,13,1746,renamed,1760
1371,1240000,12,1541,renamed,1547
1372,1240000,7,1368,renamed,1370
1373,1240000,11,1495,renamed,1499
1374,1240000,10,1457,renamed,1461
1375,1240000,4,1447,renamed,1450
1376,1248000,8,1530,renamed,1535
1377,1248000,5,1406,renamed,1409
1378,1248000,13,1734,renamed,1746
1379,1248000,12,1536,renamed,1541
1380,1248000,9,1449,renamed,1452
1381,1248000,3,1514,renamed,1486
1382,1248000,4,1475,renamed,1447
1383,1248000,6,1573,renamed,1580
1384,1248000,1,1600,renamed,1576
1385,1248000,13,1721,renamed,1734
1386,1248000,11,1490,renamed,1495
1387,1248000,12,1530,renamed,1536
1388,1257600,10,1453,renamed,1457
1389,1257600,5,1403,renamed,1406
1390,1257600,1,1593,renamed,1600
1391,1257600,9,1446,renamed,1449
1392,1260000,8,1556,renamed,1530
1393,1260000,13,1739,renamed,1721
1394,1260000,7,1397,renamed,1368
1395,1260000,3,1507,renamed,1514
1396,1260000,12,1523,renamed,1530
1397,1260000,13,1725,renamed,1739
1398,1260000,8,1549,renamed,1556
1399,1260000,10,1449,renamed,1453
1400,1260000,5,1431,renamed,1403
1401,1260000,11,1516,renamed,1490
1402,1260000,9,1441,renamed,1446
1403,1267200,10,1444,renamed,1449
1404,1267200,3,1501,renamed,1507
1405,1267200,8,1541,renamed,1549
1406,1267200,14,1754,stored,
1407,1267200,11,1510,renamed,1516
1408,1267200,12,1517,renamed,1523
1409,1267200,5,1458,renamed,1431
1410,1267200,6,1564,renamed,1573
1411,1267200,9,1436,renamed,1441
1412,1267200,13,1711,renamed,1725
1413,1267200,3,1495,renamed,1501
1414,1267200,4,1470,renamed,1475
1415,1267200,12,1511,renamed,1517
1416,1267200,5,1454,renamed,1458
1417,1267200,14,1740,renamed,1754
1418,1276800,13,1700,renamed,1711
1419,1276800,4,1466,renamed,1470
1420,1276800,12,1538,renamed,1511
1421,1276800,1,1585,renamed,1593
1422,1276800,7,1394,renamed,1397
1423,1276800,8,1566,renamed,1541
1424,1276800,3,1490,renamed,1495
1425,1280000,14,1757,renamed,1740
1426,1280000,5,1449,renamed,1454
1427,1280000,1,1577,renamed,1585
1428,1280000,13,1688,renamed,1700
1429,1280000,0,1231,renamed,1232
1430,1280000,10,1440,renamed,1444
1431,1286400,8,1590,renamed,1566
1432,1286400,11,1535,renamed,1510
1433,1286400,14,1772,renamed,1757
1434,1286400,4,1460,renamed,1466
1435,1286400,13,1675,renamed,1688
1436,1286400,12,1562,renamed,1538
1437,1286400,11,1527,renamed,1535
1438,1286400,9,1431,renamed,1436
1439,1286400,2,1389,renamed,1393
1440,1286400,6,1556,renamed,1564
1441,1286400,1,1569,renamed,1577
1442,1286400,3,1484,renamed,1490
1443,1286400,8,1582,renamed,1590
1444,1286400,14,1757,renamed,1772
1445,1296000,13,1664,renamed,1675
1446,1296000,7,1391,renamed,1394
1447,1296000,5,1445,renamed,1449
1448,1296000,10,1468,renamed,1440
1449,1296000,6,1549,renamed,1556
1450,1296000,11,1521,renamed,1527
1451,1296000,14,1743,renamed,1757
1452,1300000,12,1556,renamed,1562
1453,1300000,13,1655,renamed,1664
1454,1300000,10,1464,renamed,1468
1455,1300000,9,1428,renamed,1431
1456,1300000,4,1457,renamed,1460
1457,1300000,14,1731,renamed,1743
1458,1300000,7,1389,renamed,1391
1459,1300000,8,1576,renamed,1582
1460,1305600,1,1595,renamed,1569
1461,1305600,14,1720,renamed,1731
1462,1305600,11,1517,renamed,1521
1463,1305600,5,1442,renamed,1445
1464,1305600,12,1551,renamed,1556
1465,1305600,13,1678,renamed,1655
1466,1305600,14,1709,renamed,1720
1467,1305600,1,1589,renamed,1595
1468,1305600,14,1699,renamed,1709
1469,1305600,11,1513,renamed,1517
1470,1305600,10,1461,renamed,1464
1471,1305600,4,1454,renamed,1457
1472,1305600,11,1509,renamed,1513
1473,1305600,12,1547,renamed,1551
1474,1305600,13,1670,renamed,1678
1475,1305600,9,1426,renamed,1428
1476,1305600,3,1481,renamed,1484
1477,1315200,1,1584,renamed,1589
1478,1315200,14,1691,renamed,1699
1479,1315200,6,1545,renamed,1549
1480,1315200,11,1506,renamed,1509
1481,1315200,13,1664,renamed,1670
1482,1315200,12,1544,renamed,1547
1483,1320000,10,1459,renamed,1461
1484,1320000,8,1572,renamed,1576
1485,1320000,14,1684,renamed,1691
1486,1320000,7,1388,renamed,1389
1487,1320000,10,1457,renamed,1459
1488,1320000,9,1424,renamed,1426
1489,1320000,13,1658,renamed,1664
1490,1324800,14,1678,renamed,1684
1491,1324800,5,1440,renamed,1442
1492,1324800,3,1479,renamed,1481
1493,1324800,11,1504,renamed,1506
1494,1324800,1,1581,renamed,1584
1495,1324800,6,1574,renamed,1545
1496,1324800,10,1455,renamed,1457
1497,1324800,14,1672,renamed,1678
1498,1324800,9,1422,renamed,1424
1499,1324800,12,1572,renamed,1544
1500,1324800,10,1453,renamed,1455
1501,1334400,13,1652,renamed,1658
1502,1334400,11,1533,renamed,1504
1503,1334400,8,1568,renamed,1572
1504,1334400,0,1230,renamed,1231
1505,1334400,13,1646,renamed,1652
1506,1334400,10,1482,renamed,1453
1507,1334400,15,1865,stored,
1508,1334400,6,1600,renamed,1574
1509,1334400,9,1419,renamed,1422
1510,1334400,12,1567,renamed,1572
1511,1334400,11,1529,renamed,1533
1512,1340000,14,1695,renamed,1672
1513,1340000,10,1478,renamed,1482
1514,1340000,11,1524,renamed,1529
1515,1340000,8,1563,renamed,1568
1516,1340000,2,1418,renamed,1389
1517,1340000,13,1637,renamed,1646
1518,1344000,12,1561,renamed,1567
1519,1344000,14,1685,renamed,1695
1520,1344000,15,1849,renamed,1865
1521,1344000,5,1437,renamed,1440
1522,1344000,10,1475,renamed,1478
1523,1344000,13,1630,renamed,1637
1524,1344000,6,1594,renamed,1600
1525,1344000,14,1677,renamed,1685
1526,1344000,9,1449,renamed,1419
1527,1344000,3,1476,renamed,1479
1528,1344000,11,1520,renamed,1524
1529,1344000,14,1669,renamed,1677
1530,1344000,8,1590,renamed,1563
1531,1353600,12,1556,renamed,1561
1532,1353600,13,1623,renamed,1630
1533,1353600,11,1516,renamed,1520
1534,1353600,15,1865,renamed,1849
1535,1353600,2,1415,renamed,1418
1536,1353600,6,1588,renamed,1594
1537,1353600,10,1472,renamed,1475
1538,1353600,15,1849,renamed,1865
1539,1353600,13,1617,renamed,1623
1540,1360000,12,1552,renamed,1556
1541,1360000,14,1662,renamed,1669
1542,1360000,15,1835,renamed,1849
1543,1360000,5,1435,renamed,1437
1544,1360000,1,1577,renamed,1581
1545,1360000,8,1586,renamed,1590
1546,1363200,9,1447,renamed,1449
1547,1363200,6,1584,renamed,1588
1548,1363200,1,1573,renamed,1577
1549,1363200,13,1644,renamed,1617
1550,1363200,15,1822,renamed,1835
1551,1363200,10,1470,renamed,1472
1552,1363200,14,1687,renamed,1662
1553,1363200,2,1413,renamed,1415
1554,1363200,7,1386,renamed,1388
1555,1363200,12,1548,renamed,1552
1556,1363200,13,1638,renamed,1644
1557,1363200,6,1580,renamed,1584
1558,1363200,14,1680,renamed,1687
1559,1363200,9,1445,renamed,1447
1560,1363200,15,1811,renamed,1822
1561,1372800,13,1633,renamed,1638
1562,1372800,5,1433,renamed,1435
1563,1372800,8,1614,renamed,1586
1564,1372800,2,1443,renamed,1413
1565,1372800,10,1467,renamed,1470
1566,1372800,12,1575,renamed,1548
1567,1372800,15,1797,renamed,1811
1568,1372800,3,1473,renamed,1476
1569,1372800,14,1703,renamed,1680
1570,1372800,10,1464,renamed,1467
1571,1372800,15,1814,renamed,1797
1572,1380000,6,1605,renamed,1580
1573,1380000,13,1655,renamed,1633
1574,1380000,12,1568,renamed,1575
1575,1382400,15,1797,renamed,1814
1576,1382400,11,1511,renamed,1516
1577,1382400,8,1606,renamed,1614
1578,1382400,0,1229,renamed,1230
1579,1382400,15,1783,renamed,1797
1580,1382400,9,1473,renamed,1445
1581,1382400,12,1562,renamed,1568
1582,1382400,5,1461,renamed,1433
1583,1382400,13,1645,renamed,1655
1584,1382400,14,1691,renamed,1703
1585,1382400,10,1460,renamed,1464
1586,1382400,11,1506,renamed,1511
1587,1382400,15,1769,renamed,1783
1588,1392000,13,1637,renamed,1645
1589,1392000,4,1451,renamed,1454
1590,1392000,14,1682,renamed,1691
1591,1392000,10,1457,renamed,1460
1592,1392000,9,1470,renamed,1473
1593,1392000,12,1557,renamed,1562
1594,1392000,11,1502,renamed,1506
1595,1392000,14,1674,renamed,1682
1596,1392000,5,1458,renamed,1461
1597,1392000,12,1553,renamed,1557
1598,1392000,4,1449,renamed,1451
1599,1392000,15,1758,renamed,1769
1600,1392000,8,1601,renamed,1606
1601,1400000,14,1667,renamed,1674
1602,1400000,6,1600,renamed,1605
1603,1401600,15,1780,renamed,1758
1604,1401600,11,1499,renamed,1502
1605,1401600,7,1384,renamed,1386
1606,1401600,12,1549,renamed,1553
1607,1401600,10,1455,renamed,1457
1608,1401600,16,1897,stored,
1609,1401600,3,1470,renamed,1473
1610,1401600,13,1662,renamed,1637
1611,1401600,15,1769,renamed,1780
1612,1401600,9,1467,renamed,1470
1613,1401600,2,1472,renamed,1443
1614,1401600,14,1659,renamed,1667
1615,1401600,4,1446,renamed,1449
1616,1401600,8,1596,renamed,1601
1617,1401600,11,1496,renamed,1499
1618,1401600,0,1228,renamed,1229
1619,1401600,16,1881,renamed,1897
1620,1411200,15,1759,renamed,1769
1621,1411200,12,1545,renamed,1549
1622,1411200,13,1656,renamed,1662
1623,1411200,3,1499,renamed,1470
1624,1411200,1,1569,renamed,1573
1625,1411200,6,1595,renamed,1600
1626,1411200,14,1653,renamed,1659
1627,1411200,16,1867,renamed,1881
1628,1411200,16,1854,renamed,1867
1629,1411200,12,1573,renamed,1545
1630,1420000,15,1750,renamed,1759
1631,1420800,3,1528,renamed,1499
1632,1420800,8,1591,renamed,1596
1633,1420800,15,1740,renamed,1750
1634,1420800,13,1650,renamed,1656
1635,1420800,1,1565,renamed,1569
1636,1420800,16,1841,renamed,1854
1637,1420800,11,1493,renamed,1496
1638,1420800,4,1444,renamed,1446
1639,1420800,10,1453,renamed,1455
1640,1420800,2,1470,renamed,1472
1641,1420800,15,1732,renamed,1740
1642,1420800,9,1465,renamed,1467
1643,1420800,11,1491,renamed,1493
1644,1420800,14,1648,renamed,1653
1645,1430400,7,1383,renamed,1384
1646,1430400,13,1676,renamed,1650
1647,1430400,15,1724,renamed,1732
1648,1430400,16,1860,renamed,1841
1649,1430400,4,1442,renamed,1444
1650,1430400,11,1488,renamed,1491
1651,1430400,1,1593,renamed,1565
1652,1430400,13,1669,renamed,1676
1653,1430400,12,1569,renamed,1573
1654,1430400,14,1642,renamed,1648
1655,1430400,13,1694,renamed,1669
1656,1430400,15,1715,renamed,1724
1657,1430400,16,1846,renamed,1860
1658,1440000,7,1381,renamed,1383
1659,1440000,2,1468,renamed,1470
1660,1440000,11,1485,renamed,1488
1661,1440000,0,1259,renamed,1228
1662,1440000,14,1636,renamed,1642
1663,1440000,16,1863,renamed,1846
1664,1440000,11,1482,renamed,1485
1665,1440000,13,1717,renamed,1694
1666,1440000,14,1629,renamed,1636
1667,1440000,15,1736,renamed,1715
1668,1440000,16,1846,renamed,1863
1669,1440000,9,1462,renamed,1465
1670,1440000,10,1450,renamed,1453
1671,1449600,16,1831,renamed,1846
1672,1449600,6,1590,renamed,1595
1673,1449600,12,1596,renamed,1569
1674,1449600,15,1725,renamed,1736
1675,1449600,5,1455,renamed,1458
1676,1449600,13,1708,renamed,1717
1677,1449600,14,1654,renamed,1629
1678,1449600,11,1479,renamed,1482
1679,1449600,16,1817,renamed,1831
1680,1449600,12,1591,renamed,1596
1681,1449600,10,1447,renamed,1450
1682,1449600,13,1699,renamed,1708
1683,1449600,5,1453,renamed,1455
1684,1449600,4,1440,renamed,1442
1685,1449600,15,1716,renamed,1725
1686,1449600,14,1648,renamed,1654
1687,1449600,16,1805,renamed,1817
1688,1449600,3,1525,renamed,1528
1689,1459200,6,1586,renamed,1590
1690,1460000,12,1587,renamed,1591
1691,1460000,13,1692,renamed,1699
1692,1460000,1,1589,renamed,1593
1693,1460000,15,1709,renamed,1716
1694,1460000,12,1583,renamed,1587
1695,1460000,7,1380,renamed,1381
1696,1460000,8,1587,renamed,1591
1697,1460000,14,1643,renamed,1648
1698,1460000,16,1796,renamed,1805
1699,1460000,13,1687,renamed,1692
1700,1468800,14,1639,renamed,1643
1701,1468800,15,1703,renamed,1709
1702,1468800,3,1523,renamed,1525
1703,1468800,6,1583,renamed,1586
1704,1468800,7,1379,renamed,1380
1705,1468800,4,1439,renamed,1440
1706,1468800,16,1819,renamed,1796
1707,1468800,1,1586,renamed,1589
1708,1468800,11,1477,renamed,1479
1709,1468800,17,1970,stored,
1710,1468800,15,1729,renamed,1703
1711,1468800,10,1445,renamed,1447
1712,1468800,13,1681,renamed,1687
1713,1468800,14,1635,renamed,1639
1714,1478400,12,1580,renamed,1583
1715,1478400,2,1498,renamed,1468
1716,1478400,17,1953,renamed,1970
1717,1480000,16,1809,renamed,1819
1718,1480000,3,1521,renamed,1523
1719,1480000,13,1676,renamed,1681
1720,1480000,15,1723,renamed,1729
1721,1480000,14,1662,renamed,1635
1722,1480000,1,1614,renamed,1586
1723,1480000,17,1936,renamed,1953
1724,1480000,2,1527,renamed,1498
1725,1480000,4,1437,renamed,1439
1726,1480000,17,1919,renamed,1936
1727,1480000,15,1716,renamed,1723
1728,1480000,14,1657,renamed,1662
1729,1488000,8,1583,renamed,1587
1730,1488000,16,1830,renamed,1809
1731,1488000,13,1670,renamed,1676
1732,1488000,15,1709,renamed,1716
1733,1488000,16,1819,renamed,1830
1734,1488000,7,1378,renamed,1379
1735,1488000,17,1935,renamed,1919
1736,1488000,1,1610,renamed,1614
1737,1488000,12,1576,renamed,1580
1738,1488000,14,1652,renamed,1657
1739,1488000,15,1703,renamed,1709
1740,1497600,11,1475,renamed,1477
1741,1497600,5,1451,renamed,1453
1742,1497600,13,1665,renamed,1670
1743,1500000,16,1809,renamed,1819
1744,1500000,17,1921,renamed,1935
1745,1500000,14,1679,renamed,1652
1746,1500000,15,1697,renamed,1703
1747,1500000,10,1443,renamed,1445
1748,1500000,1,1638,renamed,1610
1749,1500000,8,1579,renamed,1583
1750,1500000,13,1660,renamed,1665
1751,1500000,17,1937,renamed,1921
1752,1500000,15,1690,renamed,1697
1753,1500000,3,1550,renamed,1521
1754,1507200,4,1435,renamed,1437
1755,1507200,16,1798,renamed,1809
1756,1507200,13,1654,renamed,1660
1757,1507200,14,1673,renamed,1679
1758,1507200,5,1449,renamed,1451
1759,1507200,17,1921,renamed,1937
1760,1507200,16,1789,renamed,1798
1761,1507200,8,1607,renamed,1579
1762,1507200,1,1633,renamed,1638
1763,1507200,14,1698,renamed,1673
1764,1507200,15,1714,renamed,1690
1765,1507200,13,1678,renamed,1654
1766,1507200,12,1571,renamed,1576
1767,1516800,11,1472,renamed,1475
1768,1516800,17,1903,renamed,1921
1769,1516800,16,1778,renamed,1789
1770,1516800,15,1706,renamed,1714
1771,1520000,13,1671,renamed,1678
1772,1520000,14,1691,renamed,1698
1773,1520000,8,1603,renamed,1607
1774,1520000,1,1659,renamed,1633
1775,1520000,15,1698,renamed,1706
1776,1520000,17,1918,renamed,1903
1777,1520000,7,1376,renamed,1378
1778,1520000,12,1567,renamed,1571
1779,1520000,16,1768,renamed,1778
1780,1526400,11,1470,renamed,1472
1781,1526400,15,1691,renamed,1698
1782,1526400,3,1547,renamed,1550
1783,1526400,14,1684,renamed,1691
1784,1526400,13,1665,renamed,1671
1785,1526400,17,1903,renamed,1918
1786,1526400,1,1654,renamed,1659
1787,1526400,16,1760,renamed,1768
1788,1526400,6,1580,renamed,1583
1789,1526400,14,1679,renamed,1684
1790,1526400,7,1407,renamed,1376
1791,1526400,12,1564,renamed,1567
1792,1526400,13,1691,renamed,1665
1793,1536000,16,1751,renamed,1760
1794,1536000,1,1649,renamed,1654
1795,1536000,15,1685,renamed,1691
1796,1536000,14,1673,renamed,1679
1797,1540000,9,1460,renamed,1462
1798,1540000,13,1685,renamed,1691
1799,1540000,12,1561,renamed,1564
1800,1540000,17,1890,renamed,1903
1801,1540000,4,1434,renamed,1435
1802,1540000,2,1556,renamed,1527
1803,1540000,14,1667,renamed,1673
1804,1540000,7,1437,renamed,1407
1805,1540000,16,1773,renamed,1751
1806,1540000,12,1557,renamed,1561
1807,1540000,17,1875,renamed,1890
1808,1545600,1,1643,renamed,1649
1809,1545600,15,1679,renamed,1685
1810,1545600,18,1922,stored,
1811,1545600,14,1661,renamed,1667
1812,1545600,9,1458,renamed,1460
1813,1545600,11,1468,renamed,1470
1814,1545600,13,1679,renamed,1685
1815,1545600,2,1584,renamed,1556
1816,1545600,16,1763,renamed,1773
1817,1545600,15,1704,renamed,1679
1818,1545600,10,1441,renamed,1443
1819,1545600,14,1655,renamed,1661
1820,1545600,17,1861,renamed,1875
1821,1545600,1,1638,renamed,1643
1822,1545600,18,1907,renamed,1922
1823,1545600,17,1880,renamed,1861
1824,1555200,13,1673,renamed,1679
1825,1555200,15,1697,renamed,1704
1826,1555200,16,1755,renamed,1763
1827,1555200,2,1580,renamed,1584
1828,1555200,18,1893,renamed,1907
1829,1555200,11,1466,renamed,1468
1830,1555200,1,1634,renamed,1638
1831,1560000,14,1651,renamed,1655
1832,1560000,3,1544,renamed,1547
1833,1560000,17,1869,renamed,1880
1834,1560000,16,1748,renamed,1755
1835,1560000,13,1669,renamed,1673
1836,1560000,15,1692,renamed,1697
1837,1564800,17,1859,renamed,1869
1838,1564800,9,1457,renamed,1458
1839,1564800,18,1883,renamed,1893
1840,1564800,7,1436,renamed,1437
1841,1564800,8,1600,renamed,1603
1842,1564800,1,1662,renamed,1634
1843,1564800,18,1873,renamed,1883
1844,1564800,14,1679,renamed,1651
1845,1564800,13,1665,renamed,1669
1846,1564800,16,1773,renamed,1748
1847,1564800,17,1848,renamed,1859
1848,1564800,3,1542,renamed,1544
1849,1574400,4,1433,renamed,1434
1850,1574400,17,1838,renamed,1848
1851,1574400,1,1658,renamed,1662
1852,1574400,16,1766,renamed,1773
1853,1574400,17,1860,renamed,1838
1854,1574400,9,1455,renamed,1457
1855,1574400,15,1718,renamed,1692
1856,1574400,18,1861,renamed,1873
1857,1574400,2,1577,renamed,1580
1858,1580000,16,1789,renamed,1766
1859,1580000,14,1673,renamed,1679
1860,1580000,13,1660,renamed,1665
1861,1580000,15,1743,renamed,1718
1862,1580000,17,1848,renamed,1860
1863,1580000,1,1653,renamed,1658
1864,1580000,16,1780,renamed,1789
1865,1584000,6,1577,renamed,1580
1866,1584000,18,1850,renamed,1861
1867,1584000,10,1440,renamed,1441
1868,1584000,14,1668,renamed,1673
1869,1584000,15,1737,renamed,1743
1870,1584000,12,1554,renamed,1557
1871,1584000,13,1656,renamed,1660
1872,1584000,16,1773,renamed,1780
1873,1584000,1,1649,renamed,1653
1874,1584000,17,1870,renamed,1848
1875,1584000,14,1663,renamed,1668
1876,1584000,9,1454,renamed,1455
1877,1593600,13,1683,renamed,1656
1878,1593600,8,1628,renamed,1600
1879,1593600,18,1838,renamed,1850
1880,1593600,17,1888,renamed,1870
1881,1593600,15,1760,renamed,1737
1882,1593600,10,1438,renamed,1440
1883,1593600,12,1550,renamed,1554
1884,1593600,16,1763,renamed,1773
1885,1593600,5,1447,renamed,1449
1886,1600000,13,1708,renamed,1683
1887,1600000,18,1856,renamed,1838
1888,1600000,17,1872,renamed,1888
1889,1600000,16,1753,renamed,1763
1890,1600000,14,1688,renamed,1663
1891,1603200,4,1462,renamed,1433
1892,1603200,9,1451,renamed,1454
1893,1603200,15,1748,renamed,1760
1894,1603200,1,1673,renamed,1649
1895,1603200,14,1679,renamed,1688
1896,1603200,13,1698,renamed,1708
1897,1603200,18,1841,renamed,1856
1898,1603200,2,1572,renamed,1577
1899,1603200,17,1857,renamed,1872
1900,1603200,15,1739,renamed,1748
1901,1603200,13,1691,renamed,1698
1902,1603200,16,1775,renamed,1753
1903,1603200,12,1546,renamed,1550
1904,1603200,18,1828,renamed,1841
1905,1612800,16,1765,renamed,1775
1906,1612800,13,1684,renamed,1691
1907,1612800,17,1875,renamed,1857
1908,1612800,14,1672,renamed,1679
1909,1612800,15,1731,renamed,1739
1910,1612800,1,1698,renamed,1673
1911,1612800,19,1891,stored,
1912,1612800,17,1860,renamed,1875
1913,1612800,18,1816,renamed,1828
1914,1612800,16,1756,renamed,1765
1915,1612800,8,1623,renamed,1628
1916,1620000,15,1724,renamed,1731
1917,1620000,4,1492,renamed,1462
1918,1620000,14,1697,renamed,1672
1919,1622400,1,1690,renamed,1698
1920,1622400,19,1876,renamed,1891
1921,1622400,13,1708,renamed,1684
1922,1622400,6,1572,renamed,1577
1923,1622400,18,1804,renamed,1816
1924,1622400,16,1747,renamed,1756
1925,1622400,17,1847,renamed,1860
1926,1622400,14,1690,renamed,1697
1927,1622400,19,1863,renamed,1876
1928,1622400,15,1717,renamed,1724
1929,1622400,18,1795,renamed,1804
1930,1622400,4,1490,renamed,1492
1931,1622400,12,1543,renamed,1546
1932,1622400,1,1685,renamed,1690
1933,1622400,16,1740,renamed,1747
1934,1632000,17,1837,renamed,1847
1935,1632000,2,1601,renamed,1572
1936,1632000,3,1539,renamed,1542
1937,1632000,15,1711,renamed,1717
1938,1632000,19,1852,renamed,1863
1939,1632000,18,1787,renamed,1795
1940,1632000,12,1541,renamed,1543
1941,1632000,16,1765,renamed,1740
1942,1632000,14,1685,renamed,1690
1943,1640000,13,1702,renamed,1708
1944,1640000,19,1842,renamed,1852
1945,1640000,15,1706,renamed,1711
1946,1640000,17,1859,renamed,1837
1947,1641600,1,1711,renamed,1685
1948,1641600,9,1449,renamed,1451
1949,1641600,6,1569,renamed,1572
1950,1641600,4,1488,renamed,1490
1951,1641600,17,1848,renamed,1859
1952,1641600,16,1757,renamed,1765
1953,1641600,19,1832,renamed,1842
1954,1641600,1,1706,renamed,1711
1955,1641600,17,1838,renamed,1848
1956,1641600,18,1780,renamed,1787
1957,1641600,16,1751,renamed,1757
1958,1641600,14,1681,renamed,1685
1959,1641600,8,1620,renamed,1623
1960,1641600,13,1729,renamed,1702
1961,1651200,15,1701,renamed,1706
1962,1651200,1,1701,renamed,1706
1963,1651200,17,1829,renamed,1838
1964,1651200,19,1824,renamed,1832
1965,1651200,9,1448,renamed,1449
1966,1651200,5,1478,renamed,1447
1967,1651200,10,1437,renamed,1438
1968,1651200,8,1617,renamed,1620
1969,1651200,18,1773,renamed,1780
1970,1651200,1,1696,renamed,1701
1971,1660800,16,1745,renamed,1751
1972,1660800,17,1821,renamed,1829
1973,1660800,19,1816,renamed,1824
1974,1660800,13,1724,renamed,1729
1975,1660800,15,1697,renamed,1701
1976,1660800,14,1677,renamed,1681
1977,1660800,11,1465,renamed,1466
1978,1660800,15,1693,renamed,1697
1979,1660800,8,1615,renamed,1617
1980,1660800,17,1845,renamed,1821
1981,1660800,18,1767,renamed,1773
1982,1660800,16,1740,renamed,1745
1983,1660800,5,1477,renamed,1478
1984,1660800,15,1720,renamed,1693
1985,1660800,19,1808,renamed,1816
1986,1660800,14,1673,renamed,1677
1987,1670400,10,1436,renamed,1437
1988,1670400,11,1464,renamed,1465
1989,1670400,18,1761,renamed,1767
1990,1670400,13,1719,renamed,1724
1991,1670400,1,1692,renamed,1696
1992,1670400,15,1716,renamed,1720
1993,1670400,19,1802,renamed,1808
1994,1670400,17,1869,renamed,1845
1995,1670400,16,1766,renamed,1740
1996,1670400,2,1598,renamed,1601
1997,1670400,11,1463,renamed,1464
1998,1670400,13,1714,renamed,1719
1999,1670400,19,1795,renamed,1802
2000,1670400,18,1755,renamed,1761
2001,1680000,15,1743,renamed,1716
2002,1680000,17,1859,renamed,1869
2003,1680000,3,1537,renamed,1539
2004,1680000,7,1467,renamed,1436
2005,1680000,16,1790,renamed,1766
2006,1680000,19,1786,renamed,1795
2007,1680000,2,1594,renamed,1598
2008,1680000,9,1446,renamed,1448
2009,1680000,4,1518,renamed,1488
2010,1680000,14,1698,renamed,1673
2011,1680000,20,1907,stored,
2012,1680000,6,1596,renamed,1569
2013,1680000,1,1684,renamed,1692
2014,1689600,17,1845,renamed,1859
2015,1689600,18,1746,renamed,1755
2016,1689600,20,1922,renamed,1907
2017,1689600,13,1706,renamed,1714
2018,1689600,19,1776,renamed,1786
2019,1689600,9,1476,renamed,1446
2020,1689600,18,1736,renamed,1746
2021,1689600,16,1810,renamed,1790
2022,1689600,14,1690,renamed,1698
2023,1689600,13,1698,renamed,1706
2024,1689600,17,1862,renamed,1845
2025,1689600,15,1733,renamed,1743
2026,1689600,19,1765,renamed,1776
2027,1689600,7,1465,renamed,1467
2028,1689600,4,1515,renamed,1518
2029,1689600,18,1727,renamed,1736
2030,1699200,19,1756,renamed,1765
2031,1699200,20,1907,renamed,1922
2032,1700000,16,1800,renamed,1810
2033,1700000,6,1592,renamed,1596
2034,1700000,13,1692,renamed,1698
2035,1700000,17,1851,renamed,1862
2036,1700000,15,1727,renamed,1733
2037,1700000,18,1721,renamed,1727
2038,1700000,19,1749,renamed,1756
2039,1700000,17,1841,renamed,1851
2040,1700000,8,1612,renamed,1615
2041,1700000,20,1896,renamed,1907
2042,1700000,15,1753,renamed,1727
2043,1700000,16,1792,renamed,1800
2044,1708800,14,1685,renamed,1690
2045,1708800,1,1680,renamed,1684
2046,1708800,18,1716,renamed,1721
2047,1708800,13,1688,renamed,1692
2048,1708800,10,1467,renamed,1436
2049,1708800,19,1743,renamed,1749
2050,1708800,20,1885,renamed,1896
2051,1708800,14,1681,renamed,1685
2052,1708800,17,1832,renamed,1841
2053,1708800,13,1684,renamed,1688
2054,1708800,15,1779,renamed,1753
2055,1708800,18,1711,renamed,1716
2056,1708800,17,1823,renamed,1832
2057,1718400,16,1785,renamed,1792
2058,1718400,1,1676,renamed,1680
2059,1718400,20,1875,renamed,1885
2060,1718400,19,1738,renamed,1743
2061,1720000,10,1466,renamed,1467
2062,1720000,15,1773,renamed,1779
2063,1720000,20,1866,renamed,1875
2064,1720000,17,1816,renamed,1823
2065,1720000,13,1681,renamed,1684
2066,1720000,18,1707,renamed,1711
2067,1720000,3,1536,renamed,1537
2068,1720000,7,1464,renamed,1465
2069,1720000,16,1780,renamed,1785
2070,1728000,8,1610,renamed,1612
2071,1728000,18,1704,renamed,1707
2072,1728000,20,1859,renamed,1866
2073,1728000,1,1673,renamed,1676
2074,1728000,19,1734,renamed,1738
2075,1728000,6,1590,renamed,1592
2076,1728000,16,1776,renamed,1780
2077,1728000,15,1769,renamed,1773
2078,1728000,2,1592,renamed,1594
2079,1728000,17,1811,renamed,1816
2080,1728000,18,1701,renamed,1704
2081,1728000,14,1679,renamed,1681
2082,1728000,20,1853,renamed,1859
2083,1728000,10,1465,renamed,1466
2084,1737600,19,1731,renamed,1734
2085,1737600,9,1475,renamed,1476
2086,1737600,17,1807,renamed,1811
2087,1740000,20,1848,renamed,1853
2088,1740000,1,1703,renamed,1673
2089,1740000,17,1833,renamed,1807
2090,1740000,12,1571,renamed,1541
2091,1740000,16,1802,renamed,1776
2092,1740000,14,1675,renamed,1679
2093,1740000,18,1697,renamed,1701
2094,1740000,19,1726,renamed,1731
2095,1740000,15,1763,renamed,1769
2096,1740000,20,1840,renamed,1848
2097,1747200,3,1534,renamed,1536
2098,1747200,19,1722,renamed,1726
2099,1747200,18,1693,renamed,1697
2100,1747200,15,1758,renamed,1763
2101,1747200,17,1857,renamed,1833
2102,1747200,10,1464,renamed,1465
2103,1747200,5,1476,renamed,1477
2104,1747200,8,1608,renamed,1610
2105,1747200,16,1796,renamed,1802
2106,1747200,15,1753,renamed,1758
2107,1747200,20,1833,renamed,1840
2108,1747200,12,1601,renamed,1571
2109,1756800,19,1717,renamed,1722
2110,1756800,17,1880,renamed,1857
2111,1756800,18,1689,renamed,1693
2112,1756800,21,2014,stored,
2113,1756800,14,1671,renamed,1675
2114,1756800,6,1588,renamed,1590
2115,1756800,16,1789,renamed,1796
2116,1760000,15,1748,renamed,1753
2117,1760000,4,1513,renamed,1515
2118,1760000,3,1532,renamed,1534
2119,1760000,8,1606,renamed,1608
2120,1760000,1,1699,renamed,1703
2121,1760000,20,1826,renamed,1833
2122,1760000,21,2000,renamed,2014
2123,1760000,17,1872,renamed,1880
2124,1766400,5,1475,renamed,1476
2125,1766400,16,1784,renamed,1789
2126,1766400,15,1775,renamed,1748
2127,1766400,9,1506,renamed,1475
2128,1766400,19,1712,renamed,1717
2129,1766400,17,1863,renamed,1872
2130,1766400,20,1819,renamed,1826
2131,1766400,18,1717,renamed,1689
2132,1766400,15,1800,renamed,1775
2133,1766400,21,2015,renamed,2000
2134,1766400,16,1776,renamed,1784
2135,1766400,17,1853,renamed,1863
2136,1766400,19,1707,renamed,1712
2137,1766400,3,1530,renamed,1532
2138,1776000,13,1677,renamed,1681
2139,1776000,14,1667,renamed,1671
2140,1776000,15,1824,renamed,1800
2141,1776000,18,1743,renamed,1717
2142,1776000,21,1997,renamed,2015
2143,1776000,20,1810,renamed,1819
2144,1780000,1,1694,renamed,1699
2145,1780000,3,1528,renamed,1530
2146,1780000,13,1673,renamed,1677
2147,1780000,21,1982,renamed,1997
2148,1780000,19,1702,renamed,1707
2149,1780000,5,1474,renamed,1475
2150,1780000,12,1598,renamed,1601
2151,1780000,20,1803,renamed,1810
2152,1785600,13,1669,renamed,1673
2153,1785600,19,1698,renamed,1702
2154,1785600,18,1738,renamed,1743
2155,1785600,16,1770,renamed,1776
2156,1785600,15,1817,renamed,1824
2157,1785600,21,2000,renamed,1982
2158,1785600,11,1494,renamed,1463
2159,1785600,19,1693,renamed,1698
2160,1785600,21,1985,renamed,2000
2161,1785600,14,1663,renamed,1667
2162,1785600,20,1827,renamed,1803
2163,1785600,16,1764,renamed,1770
2164,1785600,1,1690,renamed,1694
2165,1785600,18,1764,renamed,1738
2166,1795200,3,1526,renamed,1528
2167,1795200,13,1665,renamed,1669
2168,1795200,8,1634,renamed,1606
2169,1795200,21,1999,renamed,1985
2170,1795200,19,1687,renamed,1693
2171,1795200,18,1756,renamed,1764
2172,1795200,15,1808,renamed,1817
2173,1795200,20,1818,renamed,1827
2174,1800000,17,1843,renamed,1853
2175,1800000,13,1661,renamed,1665
2176,1800000,16,1758,renamed,1764
2177,1800000,14,1659,renamed,1663
2178,1800000,18,1781,renamed,1756
2179,1800000,19,1682,renamed,1687
2180,1800000,9,1536,renamed,1506
2181,1804800,6,1616,renamed,1588
2182,1804800,20,1838,renamed,1818
2183,1804800,7,1462,renamed,1464
2184,1804800,16,1749,renamed,1758
2185,1804800,21,1980,renamed,1999
2186,1804800,10,1462,renamed,1464
2187,1804800,17,1863,renamed,1843
2188,1804800,18,1802,renamed,1781
2189,1804800,6,1611,renamed,1616
2190,1804800,15,1797,renamed,1808
2191,1804800,21,1962,renamed,1980
2192,1804800,19,1676,renamed,1682
2193,1814400,20,1827,renamed,1838
2194,1814400,17,1852,renamed,1863
2195,1814400,9,1534,renamed,1536
2196,1814400,4,1511,renamed,1513
2197,1814400,15,1819,renamed,1797
2198,1814400,13,1656,renamed,1661
2199,1814400,18,1793,renamed,1802
2200,1814400,20,1817,renamed,1827
2201,1814400,21,1947,renamed,1962
2202,1814400,19,1671,renamed,1676
2203,1820000,21,1934,renamed,1947
2204,1820000,17,1843,renamed,1852
2205,1820000,20,1809,renamed,1817
2206,1820000,1,1686,renamed,1690
2207,1824000,12,1596,renamed,1598
2208,1824000,2,1621,renamed,1592
2209,1824000,21,1952,renamed,1934
2210,1824000,19,1698,renamed,1671
2211,1824000,16,1742,renamed,1749
2212,1824000,18,1815,renamed,1793
2213,1824000,22,1936,stored,
2214,1824000,15,1809,renamed,1819
2215,1824000,4,1540,renamed,1511
2216,1824000,6,1606,renamed,1611
2217,1824000,21,1935,renamed,1952
2218,1824000,9,1531,renamed,1534
2219,1824000,2,1648,renamed,1621
2220,1824000,17,1831,renamed,1843
2221,1824000,1,1680,renamed,1686
2222,1833600,20,1830,renamed,1809
2223,1833600,22,1920,renamed,1936
2224,1833600,19,1723,renamed,1698
2225,1833600,20,1818,renamed,1830
2226,1833600,15,1798,renamed,1809
2227,1833600,16,1734,renamed,1742
2228,1833600,20,1808,renamed,1818
2229,1833600,18,1805,renamed,1815
2230,1833600,22,1906,renamed,1920
2231,1833600,19,1717,renamed,1723
2232,1833600,8,1662,renamed,1634
2233,1840000,17,1821,renamed,1831
2234,1840000,15,1789,renamed,1798
2235,1840000,22,1893,renamed,1906
2236,1840000,21,1922,renamed,1935
2237,1840000,20,1800,renamed,1808
2238,1840000,16,1729,renamed,1734
2239,1843200,17,1813,renamed,1821
2240,1843200,18,1798,renamed,1805
2241,1843200,20,1793,renamed,1800
2242,1843200,19,1713,renamed,1717
2243,1843200,22,1884,renamed,1893
2244,1843200,14,1687,renamed,1659
2245,1843200,6,1603,renamed,1606
2246,1843200,21,1911,renamed,1922
2247,1843200,9,1529,renamed,1531
2248,1843200,17,1837,renamed,1813
2249,1843200,19,1708,renamed,1713
2250,1843200,22,1874,renamed,1884
2251,1852800,21,1931,renamed,1911
2252,1852800,13,1684,renamed,1656
2253,1852800,8,1658,renamed,1662
2254,1852800,20,1785,renamed,1793
2255,1852800,16,1723,renamed,1729
2256,1852800,1,1707,renamed,1680
2257,1852800,18,1789,renamed,1798
2258,1852800,22,1894,renamed,1874
2259,1852800,15,1780,renamed,1789
2260,1852800,19,1702,renamed,1708
2261,1852800,14,1713,renamed,1687
2262,1852800,18,1780,renamed,1789
2263,1852800,8,1653,renamed,1658
2264,1852800,21,1917,renamed,1931
2265,1860000,17,1827,renamed,1837
2266,1860000,22,1882,renamed,1894
2267,1860000,15,1773,renamed,1780
2268,1862400,19,1697,renamed,1702
2269,1862400,1,1702,renamed,1707
2270,1862400,18,1804,renamed,1780
2271,1862400,20,1778,renamed,1785
2272,1862400,3,1524,renamed,1526
2273,1862400,17,1849,renamed,1827
2274,1862400,19,1692,renamed,1697
2275,1862400,21,1904,renamed,1917
2276,1862400,16,1717,renamed,1723
2277,1862400,22,1872,renamed,1882
2278,1862400,2,1644,renamed,1648
2279,1862400,18,1797,renamed,1804
2280,1862400,20,1803,renamed,1778
2281,1862400,14,1708,renamed,1713
2282,1872000,8,1681,renamed,1653
2283,1872000,21,1892,renamed,1904
2284,1872000,22,1861,renamed,1872
2285,1872000,19,1687,renamed,1692
2286,1872000,14,1703,renamed,1708
2287,1872000,21,1881,renamed,1892
2288,1872000,22,1852,renamed,1861
2289,1872000,3,1522,renamed,1524
2290,1872000,4,1538,renamed,1540
2291,1872000,13,1680,renamed,1684
2292,1872000,17,1872,renamed,1849
2293,1880000,19,1683,renamed,1687
2294,1880000,20,1796,renamed,1803
2295,1881600,16,1712,renamed,1717
2296,1881600,6,1600,renamed,1603
2297,1881600,15,1798,renamed,1773
2298,1881600,22,1843,renamed,1852
2299,1881600,21,1871,renamed,1881
2300,1881600,13,1676,renamed,1680
2301,1881600,14,1699,renamed,1703
2302,1881600,22,1835,renamed,1843
2303,1881600,15,1792,renamed,1798
2304,1881600,19,1680,renamed,1683
2305,1881600,20,1821,renamed,1796
2306,1881600,6,1597,renamed,1600
2307,1881600,21,1862,renamed,1871
2308,1881600,18,1822,renamed,1797
2309,1881600,17,1862,renamed,1872
2310,1891200,9,1559,renamed,1529
2311,1891200,22,1826,renamed,1835
2312,1891200,2,1672,renamed,1644
2313,1891200,23,1968,stored,
2314,1891200,20,1812,renamed,1821
2315,1891200,16,1706,renamed,1712
2316,1891200,18,1813,renamed,1822
2317,1891200,19,1676,renamed,1680
2318,1891200,23,1954,renamed,1968
2319,1891200,21,1853,renamed,1862
2320,1891200,9,1557,renamed,1559
2321,1891200,14,1695,renamed,1699
2322,1891200,2,1668,renamed,1672
2323,1900000,22,1850,renamed,1826
2324,1900000,23,1941,renamed,1954
2325,1900800,20,1805,renamed,1812
2326,1900800,17,1853,renamed,1862
2327,1900800,19,1673,renamed,1676
2328,1900800,14,1691,renamed,1695
2329,1900800,18,1838,renamed,1813
2330,1900800,23,1929,renamed,1941
2331,1900800,16,1702,renamed,1706
2332,1900800,21,1876,renamed,1853
2333,1900800,22,1841,renamed,1850
2334,1900800,20,1798,renamed,1805
2335,1900800,8,1677,renamed,1681
2336,1900800,23,1918,renamed,1929
2337,1900800,17,1845,renamed,1853
2338,1910400,19,1670,renamed,1673
2339,1910400,9,1555,renamed,1557
2340,1910400,13,1673,renamed,1676
2341,1910400,16,1698,renamed,1702
2342,1910400,21,1868,renamed,1876
2343,1910400,8,1674,renamed,1677
2344,1910400,23,1909,renamed,1918
2345,1910400,15,1787,renamed,1792
2346,1910400,22,1835,renamed,1841
2347,1910400,3,1521,renamed,1522
2348,1910400,20,1793,renamed,1798
2349,1910400,19,1699,renamed,1670
2350,1910400,21,1861,renamed,1868
2351,1910400,14,1688,renamed,1691
2352,1910400,23,1901,renamed,1909
2353,1920000,18,1832,renamed,1838
2354,1920000,22,1829,renamed,1835
2355,1920000,16,1695,renamed,1698
2356,1920000,15,1783,renamed,1787
2357,1920000,20,1789,renamed,1793
2358,1920000,23,1894,renamed,1901
2359,1920000,21,1855,renamed,1861
2360,1920000,2,1698,renamed,1668
2361,1920000,1,1699,renamed,1702
2362,1920000,3,1552,renamed,1521
2363,1920000,17,1838,renamed,1845
2364,1929600,20,1784,renamed,1789
2365,1929600,22,1823,renamed,1829
2366,1929600,19,1696,renamed,1699
2367,1929600,23,1886,renamed,1894
2368,1929600,8,1671,renamed,1674
2369,1929600,21,1880,renamed,1855
2370,1929600,16,1723,renamed,1695
2371,1929600,17,1831,renamed,1838
2372,1929600,23,1878,renamed,1886
2373,1929600,18,1857,renamed,1832
2374,1929600,22,1816,renamed,1823
2375,1929600,13,1670,renamed,1673
2376,1929600,2,1694,renamed,1698
2377,1929600,23,1870,renamed,1878
2378,1939200,21,1872,renamed,1880
2379,1940000,20,1779,renamed,1784
2380,1940000,1,1696,renamed,1699
2381,1940000,22,1810,renamed,1816
2382,1940000,11,1493,renamed,1494
2383,1940000,17,1825,renamed,1831
2384,1940000,21,1865,renamed,1872
2385,1940000,18,1851,renamed,1857
2386,1940000,23,1864,renamed,1870
2387,1940000,19,1693,renamed,1696
2388,1940000,20,1775,renamed,1779
2389,1940000,2,1723,renamed,1694
2390,1940000,21,1858,renamed,1865
2391,1940000,22,1836,renamed,1810
2392,1940000,23,1857,renamed,1864
2393,1948800,13,1667,renamed,1670
2394,1948800,12,1626,renamed,1596
2395,1948800,19,1689,renamed,1693
2396,1948800,21,1850,renamed,1858
2397,1948800,20,1770,renamed,1775
2398,1948800,17,1850,renamed,1825
2399,1948800,2,1719,renamed,1723
2400,1948800,22,1829,renamed,1836
2401,1948800,14,1685,renamed,1688
2402,1948800,23,1880,renamed,1857
2403,1948800,18,1843,renamed,1851
2404,1948800,21,1842,renamed,1850
2405,1948800,19,1685,renamed,1689
2406,1958400,20,1765,renamed,1770
2407,1958400,23,1872,renamed,1880
2408,1960000,17,1874,renamed,1850
2409,1960000,22,1822,renamed,1829
2410,1960000,18,1836,renamed,1843
2411,1960000,1,1692,renamed,1696
2412,1960000,12,1624,renamed,1626
2413,1960000,24,2060,stored,
2414,1960000,21,1866,renamed,1842
2415,1960000,23,1894,renamed,1872
2416,1960000,20,1759,renamed,1765
2417,1960000,15,1777,renamed,1783
2418,1960000,19,1681,renamed,1685
2419,1968000,22,1815,renamed,1822
2420,1968000,24,2044,renamed,2060
2421,1968000,5,1505,renamed,1474
2422,1968000,2,1746,renamed,1719
2423,1968000,22,1807,renamed,1815
2424,1968000,18,1828,renamed,1836
2425,1968000,20,1753,renamed,1759
2426,1968000,23,1915,renamed,1894
2427,1968000,24,2027,renamed,2044
2428,1968000,2,1741,renamed,1746
2429,1968000,21,1888,renamed,1866
2430,1977600,19,1708,renamed,1681
2431,1977600,5,1535,renamed,1505
2432,1977600,16,1716,renamed,1723
2433,1977600,23,1901,renamed,1915
2434,1977600,24,2009,renamed,2027
2435,1977600,22,1799,renamed,1807
2436,1980000,17,1864,renamed,1874
2437,1980000,8,1667,renamed,1671
2438,1980000,24,1994,renamed,2009
2439,1980000,20,1748,renamed,1753
2440,1980000,22,1792,renamed,1799
2441,1980000,19,1704,renamed,1708
2442,1980000,21,1879,renamed,1888
2443,1980000,23,1892,renamed,1901
2444,1987200,16,1743,renamed,1716
2445,1987200,17,1855,renamed,1864
2446,1987200,23,1883,renamed,1892
2447,1987200,9,1553,renamed,1555
2448,1987200,24,1981,renamed,1994
2449,1987200,15,1772,renamed,1777
2450,1987200,21,1871,renamed,1879
2451,1987200,22,1787,renamed,1792
2452,1987200,20,1744,renamed,1748
2453,1987200,3,1551,renamed,1552
2454,1987200,21,1864,renamed,1871
2455,1987200,23,1876,renamed,1883
2456,1987200,2,1737,renamed,1741
2457,1987200,24,1971,renamed,1981
2458,1987200,1,1689,renamed,1692
2459,1987200,19,1701,renamed,1704
2460,1987200,22,1783,renamed,1787
2461,1996800,21,1858,renamed,1864
2462,1996800,18,1823,renamed,1828
2463,1996800,23,1870,renamed,1876
2464,1996800,24,1963,renamed,1971
2465,1996800,13,1697,renamed,1667
2466,2000000,18,1818,renamed,1823
2467,2000000,20,1741,renamed,1744
2468,2000000,22,1779,renamed,1783
2469,2000000,19,1699,renamed,1701
2470,2000000,14,1683,renamed,1685
2471,2000000,24,1955,renamed,1963
2472,2000000,23,1896,renamed,1870
2473,2000000,19,1696,renamed,1699
2474,2000000,17,1881,renamed,1855
2475,2000000,21,1852,renamed,1858
2476,2006400,16,1739,renamed,1743
2477,2006400,17,1874,renamed,1881
2478,2006400,13,1694,renamed,1697
2479,2006400,23,1889,renamed,1896
2480,2006400,24,1946,renamed,1955
2481,2006400,22,1775,renamed,1779
2482,2006400,20,1738,renamed,1741
2483,2006400,24,1938,renamed,1946
2484,2006400,9,1552,renamed,1553
2485,2006400,15,1800,renamed,1772
2486,2006400,21,1846,renamed,1852
2487,2016000,23,1883,renamed,1889
2488,2016000,22,1771,renamed,1775
2489,2016000,19,1694,renamed,1696
2490,2016000,18,1845,renamed,1818
2491,2016000,17,1868,renamed,1874
2492,2020000,20,1766,renamed,1738
2493,2020000,24,1929,renamed,1938
2494,2020000,2,1765,renamed,1737
2495,2020000,22,1766,renamed,1771
2496,2020000,18,1838,renamed,1845
2497,2020000,23,1875,renamed,1883
2498,2020000,5,1534,renamed,1535
2499,2025600,24,1920,renamed,1929
2500,2025600,3,1550,renamed,1551
2501,2025600,6,1595,renamed,1597
2502,2025600,20,1762,renamed,1766
2503,2025600,16,1736,renamed,1739
2504,2025600,22,1762,renamed,1766
2505,2025600,23,1869,renamed,1875
2506,2025600,24,1913,renamed,1920
2507,2025600,11,1492,renamed,1493
2508,2025600,2,1762,renamed,1765
2509,2025600,22,1759,renamed,1762
2510,2025600,14,1681,renamed,1683
2511,2025600,21,1841,renamed,1846
2512,2025600,16,1733,renamed,1736
2513,2035200,23,1895,renamed,1869
2514,2035200,25,2117,stored,
2515,2035200,19,1691,renamed,1694
2516,2035200,22,1756,renamed,1759
2517,2035200,24,1937,renamed,1913
2518,2035200,20,1758,renamed,1762
2519,2040000,23,1888,renamed,1895
2520,2040000,24,1929,renamed,1937
2521,2040000,18,1864,renamed,1838
2522,2040000,6,1625,renamed,1595
2523,2040000,16,1729,renamed,1733
2524,2040000,21,1834,renamed,1841
2525,2040000,15,1795,renamed,1800
2526,2040000,25,2131,renamed,2117
2527,2044800,23,1880,renamed,1888
2528,2044800,22,1752,renamed,1756
2529,2044800,24,1920,renamed,1929
2530,2044800,20,1754,renamed,1758
2531,2044800,1,1686,renamed,1689
2532,2044800,25,2114,renamed,2131
2533,2044800,6,1623,renamed,1625
2534,2044800,19,1688,renamed,1691
2535,2044800,2,1790,renamed,1762
2536,2044800,23,1904,renamed,1880
2537,2044800,24,1911,renamed,1920
2538,2044800,25,2097,renamed,2114
2539,2054400,21,1828,renamed,1834
2540,2054400,22,1748,renamed,1752
2541,2054400,13,1723,renamed,1694
2542,2054400,6,1621,renamed,1623
2543,2054400,23,1896,renamed,1904
2544,2054400,24,1903,renamed,1911
2545,2054400,12,1622,renamed,1624
2546,2054400,20,1781,renamed,1754
2547,2054400,25,2080,renamed,2097
2548,2054400,17,1861,renamed,1868
2549,2060000,2,1785,renamed,1790
2550,2060000,25,2096,renamed,2080
2551,2060000,18,1857,renamed,1864
2552,2060000,23,1888,renamed,1896
2553,2064000,6,1619,renamed,1621
2554,2064000,24,1926,renamed,1903
2555,2064000,21,1822,renamed,1828
2556,2064000,22,1744,renamed,1748
2557,2064000,23,1880,renamed,1888
2558,2064000,14,1710,renamed,1681
2559,2064000,19,1685,renamed,1688
2560,2064000,23,1903,renamed,1880
2561,2064000,25,2078,renamed,2096
2562,2064000,4,1536,renamed,1538
2563,2064000,20,1776,renamed,1781
2564,2064000,24,1916,renamed,1926
2565,2064000,25,2063,renamed,2078
2566,2064000,18,1851,renamed,1857
2567,2073600,15,1822,renamed,1795
2568,2073600,2,1780,renamed,1785
2569,2073600,5,1533,renamed,1534
2570,2073600,6,1617,renamed,1619
2571,2073600,24,1907,renamed,1916
2572,2073600,25,2049,renamed,2063
2573,2073600,4,1535,renamed,1536
2574,2073600,17,1886,renamed,1861
2575,2073600,23,1895,renamed,1903
2576,2073600,19,1682,renamed,1685
2577,2073600,25,2036,renamed,2049
2578,2080000,22,1740,renamed,1744
2579,2080000,21,1817,renamed,1822
2580,2080000,15,1817,renamed,1822
2581,2080000,12,1620,renamed,1622
2582,2080000,23,1888,renamed,1895
2583,2083200,15,1812,renamed,1817
2584,2083200,18,1846,renamed,1851
2585,2083200,20,1772,renamed,1776
2586,2083200,22,1737,renamed,1740
2587,2083200,24,1901,renamed,1907
2588,2083200,25,2026,renamed,2036
2589,2083200,21,1813,renamed,1817
2590,2083200,2,1808,renamed,1780
2591,2083200,24,1895,renamed,1901
2592,2083200,16,1726,renamed,1729
2593,2083200,25,2016,renamed,2026
2594,2083200,17,1881,renamed,1886
2595,2083200,22,1734,renamed,1737
2596,2083200,1,1716,renamed,1686
2597,2083200,23,1882,renamed,1888
2598,2083200,14,1708,renamed,1710
2599,2092800,4,1566,renamed,1535
2600,2092800,22,1731,renamed,1734
2601,2092800,25,2036,renamed,2016
2602,2092800,2,1803,renamed,1808
2603,2092800,17,1874,renamed,1881
2604,2092800,20,1799,renamed,1772
2605,2092800,25,2053,renamed,2036
2606,2092800,23,1874,renamed,1882
2607,2092800,8,1696,renamed,1667
2608,2100000,3,1548,renamed,1550
2609,2100000,24,1916,renamed,1895
2610,2100000,22,1726,renamed,1731
2611,2102400,25,2036,renamed,2053
2612,2102400,21,1806,renamed,1813
2613,2102400,2,1797,renamed,1803
2614,2102400,18,1839,renamed,1846
2615,2102400,26,2062,stored,
2616,2102400,24,1907,renamed,1916
2617,2102400,17,1866,renamed,1874
2618,2102400,11,1491,renamed,1492
2619,2102400,10,1461,renamed,1462
2620,2102400,18,1833,renamed,1839
2621,2102400,8,1693,renamed,1696
2622,2102400,19,1679,renamed,1682
2623,2112000,5,1532,renamed,1533
2624,2112000,24,1899,renamed,1907
2625,2112000,26,2049,renamed,2062
2626,2112000,25,2024,renamed,2036
2627,2112000,23,1868,renamed,1874
2628,2112000,9,1583,renamed,1552
2629,2112000,20,1794,renamed,1799
2630,2112000,24,1892,renamed,1899
2631,2112000,25,2013,renamed,2024
2632,2112000,2,1824,renamed,1797
2633,2112000,26,2036,renamed,2049
2634,2112000,17,1860,renamed,1866
2635,2112000,24,1885,renamed,1892
2636,2112000,18,1828,renamed,1833
2637,2112000,25,2003,renamed,2013
2638,2112000,26,2025,renamed,2036
2639,2120000,3,1547,renamed,1548
2640,2121600,23,1863,renamed,1868
2641,2121600,11,1490,renamed,1491
2642,2121600,24,1880,renamed,1885
2643,2121600,20,1791,renamed,1794
2644,2121600,19,1677,renamed,1679
2645,2121600,26,2016,renamed,2025
2646,2121600,13,1721,renamed,1723
2647,2121600,14,1706,renamed,1708
2648,2121600,16,1724,renamed,1726
2649,2121600,24,1875,renamed,1880
2650,2121600,21,1803,renamed,1806
2651,2121600,15,1840,renamed,1812
2652,2121600,26,2007,renamed,2016
2653,2121600,25,1995,renamed,2003
2654,2121600,9,1582,renamed,1583
2655,2121600,15,1836,renamed,1840
2656,2121600,23,1859,renamed,1863
2657,2131200,22,1724,renamed,1726
2658,2131200,25,1988,renamed,1995
2659,2131200,20,1788,renamed,1791
2660,2131200,24,1871,renamed,1875
2661,2131200,22,1722,renamed,1724
2662,2131200,26,2000,renamed,2007
2663,2131200,17,1856,renamed,1860
2664,2131200,23,1856,renamed,1859
2665,2131200,19,1676,renamed,1677
2666,2131200,21,1832,renamed,1803
2667,2131200,25,1981,renamed,1988
2668,2131200,12,1619,renamed,1620
2669,2131200,17,1852,renamed,1856
2670,2131200,24,1867,renamed,1871
2671,2131200,14,1704,renamed,1706
2672,2131200,26,2024,renamed,2000
2673,2140800,23,1852,renamed,1856
2674,2140800,25,1974,renamed,1981
2675,2140800,21,1829,renamed,1832
2676,2140800,20,1785,renamed,1788
2677,2140800,15,1833,renamed,1836
2678,2140800,24,1863,renamed,1867
2679,2140800,25,1968,renamed,1974
2680,2140800,26,2017,renamed,2024
2681,2140800,8,1723,renamed,1693
2682,2140800,22,1720,renamed,1722
2683,2140800,23,1848,renamed,1852
2684,2140800,15,1830,renamed,1833
2685,2140800,21,1826,renamed,1829
2686,2140800,26,2009,renamed,2017
2687,2150400,20,1783,renamed,1785
2688,2150400,1,1714,renamed,1716
2689,2150400,24,1859,renamed,1863
2690,2150400,16,1722,renamed,1724
2691,2150400,23,1845,renamed,1848
2692,2150400,25,1994,renamed,1968
2693,2150400,8,1721,renamed,1723
2694,2150400,18,1825,renamed,1828
2695,2150400,26,2002,renamed,2009
2696,2150400,3,1546,renamed,1547
2697,2150400,13,1751,renamed,1721
2698,2150400,25,1986,renamed,1994
2699,2150400,1,1712,renamed,1714
2700,2150400,20,1812,renamed,1783
2701,2160000,19,1674,renamed,1676
2702,2160000,24,1855,renamed,1859
2703,2160000,25,1978,renamed,1986
2704,2160000,15,1826,renamed,1830
2705,2160000,26,1994,renamed,2002
2706,2160000,2,1821,renamed,1824
2707,2160000,23,1841,renamed,1845
2708,2160000,18,1822,renamed,1825
2709,2160000,26,1987,renamed,1994
2710,2160000,1,1710,renamed,1712
2711,2160000,24,1851,renamed,1855
2712,2160000,22,1718,renamed,1720
2713,2160000,14,1702,renamed,1704
2714,2160000,21,1823,renamed,1826
2715,2160000,27,2225,stored,
2716,2160000,26,1981,renamed,1987
2717,2160000,6,1616,renamed,1617
2718,2160000,16,1720,renamed,1722
2719,2160000,15,1823,renamed,1826
2720,2169600,27,2210,renamed,2225
2721,2169600,8,1720,renamed,1721
2722,2169600,25,1973,renamed,1978
2723,2169600,18,1820,renamed,1822
2724,2169600,17,1849,renamed,1852
2725,2169600,18,1849,renamed,1820
2726,2169600,15,1820,renamed,1823
2727,2169600,9,1581,renamed,1582
2728,2169600,24,1848,renamed,1851
2729,2169600,21,1820,renamed,1823
2730,2169600,23,1838,renamed,1841
2731,2169600,25,1968,renamed,1973
2732,2169600,27,2197,renamed,2210
2733,2169600,26,1976,renamed,1981
2734,2179200,24,1845,renamed,1848
2735,2179200,14,1701,renamed,1702
2736,2180000,23,1836,renamed,1838
2737,2180000,26,1971,renamed,1976
2738,2180000,19,1673,renamed,1674
2739,2180000,25,1964,renamed,1968
2740,2180000,20,1842,renamed,1812
2741,2180000,22,1748,renamed,1718
2742,2180000,27,2183,renamed,2197
2743,2180000,23,1833,renamed,1836
2744,2180000,13,1749,renamed,1751
2745,2180000,6,1615,renamed,1616
2746,2180000,26,1966,renamed,1971
2747,2180000,27,2171,renamed,2183
2748,2180000,18,1846,renamed,1849
2749,2180000,22,1746,renamed,1748
2750,2180000,23,1831,renamed,1833
2751,2188800,24,1843,renamed,1845
2752,2188800,25,1960,renamed,1964
2753,2188800,26,1962,renamed,1966
2754,2188800,27,2160,renamed,2171
2755,2188800,13,1748,renamed,1749
2756,2188800,21,1850,renamed,1820
2757,2188800,25,1955,renamed,1960
2758,2188800,2,1850,renamed,1821
2759,2188800,22,1744,renamed,1746
2760,2188800,3,1545,renamed,1546
2761,2188800,20,1839,renamed,1842
2762,2188800,27,2148,renamed,2160
2763,2188800,26,1957,renamed,1962
2764,2198400,25,1950,renamed,1955
2765,2200000,23,1829,renamed,1831
2766,2200000,24,1841,renamed,1843
2767,2200000,18,1844,renamed,1846
2768,2200000,26,1953,renamed,1957
2769,2200000,21,1848,renamed,1850
2770,2200000,27,2138,renamed,2148
2771,2200000,13,1747,renamed,1748
2772,2200000,25,1946,renamed,1950
2773,2200000,2,1848,renamed,1850
2774,2200000,27,2129,renamed,2138
2775,2200000,27,2121,renamed,2129
2776,2200000,22,1743,renamed,1744
2777,2200000,21,1846,renamed,1848
2778,2200000,26,1950,renamed,1953
2779,2208000,24,1839,renamed,1841
2780,2208000,23,1827,renamed,1829
2781,2208000,16,1719,renamed,1720
2782,2208000,25,1943,renamed,1946
2783,2208000,24,1837,renamed,1839
2784,2208000,22,1742,renamed,1743
2785,2208000,26,1947,renamed,1950
2786,2208000,20,1837,renamed,1839
2787,2208000,25,1940,renamed,1943
2788,2208000,2,1878,renamed,1848
2789,2208000,6,1646,renamed,1615
2790,2208000,27,2112,renamed,2121
2791,2208000,12,1618,renamed,1619
2792,2217600,14,1732,renamed,1701
2793,2217600,26,1943,renamed,1947
2794,2220000,23,1825,renamed,1827
2795,2220000,22,1741,renamed,1742
2796,2220000,17,1846,renamed,1849
2797,2220000,24,1835,renamed,1837
2798,2220000,22,1740,renamed,1741
2799,2220000,25,1936,renamed,1940
2800,2220000,27,2103,renamed,2112
2801,2220000,26,1939,renamed,1943
2802,2220000,20,1835,renamed,1837
2803,2220000,2,1875,renamed,1878
2804,2220000,22,1739,renamed,1740
2805,2220000,23,1855,renamed,1825
2806,2220000,24,1833,renamed,1835
2807,2227200,21,1843,renamed,1846
2808,2227200,27,2095,renamed,2103
2809,2227200,17,1844,renamed,1846
2810,2227200,25,1932,renamed,1936
2811,2227200,23,1853,renamed,1855
2812,2227200,27,2087,renamed,2095
2813,2227200,28,2298,stored,
2814,2227200,26,1935,renamed,1939
2815,2227200,15,1818,renamed,1820
2816,2227200,16,1750,renamed,1719
2817,2227200,24,1831,renamed,1833
2818,2227200,18,1873,renamed,1844
2819,2227200,4,1565,renamed,1566
2820,2227200,27,2078,renamed,2087
2821,2227200,25,1959,renamed,1932
2822,2236800,26,1930,renamed,1935
2823,2236800,2,1871,renamed,1875
2824,2236800,24,1828,renamed,1831
2825,2236800,28,2280,renamed,2298
2826,2236800,20,1832,renamed,1835
2827,2236800,26,1926,renamed,1930
2828,2240000,28,2264,renamed,2280
2829,2240000,27,2071,renamed,2078
2830,2240000,17,1842,renamed,1844
2831,2240000,24,1826,renamed,1828
2832,2240000,25,1955,renamed,1959
2833,2240000,28,2250,renamed,2264
2834,2240000,18,1902,renamed,1873
2835,2240000,26,1922,renamed,1926
2836,2240000,28,2236,renamed,2250
2837,2246400,23,1851,renamed,1853
2838,2246400,24,1824,renamed,1826
2839,2246400,27,2096,renamed,2071
2840,2246400,20,1830,renamed,1832
2841,2246400,28,2223,renamed,2236
2842,2246400,26,1919,renamed,1922
2843,2246400,8,1751,renamed,1720
2844,2246400,11,1522,renamed,1490
2845,2246400,18,1898,renamed,1902
2846,2246400,25,1950,renamed,1955
2847,2246400,26,1915,renamed,1919
2848,2246400,28,2209,renamed,2223
2849,2246400,27,2088,renamed,2096
2850,2246400,21,1841,renamed,1843
2851,2246400,13,1777,renamed,1747
2852,2256000,14,1730,renamed,1732
2853,2256000,26,1911,renamed,1915
2854,2256000,27,2079,renamed,2088
2855,2256000,20,1828,renamed,1830
2856,2256000,21,1838,renamed,1841
2857,2256000,19,1672,renamed,1673
2858,2260000,17,1871,renamed,1842
2859,2260000,28,2195,renamed,2209
2860,2260000,26,1907,renamed,1911
2861,2260000,25,1945,renamed,1950
2862,2260000,28,2183,renamed,2195
2863,2260000,2,1900,renamed,1871
2864,2260000,24,1821,renamed,1824
2865,2260000,23,1848,renamed,1851
2866,2260000,4,1564,renamed,1565
2867,2265600,28,2171,renamed,2183
2868,2265600,3,1544,renamed,1545
2869,2265600,8,1749,renamed,1751
2870,2265600,20,1826,renamed,1828
2871,2265600,26,1903,renamed,1907
2872,2265600,27,2071,renamed,2079
2873,2265600,28,2160,renamed,2171
2874,2265600,26,1900,renamed,1903
2875,2265600,23,1846,renamed,1848
2876,2265600,2,1897,renamed,1900
2877,2265600,18,1895,renamed,1898
2878,2265600,25,1941,renamed,1945
2879,2265600,28,2151,renamed,2160
2880,2265600,24,1819,renamed,1821
2881,2265600,17,1869,renamed,1871
2882,2265600,27,2065,renamed,2071
2883,2265600,26,1897,renamed,1900
2884,2275200,13,1776,renamed,1777
2885,2275200,28,2143,renamed,2151
2886,2275200,20,1824,renamed,1826
2887,2275200,26,1895,renamed,1897
2888,2275200,19,1671,renamed,1672
2889,2275200,24,1818,renamed,1819
2890,2275200,27,2060,renamed,2065
2891,2275200,14,1729,renamed,1730
2892,2275200,25,1938,renamed,1941
2893,2280000,23,1844,renamed,1846
2894,2280000,28,2136,renamed,2143
2895,2280000,25,1935,renamed,1938
2896,2280000,26,1893,renamed,1895
2897,2280000,22,1738,renamed,1739
2898,2280000,28,2130,renamed,2136
2899,2284800,18,1893,renamed,1895
2900,2284800,27,2056,renamed,2060
2901,2284800,25,1933,renamed,1935
2902,2284800,24,1849,renamed,1818
2903,2284800,23,1842,renamed,1844
2904,2284800,28,2123,renamed,2130
2905,2284800,2,1895,renamed,1897
2906,2284800,14,1728,renamed,1729
2907,2284800,28,2117,renamed,2123
2908,2284800,27,2052,renamed,2056
2909,2284800,20,1823,renamed,1824
2910,2284800,29,2375,stored,
2911,2284800,26,1923,renamed,1893
2912,2284800,28,2110,renamed,2117
2913,2284800,23,1840,renamed,1842
2914,2284800,25,1930,renamed,1933
2915,2294400,29,2359,renamed,2375
2916,2294400,17,1867,renamed,1869
2917,2294400,28,2104,renamed,2110
2918,2294400,2,1893,renamed,1895
2919,2294400,27,2048,renamed,2052
2920,2294400,26,1921,renamed,1923
2921,2294400,25,1960,renamed,1930
2922,2300000,28,2098,renamed,2104
2923,2300000,29,2344,renamed,2359
2924,2300000,27,2044,renamed,2048
2925,2300000,13,1807,renamed,1776
2926,2300000,22,1737,renamed,1738
2927,2300000,17,1865,renamed,1867
2928,2300000,29,2329,renamed,2344
2929,2304000,24,1848,renamed,1849
2930,2304000,28,2093,renamed,2098
2931,2304000,26,1919,renamed,1921
2932,2304000,5,1564,renamed,1532
2933,2304000,27,2039,renamed,2044
2934,2304000,2,1891,renamed,1893
2935,2304000,1,1709,renamed,1710
2936,2304000,27,2035,renamed,2039
2937,2304000,29,2315,renamed,2329
2938,2304000,14,1727,renamed,1728
2939,2304000,28,2088,renamed,2093
2940,2304000,25,1957,renamed,1960
2941,2304000,22,1736,renamed,1737
2942,2304000,26,1917,renamed,1919
2943,2304000,29,2303,renamed,2315
2944,2304000,24,1847,renamed,1848
2945,2304000,27,2032,renamed,2035
2946,2313600,29,2292,renamed,2303
2947,2313600,18,1892,renamed,1893
2948,2313600,22,1767,renamed,1736
2949,2313600,28,2083,renamed,2088
2950,2313600,25,1955,renamed,1957
2951,2313600,24,1846,renamed,1847
2952,2313600,27,2029,renamed,2032
2953,2313600,29,2281,renamed,2292
2954,2313600,23,1839,renamed,1840
2955,2313600,14,1726,renamed,1727
2956,2313600,29,2271,renamed,2281
2957,2320000,16,1749,renamed,1750
2958,2320000,28,2079,renamed,2083
2959,2320000,8,1748,renamed,1749
2960,2320000,27,2026,renamed,2029
2961,2320000,26,1915,renamed,1917
2962,2320000,13,1838,renamed,1807
2963,2323200,29,2261,renamed,2271
2964,2323200,23,1838,renamed,1839
2965,2323200,25,1953,renamed,1955
2966,2323200,26,1913,renamed,1915
2967,2323200,15,1817,renamed,1818
2968,2323200,28,2075,renamed,2079
2969,2323200,29,2252,renamed,2261
2970,2323200,27,2023,renamed,2026
2971,2323200,2,1921,renamed,1891
2972,2323200,23,1837,renamed,1838
2973,2323200,25,1951,renamed,1953
2974,2323200,8,1747,renamed,1748
2975,2323200,16,1748,renamed,1749
2976,2323200,24,1845,renamed,1846
2977,2323200,28,2071,renamed,2075
2978,2323200,27,2020,renamed,2023
2979,2323200,26,1911,renamed,1913
2980,2332800,29,2243,renamed,2252
2981,2332800,22,1766,renamed,1767
2982,2332800,25,1949,renamed,1951
2983,2332800,17,1864,renamed,1865
2984,2332800,23,1836,renamed,1837
2985,2332800,24,1844,renamed,1845
2986,2332800,27,2017,renamed,2020
2987,2332800,28,2068,renamed,2071
2988,2332800,16,1779,renamed,1748
2989,2332800,21,1837,renamed,1838
2990,2332800,29,2234,renamed,2243
2991,2332800,18,1891,renamed,1892
2992,2332800,27,2014,renamed,2017
2993,2340000,26,1941,renamed,1911
2994,2340000,28,2064,renamed,2068
2995,2340000,2,1919,renamed,1921
2996,2340000,14,1725,renamed,1726
2997,2342400,29,2225,renamed,2234
2998,2342400,24,1843,renamed,1844
2999,2342400,28,2060,renamed,2064
3000,2342400,24,1842,renamed,1843
3001,2342400,18,1890,renamed,1891
3002,2342400,25,1947,renamed,1949
3003,2342400,26,1971,renamed,1941
3004,2342400,27,2011,renamed,2014
3005,2342400,22,1765,renamed,1766
3006,2342400,28,2056,renamed,2060
3007,2342400,29,2217,renamed,2225
3008,2342400,25,1945,renamed,1947
3009,2342400,30,2405,stored,
3010,2342400,6,1678,renamed,1646
3011,2342400,17,1894,renamed,1864
3012,2342400,26,1968,renamed,1971
3013,2352000,24,1840,renamed,1842
3014,2352000,28,2051,renamed,2056
3015,2352000,29,2207,renamed,2217
3016,2352000,27,2007,renamed,2011
3017,2352000,30,2388,renamed,2405
3018,2352000,13,1837,renamed,1838
3019,2352000,18,1920,renamed,1890
3020,2352000,15,1847,renamed,1817
3021,2352000,12,1649,renamed,1618
3022,2352000,21,1835,renamed,1837
3023,2352000,28,2045,renamed,2051
3024,2352000,26,1964,renamed,1968
3025,2352000,29,2196,renamed,2207
3026,2352000,27,2003,renamed,2007
3027,2352000,24,1838,renamed,1840
3028,2352000,30,2370,renamed,2388
3029,2360000,17,1892,renamed,1894
3030,2360000,23,1834,renamed,1836
3031,2361600,30,2354,renamed,2370
3032,2361600,25,1942,renamed,1945
3033,2361600,18,1918,renamed,1920
3034,2361600,29,2188,renamed,2196
3035,2361600,27,2000,renamed,2003
3036,2361600,28,2041,renamed,2045
3037,2361600,17,1890,renamed,1892
3038,2361600,21,1865,renamed,1835
3039,2361600,25,1939,renamed,1942
3040,2361600,26,1961,renamed,1964
3041,2361600,30,2339,renamed,2354
3042,2361600,29,2180,renamed,2188
3043,2361600,27,1997,renamed,2000
3044,2361600,25,1937,renamed,1939
3045,2361600,23,1833,renamed,1834
3046,2361600,30,2326,renamed,2339
3047,2361600,29,2173,renamed,2180
3048,2371200,21,1864,renamed,1865
3049,2371200,28,2038,renamed,2041
3050,2371200,2,1917,renamed,1919
3051,2371200,27,1994,renamed,1997
3052,2371200,6,1709,renamed,1678
3053,2371200,26,1959,renamed,1961
3054,2371200,29,2166,renamed,2173
3055,2371200,30,2314,renamed,2326
3056,2371200,28,2035,renamed,2038
3057,2371200,27,1991,renamed,1994
3058,2371200,25,1935,renamed,1937
3059,2371200,17,1889,renamed,1890
3060,2371200,26,1957,renamed,1959
3061,2380000,30,2303,renamed,2314
3062,2380000,28,2032,renamed,2035
3063,2380000,27,2020,renamed,1991
3064,2380800,18,1948,renamed,1918
3065,2380800,29,2159,renamed,2166
3066,2380800,26,1955,renamed,1957
3067,2380800,30,2322,renamed,2303
3068,2380800,29,2152,renamed,2159
3069,2380800,26,1952,renamed,1955
3070,2380800,21,1894,renamed,1864
3071,2380800,22,1796,renamed,1765
3072,2380800,28,2027,renamed,2032
3073,2380800,27,2015,renamed,2020
3074,2380800,25,1932,renamed,1935
3075,2380800,30,2307,renamed,2322
3076,2380800,29,2144,renamed,2152
3077,2380800,21,1892,renamed,1894
3078,2380800,15,1877,renamed,1847
3079,2390400,13,1835,renamed,1837
3080,2390400,28,2022,renamed,2027
3081,2390400,25,1929,renamed,1932
3082,2390400,18,1976,renamed,1948
3083,2390400,26,1980,renamed,1952
3084,2390400,20,1852,renamed,1823
3085,2390400,29,2133,renamed,2144
3086,2390400,30,2290,renamed,2307
3087,2390400,28,2016,renamed,2022
3088,2390400,27,2010,renamed,2015
3089,2390400,16,1809,renamed,1779
3090,2390400,30,2273,renamed,2290
3091,2390400,17,1886,renamed,1889
3092,2390400,2,1914,renamed,1917
3093,2390400,18,1971,renamed,1976
3094,2390400,24,1836,renamed,1838
3095,2390400,29,2124,renamed,2133
3096,2400000,27,2005,renamed,2010
3097,2400000,26,2007,renamed,1980
3098,2400000,23,1831,renamed,1833
3099,2400000,30,2258,renamed,2273
3100,2400000,28,2011,renamed,2016
3101,2400000,27,2000,renamed,2005
3102,2400000,29,2147,renamed,2124
3103,2400000,2,1911,renamed,1914
3104,2400000,25,1925,renamed,1929
3105,2400000,26,2002,renamed,2007
3106,2400000,30,2244,renamed,2258
3107,2400000,24,1834,renamed,1836
3108,2400000,31,2309,stored,
3109,2400000,28,2006,renamed,2011
3110,2400000,22,1794,renamed,1796
3111,2409600,27,1996,renamed,2000
3112,2409600,29,2139,renamed,2147
3113,2409600,30,2232,renamed,2244
3114,2409600,26,1998,renamed,2002
3115,2409600,31,2295,renamed,2309
3116,2409600,25,1954,renamed,1925
3117,2409600,28,2002,renamed,2006
3118,2409600,21,1890,renamed,1892
3119,2409600,29,2131,renamed,2139
3120,2409600,24,1832,renamed,1834
3121,2409600,30,2222,renamed,2232
3122,2409600,27,1993,renamed,1996
3123,2409600,28,1998,renamed,2002
3124,2409600,26,1995,renamed,1998
3125,2409600,31,2283,renamed,2295
3126,2409600,29,2125,renamed,2131
3127,2409600,18,2000,renamed,1971
3128,2419200,30,2212,renamed,2222
3129,2420000,25,1951,renamed,1954
3130,2420000,28,1995,renamed,1998
3131,2420000,17,1884,renamed,1886
3132,2420000,29,2119,renamed,2125
3133,2420000,28,1992,renamed,1995
3134,2420000,31,2272,renamed,2283
3135,2420000,30,2204,renamed,2212
3136,2420000,27,1990,renamed,1993
3137,2420000,15,1876,renamed,1877
3138,2420000,31,2262,renamed,2272
3139,2420000,26,1992,renamed,1995
3140,2420000,28,1990,renamed,1992
3141,2420000,29,2114,renamed,2119
3142,2420000,30,2197,renamed,2204
3143,2420000,14,1724,renamed,1725
3144,2420000,17,1883,renamed,1884
3145,2420000,31,2254,renamed,2262
3146,2428800,29,2110,renamed,2114
3147,2428800,18,2029,renamed,2000
3148,2428800,13,1834,renamed,1835
3149,2428800,30,2190,renamed,2197
3150,2428800,28,1988,renamed,1990
3151,2428800,31,2246,renamed,2254
3152,2428800,27,1988,renamed,1990
3153,2428800,29,2106,renamed,2110
3154,2428800,31,2239,renamed,2246
3155,2428800,26,1990,renamed,1992
3156,2428800,28,1986,renamed,1988
3157,2428800,29,2102,renamed,2106
3158,2428800,16,1808,renamed,1809
3159,2438400,25,1949,renamed,1951
3160,2438400,29,2099,renamed,2102
3161,2438400,30,2185,renamed,2190
3162,2440000,31,2233,renamed,2239
3163,2440000,10,1493,renamed,1461
3164,2440000,28,1984,renamed,1986
3165,2440000,21,1889,renamed,1890
3166,2440000,29,2095,renamed,2099
3167,2440000,18,2058,renamed,2029
3168,2440000,30,2179,renamed,2185
3169,2440000,14,1723,renamed,1724
3170,2440000,27,1986,renamed,1988
3171,2440000,29,2122,renamed,2095
3172,2440000,30,2203,renamed,2179
3173,2440000,26,1987,renamed,1990
3174,2440000,31,2224,renamed,2233
3175,2440000,28,1981,renamed,1984
3176,2440000,25,1947,renamed,1949
3177,2448000,31,2216,renamed,2224
3178,2448000,30,2196,renamed,2203
3179,2448000,27,2015,renamed,1986
3180,2448000,22,1793,renamed,1794
3181,2448000,18,2054,renamed,2058
3182,2448000,29,2117,renamed,2122
3183,2448000,21,1919,renamed,1889
3184,2448000,30,2188,renamed,2196
3185,2448000,31,2207,renamed,2216
3186,2448000,6,1708,renamed,1709
3187,2448000,17,1913,renamed,1883
3188,2448000,28,1978,renamed,1981
3189,2448000,29,2111,renamed,2117
3190,2448000,31,2198,renamed,2207
3191,2457600,20,1850,renamed,1852
3192,2457600,30,2180,renamed,2188
3193,2457600,25,1945,renamed,1947
3194,2457600,16,1839,renamed,1808
3195,2457600,28,1975,renamed,1978
3196,2457600,21,1917,renamed,1919
3197,2460000,29,2105,renamed,2111
3198,2460000,26,1984,renamed,1987
3199,2460000,10,1525,renamed,1493
3200,2460000,30,2171,renamed,2180
3201,2460000,31,2189,renamed,2198
3202,2460000,29,2099,renamed,2105
3203,2460000,28,1972,renamed,1975
3204,2460000,27,2011,renamed,2015
3205,2460000,32,2369,stored,
3206,2460000,1,1708,renamed,1709
3207,2460000,30,2164,renamed,2171
3208,2460000,18,2050,renamed,2054
3209,2467200,2,1909,renamed,1911
3210,2467200,25,1943,renamed,1945
3211,2467200,16,1838,renamed,1839
3212,2467200,22,1792,renamed,1793
3213,2467200,32,2355,renamed,2369
3214,2467200,30,2158,renamed,2164
3215,2467200,31,2182,renamed,2189
3216,2467200,28,1970,renamed,1972
3217,2467200,15,1875,renamed,1876
3218,2467200,29,2095,renamed,2099
3219,2467200,26,1982,renamed,1984
3220,2467200,25,1941,renamed,1943
3221,2467200,32,2343,renamed,2355
3222,2467200,31,2176,renamed,2182
3223,2476800,28,1968,renamed,1970
3224,2476800,31,2171,renamed,2176
3225,2476800,16,1869,renamed,1838
3226,2476800,18,2047,renamed,2050
3227,2476800,29,2091,renamed,2095
3228,2476800,26,1980,renamed,1982
3229,2480000,32,2332,renamed,2343
3230,2480000,30,2153,renamed,2158
3231,2480000,21,1947,renamed,1917
3232,2480000,28,1966,renamed,1968
3233,2480000,27,2008,renamed,2011
3234,2480000,31,2165,renamed,2171
3235,2480000,29,2087,renamed,2091
3236,2480000,26,1978,renamed,1980
3237,2480000,20,1849,renamed,1850
3238,2480000,30,2148,renamed,2153
3239,2480000,31,2160,renamed,2165
3240,2480000,32,2322,renamed,2332
3241,2480000,29,2084,renamed,2087
3242,2486400,30,2144,renamed,2148
3243,2486400,17,1912,renamed,1913
3244,2486400,28,1964,renamed,1966
3245,2486400,25,1940,renamed,1941
3246,2486400,28,1962,renamed,1964
3247,2486400,30,2140,renamed,2144
3248,2486400,20,1848,renamed,1849
3249,2486400,31,2156,renamed,2160
3250,2486400,29,2081,renamed,2084
3251,2486400,13,1833,renamed,1834
3252,2486400,32,2313,renamed,2322
3253,2486400,23,1830,renamed,1831
3254,2486400,26,1976,renamed,1978
3255,2486400,30,2136,renamed,2140
3256,2486400,28,1961,renamed,1962
3257,2486400,29,2078,renamed,2081
3258,2486400,31,2152,renamed,2156
3259,2486400,27,2006,renamed,2008
3260,2496000,32,2306,renamed,2313
3261,2496000,30,2133,renamed,2136
3262,2496000,31,2149,renamed,2152
3263,2496000,28,1960,renamed,1961
3264,2496000,20,1879,renamed,1848
3265,2496000,25,1971,renamed,1940
3266,2496000,29,2075,renamed,2078
3267,2500000,18,2044,renamed,2047
3268,2500000,30,2129,renamed,2133
3269,2500000,29,2104,renamed,2075
3270,2500000,32,2296,renamed,2306
3271,2500000,17,1942,renamed,1912
3272,2500000,26,1974,renamed,1976
3273,2500000,28,1958,renamed,1960
3274,2500000,31,2144,renamed,2149
3275,2500000,29,2100,renamed,2104
3276,2500000,27,2004,renamed,2006
3277,2505600,30,2125,renamed,2129
3278,2505600,32,2287,renamed,2296
3279,2505600,18,2041,renamed,2044
3280,2505600,31,2140,renamed,2144
3281,2505600,2,1908,renamed,1909
3282,2505600,15,1874,renamed,1875
3283,2505600,20,1878,renamed,1879
3284,2505600,23,1829,renamed,1830
3285,2505600,29,2097,renamed,2100
3286,2505600,32,2279,renamed,2287
3287,2505600,26,1972,renamed,1974
3288,2505600,31,2136,renamed,2140
3289,2505600,27,2002,renamed,2004
3290,2505600,16,1868,renamed,1869
3291,2505600,30,2122,renamed,2125
3292,2505600,28,1957,renamed,1958
3293,2505600,29,2094,renamed,2097
3294,2505600,32,2272,renamed,2279
3295,2505600,31,2133,renamed,2136
3296,2515200,15,1873,renamed,1874
3297,2515200,21,1946,renamed,1947
3298,2515200,17,1941,renamed,1942
3299,2515200,29,2091,renamed,2094
3300,2515200,30,2119,renamed,2122
3301,2515200,13,1832,renamed,1833
3302,2515200,33,2515,stored,
3303,2515200,32,2266,renamed,2272
3304,2515200,28,1956,renamed,1957
3305,2520000,33,2500,renamed,2515
3306,2520000,31,2130,renamed,2133
3307,2520000,24,1831,renamed,1832
3308,2520000,16,1867,renamed,1868
3309,2520000,32,2261,renamed,2266
3310,2520000,33,2487,renamed,2500
3311,2520000,30,2117,renamed,2119
3312,2524800,15,1904,renamed,1873
3313,2524800,20,1877,renamed,1878
3314,2524800,31,2127,renamed,2130
3315,2524800,24,1830,renamed,1831
3316,2524800,21,1945,renamed,1946
3317,2524800,32,2287,renamed,2261
3318,2524800,33,2473,renamed,2487
3319,2524800,15,1903,renamed,1904
3320,2524800,31,2124,renamed,2127
3321,2524800,28,1987,renamed,1956
3322,2524800,30,2114,renamed,2117
3323,2524800,29,2088,renamed,2091
3324,2524800,31,2121,renamed,2124
3325,2524800,32,2280,renamed,2287
3326,2534400,33,2460,renamed,2473
3327,2534400,27,2001,renamed,2002
3328,2534400,28,1986,renamed,1987
3329,2534400,30,2111,renamed,2114
3330,2534400,20,1876,renamed,1877
3331,2534400,31,2118,renamed,2121
3332,2534400,28,2016,renamed,1986
3333,2534400,29,2085,renamed,2088
3334,2534400,33,2447,renamed,2460
3335,2534400,26,1971,renamed,1972
3336,2534400,30,2108,renamed,2111
3337,2540000,32,2274,renamed,2280
3338,2540000,2,1907,renamed,1908
3339,2540000,30,2106,renamed,2108
3340,2540000,28,2015,renamed,2016
3341,2544000,29,2083,renamed,2085
3342,2544000,31,2115,renamed,2118
3343,2544000,33,2436,renamed,2447
3344,2544000,28,2014,renamed,2015
3345,2544000,32,2269,renamed,2274
3346,2544000,18,2039,renamed,2041
3347,2544000,30,2104,renamed,2106
3348,2544000,20,1875,renamed,1876
3349,2544000,33,2426,renamed,2436
3350,2544000,31,2113,renamed,2115
3351,2544000,29,2081,renamed,2083
3352,2544000,28,2013,renamed,2014
3353,2544000,30,2102,renamed,2104
3354,2544000,32,2265,renamed,2269
3355,2544000,33,2417,renamed,2426
3356,2544000,27,2000,renamed,2001
3357,2544000,31,2111,renamed,2113
3358,2553600,18,2038,renamed,2039
3359,2553600,33,2409,renamed,2417
3360,2553600,29,2080,renamed,2081
3361,2553600,30,2100,renamed,2102
3362,2553600,31,2109,renamed,2111
3363,2553600,15,1902,renamed,1903
3364,2553600,30,2098,renamed,2100
3365,2553600,21,1976,renamed,1945
3366,2553600,33,2401,renamed,2409
3367,2553600,32,2261,renamed,2265
3368,2560000,31,2107,renamed,2109
3369,2560000,29,2078,renamed,2080
3370,2560000,28,2012,renamed,2013
3371,2560000,31,2105,renamed,2107
3372,2560000,17,1940,renamed,1941
3373,2563200,30,2096,renamed,2098
3374,2563200,33,2394,renamed,2401
3375,2563200,2,1938,renamed,1907
3376,2563200,28,2011,renamed,2012
3377,2563200,16,1866,renamed,1867
3378,2563200,29,2076,renamed,2078
3379,2563200,18,2068,renamed,2038
3380,2563200,31,2103,renamed,2105
3381,2563200,32,2256,renamed,2261
3382,2563200,30,2094,renamed,2096
3383,2563200,33,2386,renamed,2394
3384,2563200,21,1975,renamed,1976
3385,2563200,18,2066,renamed,2068
3386,2563200,27,1999,renamed,2000
3387,2563200,29,2074,renamed,2076
3388,2563200,17,1971,renamed,1940
3389,2563200,20,1874,renamed,1875
3390,2563200,28,2010,renamed,2011
3391,2563200,33,2377,renamed,2386
3392,2563200,27,1998,renamed,1999
3393,2572800,32,2251,renamed,2256
3394,2572800,34,2565,stored,
3395,2572800,31,2101,renamed,2103
3396,2572800,29,2072,renamed,2074
3397,2572800,27,1997,renamed,1998
3398,2572800,28,2009,renamed,2010
3399,2572800,32,2247,renamed,2251
3400,2572800,16,1865,renamed,1866
3401,2572800,2,1969,renamed,1938
3402,2572800,34,2549,renamed,2565
3403,2572800,30,2092,renamed,2094
3404,2572800,31,2099,renamed,2101
3405,2572800,33,2369,renamed,2377
3406,2572800,18,2064,renamed,2066
3407,2572800,34,2535,renamed,2549
3408,2580000,32,2243,renamed,2247
3409,2580000,29,2102,renamed,2072
3410,2580000,28,2008,renamed,2009
3411,2582400,21,1974,renamed,1975
3412,2582400,30,2090,renamed,2092
3413,2582400,33,2362,renamed,2369
3414,2582400,32,2270,renamed,2243
3415,2582400,15,1901,renamed,1902
3416,2582400,29,2100,renamed,2102
3417,2582400,31,2097,renamed,2099
3418,2582400,34,2521,renamed,2535
3419,2582400,28,2007,renamed,2008
3420,2582400,21,1973,renamed,1974
3421,2582400,30,2088,renamed,2090
3422,2582400,32,2265,renamed,2270
3423,2582400,25,1970,renamed,1971
3424,2582400,34,2508,renamed,2521
3425,2582400,33,2355,renamed,2362
3426,2582400,28,2006,renamed,2007
3427,2582400,32,2261,renamed,2265
3428,2582400,31,2095,renamed,2097
3429,2582400,34,2497,renamed,2508
3430,2582400,33,2380,renamed,2355
3431,2582400,29,2098,renamed,2100
3432,2592000,30,2086,renamed,2088
3433,2592000,18,2063,renamed,2064
3434,2592000,32,2257,renamed,2261
3435,2592000,31,2093,renamed,2095
3436,2592000,34,2486,renamed,2497
3437,2592000,33,2374,renamed,2380
3438,2592000,20,1905,renamed,1874
3439,2592000,28,2005,renamed,2006
3440,2592000,32,2253,renamed,2257
3441,2592000,25,2001,renamed,1970
3442,2592000,26,1970,renamed,1971
3443,2600000,21,1972,renamed,1973
3444,2600000,30,2084,renamed,2086
3445,2601600,33,2366,renamed,2374
3446,2601600,34,2475,renamed,2486
3447,2601600,32,2249,renamed,2253
3448,2601600,27,1996,renamed,1997
3449,2601600,17,1970,renamed,1971
3450,2601600,31,2091,renamed,2093
3451,2601600,32,2245,renamed,2249
3452,2601600,33,2360,renamed,2366
3453,2601600,34,2465,renamed,2475
3454,2601600,31,2090,renamed,2091
3455,2601600,29,2096,renamed,2098
3456,2601600,30,2083,renamed,2084
3457,2601600,33,2354,renamed,2360
3458,2601600,28,2004,renamed,2005
3459,2601600,34,2456,renamed,2465
3460,2601600,31,2089,renamed,2090
3461,2601600,32,2242,renamed,2245
3462,2611200,30,2082,renamed,2083
3463,2611200,27,1995,renamed,1996
3464,2611200,25,2000,renamed,2001
3465,2611200,33,2349,renamed,2354
3466,2611200,30,2081,renamed,2082
3467,2611200,29,2095,renamed,2096
3468,2611200,34,2448,renamed,2456
3469,2611200,21,2003,renamed,1972
3470,2611200,31,2088,renamed,2089
3471,2611200,26,1969,renamed,1970
3472,2611200,32,2270,renamed,2242
3473,2611200,29,2093,renamed,2095
3474,2620800,15,1932,renamed,1901
3475,2620800,21,2002,renamed,2003
3476,2620800,34,2438,renamed,2448
3477,2620800,31,2086,renamed,2088
3478,2620800,28,2003,renamed,2004
3479,2620800,32,2266,renamed,2270
3480,2620800,29,2091,renamed,2093
3481,2620800,33,2343,renamed,2349
3482,2620800,27,1994,renamed,1995
3483,2620800,30,2079,renamed,2081
3484,2620800,34,2429,renamed,2438
3485,2620800,35,2610,stored,
3486,2620800,31,2085,renamed,2086
3487,2620800,32,2262,renamed,2266
3488,2620800,30,2078,renamed,2079
3489,2620800,25,1999,renamed,2000
3490,2620800,33,2338,renamed,2343
3491,2620800,32,2259,renamed,2262
3492,2630400,29,2090,renamed,2091
3493,2630400,31,2084,renamed,2085
3494,2630400,33,2333,renamed,2338
3495,2630400,35,2596,renamed,2610
3496,2630400,34,2453,renamed,2429
3497,2630400,28,2002,renamed,2003
3498,2630400,32,2256,renamed,2259
3499,2630400,29,2089,renamed,2090
3500,2630400,30,2077,renamed,2078
3501,2630400,15,1931,renamed,1932
3502,2630400,33,2328,renamed,2333
3503,2630400,34,2445,renamed,2453
3504,2630400,29,2088,renamed,2089
3505,2630400,14,1755,renamed,1723
3506,2630400,32,2252,renamed,2256
3507,2630400,30,2076,renamed,2077
3508,2640000,31,2083,renamed,2084
3509,2640000,25,1998,renamed,1999
3510,2640000,34,2437,renamed,2445
3511,2640000,35,2582,renamed,2596
3512,2640000,33,2324,renamed,2328
3513,2640000,31,2082,renamed,2083
3514,2640000,30,2075,renamed,2076
3515,2640000,35,2570,renamed,2582
3516,2640000,34,2430,renamed,2437
3517,2640000,29,2087,renamed,2088
3518,2640000,35,2559,renamed,2570
3519,2640000,32,2250,renamed,2252
3520,2640000,33,2321,renamed,2324
3521,2640000,18,2094,renamed,2063
3522,2640000,17,1969,renamed,1970
3523,2640000,34,2423,renamed,2430
3524,2640000,35,2548,renamed,2559
3525,2649600,28,2001,renamed,2002
3526,2649600,31,2081,renamed,2082
3527,2649600,27,2025,renamed,1994
3528,2649600,34,2416,renamed,2423
3529,2649600,25,2029,renamed,1998
3530,2649600,32,2247,renamed,2250
3531,2649600,33,2316,renamed,2321
3532,2649600,35,2536,renamed,2548
3533,2649600,32,2244,renamed,2247
3534,2649600,31,2080,renamed,2081
3535,2649600,34,2410,renamed,2416
3536,2649600,33,2312,renamed,2316
3537,2649600,30,2074,renamed,2075
3538,2649600,25,2060,renamed,2029
3539,2649600,29,2086,renamed,2087
3540,2649600,35,2525,renamed,2536
3541,2649600,18,2124,renamed,2094
3542,2659200,34,2403,renamed,2410
3543,2660000,31,2079,renamed,2080
3544,2660000,30,2073,renamed,2074
3545,2660000,33,2307,renamed,2312
3546,2660000,32,2241,renamed,2244
3547,2660000,35,2514,renamed,2525
3548,2660000,2,1968,renamed,1969
3549,2660000,34,2397,renamed,2403
3550,2660000,31,2110,renamed,2079
3551,2660000,30,2072,renamed,2073
3552,2660000,33,2303,renamed,2307
3553,2660000,27,2024,renamed,2025
3554,2660000,20,1936,renamed,1905
3555,2668800,32,2237,renamed,2241
3556,2668800,34,2390,renamed,2397
3557,2668800,35,2503,renamed,2514
3558,2668800,33,2299,renamed,2303
3559,2668800,30,2071,renamed,2072
3560,2668800,31,2108,renamed,2110
3561,2668800,21,2033,renamed,2002
3562,2668800,35,2492,renamed,2503
3563,2668800,18,2122,renamed,2124
3564,2668800,33,2294,renamed,2299
3565,2668800,34,2383,renamed,2390
3566,2668800,20,1935,renamed,1936
3567,2668800,32,2234,renamed,2237
3568,2668800,28,2000,renamed,2001
3569,2678400,2,1967,renamed,1968
3570,2678400,33,2290,renamed,2294
3571,2680000,30,2070,renamed,2071
3572,2680000,35,2482,renamed,2492
3573,2680000,32,2231,renamed,2234
3574,2680000,25,2059,renamed,2060
3575,2680000,31,2107,renamed,2108
3576,2680000,34,2408,renamed,2383
3577,2680000,30,2069,renamed,2070
3578,2680000,36,2619,stored,
3579,2680000,29,2085,renamed,2086
3580,2680000,35,2472,renamed,2482
3581,2680000,33,2286,renamed,2290
3582,2680000,36,2604,renamed,2619
3583,2680000,34,2433,renamed,2408
3584,2680000,32,2228,renamed,2231
3585,2688000,34,2425,renamed,2433
3586,2688000,18,2120,renamed,2122
3587,2688000,31,2106,renamed,2107
3588,2688000,28,1999,renamed,2000
3589,2688000,35,2464,renamed,2472
3590,2688000,33,2283,renamed,2286
3591,2688000,30,2068,renamed,2069
3592,2688000,36,2621,renamed,2604
3593,2688000,35,2456,renamed,2464
3594,2688000,29,2084,renamed,2085
3595,2688000,34,2418,renamed,2425
3596,2688000,33,2280,renamed,2283
3597,2688000,30,2067,renamed,2068
3598,2688000,32,2226,renamed,2228
3599,2688000,31,2105,renamed,2106
3600,2688000,21,2032,renamed,2033
3601,2688000,35,2449,renamed,2456
3602,2688000,33,2277,renamed,2280
3603,2697600,30,2066,renamed,2067
3604,2697600,36,2608,renamed,2621
3605,2697600,34,2413,renamed,2418
3606,2697600,32,2224,renamed,2226
3607,2697600,31,2104,renamed,2105
3608,2697600,29,2083,renamed,2084
3609,2700000,36,2596,renamed,2608
3610,2700000,33,2275,renamed,2277
3611,2700000,35,2443,renamed,2449
3612,2700000,31,2103,renamed,2104
3613,2700000,34,2408,renamed,2413
3614,2700000,32,2254,renamed,2224
3615,2700000,36,2585,renamed,2596
3616,2700000,35,2437,renamed,2443
3617,2707200,34,2403,renamed,2408
3618,2707200,33,2273,renamed,2275
3619,2707200,18,2151,renamed,2120
3620,2707200,26,1968,renamed,1969
3621,2707200,35,2462,renamed,2437
3622,2707200,36,2573,renamed,2585
3623,2707200,32,2251,renamed,2254
3624,2707200,31,2102,renamed,2103
3625,2707200,36,2562,renamed,2573
3626,2707200,34,2398,renamed,2403
3627,2707200,25,2058,renamed,2059
3628,2707200,29,2082,renamed,2083
3629,2707200,32,2249,renamed,2251
3630,2707200,33,2270,renamed,2273
3631,2707200,36,2552,renamed,2562
3632,2707200,31,2101,renamed,2102
3633,2707200,35,2456,renamed,2462
3634,2716800,30,2065,renamed,2066
3635,2716800,32,2247,renamed,2249
3636,2716800,34,2394,renamed,2398
3637,2716800,18,2150,renamed,2151
3638,2720000,2,1999,renamed,1967
3639,2720000,28,1998,renamed,1999
3640,2720000,33,2267,renamed,2270
3641,2720000,36,2543,renamed,2552
3642,2720000,35,2450,renamed,2456
3643,2720000,34,2390,renamed,2394
3644,2720000,32,2245,renamed,2247
3645,2720000,31,2100,renamed,2101
3646,2720000,30,2064,renamed,2065
3647,2720000,25,2057,renamed,2058
3648,2720000,36,2535,renamed,2543
3649,2726400,33,2265,renamed,2267
3650,2726400,34,2386,renamed,2390
3651,2726400,31,2099,renamed,2100
3652,2726400,32,2243,renamed,2245
3653,2726400,34,2382,renamed,2386
3654,2726400,35,2445,renamed,2450
3655,2726400,21,2031,renamed,2032
3656,2726400,33,2263,renamed,2265
3657,2726400,30,2063,renamed,2064
3658,2726400,36,2528,renamed,2535
3659,2726400,34,2379,renamed,2382
3660,2726400,33,2261,renamed,2263
3661,2726400,30,2062,renamed,2063
3662,2726400,35,2441,renamed,2445
3663,2726400,32,2242,renamed,2243
3664,2736000,31,2098,renamed,2099
3665,2736000,36,2522,renamed,2528
3666,2736000,34,2376,renamed,2379
3667,2736000,30,2061,renamed,2062
3668,2736000,32,2241,renamed,2242
3669,2736000,37,2781,stored,
3670,2736000,33,2259,renamed,2261
3671,2740000,35,2437,renamed,2441
3672,2740000,31,2097,renamed,2098
3673,2740000,34,2373,renamed,2376
3674,2740000,36,2548,renamed,2522
3675,2740000,33,2289,renamed,2259
3676,2740000,35,2432,renamed,2437
3677,2745600,37,2764,renamed,2781
3678,2745600,32,2239,renamed,2241
3679,2745600,35,2428,renamed,2432
3680,2745600,31,2096,renamed,2097
3681,2745600,37,2779,renamed,2764
3682,2745600,36,2541,renamed,2548
3683,2745600,25,2088,renamed,2057
3684,2745600,29,2081,renamed,2082
3685,2745600,33,2287,renamed,2289
3686,2745600,30,2060,renamed,2061
3687,2745600,37,2762,renamed,2779
3688,2745600,34,2370,renamed,2373
3689,2745600,31,2095,renamed,2096
3690,2745600,35,2424,renamed,2428
3691,2745600,32,2237,renamed,2239
3692,2745600,36,2534,renamed,2541
3693,2755200,2,2031,renamed,1999
3694,2755200,20,1967,renamed,1935
3695,2755200,37,2744,renamed,2762
3696,2755200,34,2366,renamed,2370
3697,2755200,35,2419,renamed,2424
3698,2755200,18,2181,renamed,2150
3699,2760000,30,2059,renamed,2060
3700,2760000,36,2525,renamed,2534
3701,2760000,33,2284,renamed,2287
3702,2760000,34,2362,renamed,2366
3703,2760000,37,2727,renamed,2744
3704,2760000,30,2058,renamed,2059
3705,2760000,35,2415,renamed,2419
3706,2760000,31,2094,renamed,2095
3707,2764800,37,2712,renamed,2727
3708,2764800,32,2235,renamed,2237
3709,2764800,34,2359,renamed,2362
3710,2764800,36,2519,renamed,2525
3711,2764800,33,2282,renamed,2284
3712,2764800,30,2057,renamed,2058
3713,2764800,26,2000,renamed,1968
3714,2764800,32,2233,renamed,2235
3715,2764800,35,2411,renamed,2415
3716,2764800,37,2698,renamed,2712
3717,2764800,34,2356,renamed,2359
3718,2764800,20,1999,renamed,1967
3719,2764800,29,2080,renamed,2081
3720,2774400,30,2056,renamed,2057
3721,2774400,35,2407,renamed,2411
3722,2774400,36,2512,renamed,2519
3723,2774400,21,2030,renamed,2031
3724,2774400,37,2685,renamed,2698
3725,2774400,32,2231,renamed,2233
3726,2774400,25,2087,renamed,2088
3727,2774400,33,2280,renamed,2282
3728,2774400,34,2353,renamed,2356
3729,2780000,31,2093,renamed,2094
3730,2780000,36,2506,renamed,2512
3731,2780000,37,2673,renamed,2685
3732,2780000,35,2404,renamed,2407
3733,2780000,23,1861,renamed,1829
3734,2780000,25,2086,renamed,2087
3735,2784000,30,2055,renamed,2056
3736,2784000,34,2350,renamed,2353
3737,2784000,18,2212,renamed,2181
3738,2784000,33,2278,renamed,2280
3739,2784000,37,2660,renamed,2673
3740,2784000,36,2500,renamed,2506
3741,2784000,34,2347,renamed,2350
3742,2784000,32,2229,renamed,2231
3743,2784000,2,2062,renamed,2031
3744,2784000,31,2092,renamed,2093
3745,2784000,35,2431,renamed,2404
3746,2784000,33,2275,renamed,2278
3747,2784000,35,2425,renamed,2431
3748,2784000,36,2493,renamed,2500
3749,2793600,37,2647,renamed,2660
3750,2793600,30,2054,renamed,2055
3751,2793600,34,2344,renamed,2347
3752,2793600,32,2227,renamed,2229
3753,2793600,33,2273,renamed,2275
3754,2793600,35,2420,renamed,2425
3755,2793600,13,1864,renamed,1832
3756,2793600,37,2665,renamed,2647
3757,2793600,34,2340,renamed,2344
3758,2793600,36,2485,renamed,2493
3759,2800000,33,2270,renamed,2273
3760,2800000,38,2700,stored,
3761,2800000,12,1681,renamed,1649
3762,2800000,35,2414,renamed,2420
3763,2800000,32,2225,renamed,2227
3764,2800000,34,2336,renamed,2340
3765,2800000,37,2650,renamed,2665
3766,2803200,31,2091,renamed,2092
3767,2803200,36,2478,renamed,2485
3768,2803200,35,2409,renamed,2414
3769,2803200,34,2333,renamed,2336
3770,2803200,38,2685,renamed,2700
3771,2803200,33,2268,renamed,2270
3772,2803200,37,2638,renamed,2650
3773,2803200,35,2405,renamed,2409
3774,2803200,32,2224,renamed,2225
3775,2803200,36,2473,renamed,2478
3776,2803200,33,2266,renamed,2268
3777,2812800,17,2001,renamed,1969
3778,2812800,38,2671,renamed,2685
3779,2812800,29,2079,renamed,2080
3780,2812800,34,2330,renamed,2333
3781,2812800,37,2627,renamed,2638
3782,2812800,35,2401,renamed,2405
3783,2812800,36,2499,renamed,2473
3784,2812800,31,2090,renamed,2091
3785,2812800,18,2242,renamed,2212
3786,2812800,34,2358,renamed,2330
3787,2812800,38,2656,renamed,2671
3788,2820000,37,2614,renamed,2627
3789,2820000,36,2492,renamed,2499
3790,2820000,35,2396,renamed,2401
3791,2820000,34,2354,renamed,2358
3792,2820000,20,1998,renamed,1999
3793,2822400,33,2264,renamed,2266
3794,2822400,38,2644,renamed,2656
3795,2822400,36,2486,renamed,2492
3796,2822400,32,2222,renamed,2224
3797,2822400,37,2604,renamed,2614
3798,2822400,18,2240,renamed,2242
3799,2822400,35,2392,renamed,2396
3800,2822400,30,2053,renamed,2054
3801,2822400,31,2089,renamed,2090
3802,2822400,34,2351,renamed,2354
3803,2822400,33,2262,renamed,2264
3804,2822400,37,2595,renamed,2604
3805,2822400,38,2634,renamed,2644
3806,2822400,36,2481,renamed,2486
3807,2822400,35,2389,renamed,2392
3808,2832000,34,2380,renamed,2351
3809,2832000,18,2238,renamed,2240
3810,2832000,33,2260,renamed,2262
3811,2832000,2,2061,renamed,2062
3812,2832000,35,2386,renamed,2389
3813,2832000,37,2587,renamed,2595
3814,2832000,38,2655,renamed,2634
3815,2832000,36,2476,renamed,2481
3816,2832000,25,2085,renamed,2086
3817,2840000,32,2221,renamed,2222
3818,2841600,33,2258,renamed,2260
3819,2841600,34,2377,renamed,2380
3820,2841600,18,2268,renamed,2238
3821,2841600,36,2470,renamed,2476
3822,2841600,37,2578,renamed,2587
3823,2841600,38,2644,renamed,2655
3824,2841600,16,1897,renamed,1865
3825,2841600,35,2382,renamed,2386
3826,2841600,32,2219,renamed,2221
3827,2841600,31,2088,renamed,2089
3828,2841600,18,2266,renamed,2268
3829,2841600,36,2465,renamed,2470
3830,2841600,38,2633,renamed,2644
3831,2841600,30,2052,renamed,2053
3832,2841600,36,2491,renamed,2465
3833,2841600,34,2373,renamed,2377
3834,2851200,31,2087,renamed,2088
3835,2851200,37,2569,renamed,2578
3836,2851200,25,2084,renamed,2085
3837,2851200,32,2218,renamed,2219
3838,2851200,35,2379,renamed,2382
3839,2851200,36,2485,renamed,2491
3840,2851200,34,2370,renamed,2373
3841,2851200,38,2623,renamed,2633
3842,2851200,25,2083,renamed,2084
3843,2851200,36,2511,renamed,2485
3844,2851200,35,2376,renamed,2379
3845,2860800,38,2613,renamed,2623
3846,2860800,37,2561,renamed,2569
3847,2860800,36,2505,renamed,2511
3848,2860800,33,2256,renamed,2258
3849,2860800,32,2217,renamed,2218
3850,2860800,34,2367,renamed,2370
3851,2860800,37,2554,renamed,2561
3852,2860800,38,2605,renamed,2613
3853,2860800,39,2793,stored,
3854,2860800,35,2405,renamed,2376
3855,2860800,33,2254,renamed,2256
3856,2860800,36,2499,renamed,2505
3857,2860800,32,2216,renamed,2217
3858,2860800,34,2364,renamed,2367
3859,2860800,37,2547,renamed,2554
3860,2870400,38,2597,renamed,2605
3861,2870400,36,2494,renamed,2499
3862,2870400,39,2778,renamed,2793
3863,2870400,33,2253,renamed,2254
3864,2870400,35,2402,renamed,2405
3865,2870400,37,2542,renamed,2547
3866,2870400,39,2795,renamed,2778
3867,2870400,38,2590,renamed,2597
3868,2870400,36,2490,renamed,2494
3869,2870400,37,2537,renamed,2542
3870,2870400,18,2297,renamed,2266
3871,2870400,39,2780,renamed,2795
3872,2880000,34,2362,renamed,2364
3873,2880000,39,2766,renamed,2780
3874,2880000,38,2584,renamed,2590
3875,2880000,35,2400,renamed,2402
3876,2880000,36,2486,renamed,2490
3877,2880000,37,2532,renamed,2537
3878,2880000,26,2032,renamed,2000
3879,2880000,37,2558,renamed,2532
3880,2880000,32,2215,renamed,2216
3881,2880000,38,2577,renamed,2584
3882,2880000,39,2752,renamed,2766
3883,2889600,35,2397,renamed,2400
3884,2889600,34,2360,renamed,2362
3885,2889600,36,2482,renamed,2486
3886,2889600,39,2740,renamed,2752
3887,2889600,32,2214,renamed,2215
3888,2889600,33,2252,renamed,2253
3889,2889600,37,2584,renamed,2558
3890,2889600,38,2570,renamed,2577
3891,2889600,35,2394,renamed,2397
3892,2889600,34,2358,renamed,2360
3893,2889600,35,2423,renamed,2394
3894,2889600,39,2757,renamed,2740
3895,2889600,36,2477,renamed,2482
3896,2889600,38,2563,renamed,2570
3897,2899200,33,2251,renamed,2252
3898,2900000,35,2420,renamed,2423
3899,2900000,37,2577,renamed,2584
3900,2900000,34,2356,renamed,2358
3901,2900000,39,2744,renamed,2757
3902,2900000,38,2557,renamed,2563
3903,2900000,36,2473,renamed,2477
3904,2900000,35,2417,renamed,2420
3905,2900000,39,2732,renamed,2744
3906,2900000,37,2571,renamed,2577
3907,2900000,18,2327,renamed,2297
3908,2908800,36,2469,renamed,2473
3909,2908800,39,2720,renamed,2732
3910,2908800,34,2354,renamed,2356
3911,2908800,37,2565,renamed,2571
3912,2908800,35,2414,renamed,2417
3913,2908800,36,2466,renamed,2469
3914,2908800,38,2552,renamed,2557
3915,2908800,39,2710,renamed,2720
3916,2908800,33,2250,renamed,2251
3917,2908800,34,2384,renamed,2354
3918,2908800,37,2559,renamed,2565
3919,2918400,39,2700,renamed,2710
3920,2918400,38,2547,renamed,2552
3921,2918400,36,2494,renamed,2466
3922,2920000,33,2249,renamed,2250
3923,2920000,35,2411,renamed,2414
3924,2920000,34,2382,renamed,2384
3925,2920000,39,2690,renamed,2700
3926,2920000,37,2554,renamed,2559
3927,2920000,35,2409,renamed,2411
3928,2920000,36,2490,renamed,2494
3929,2920000,33,2248,renamed,2249
3930,2920000,18,2357,renamed,2327
3931,2920000,38,2542,renamed,2547
3932,2928000,35,2406,renamed,2409
3933,2928000,13,1896,renamed,1864
3934,2928000,32,2213,renamed,2214
3935,2928000,39,2679,renamed,2690
3936,2928000,37,2548,renamed,2554
3937,2928000,40,2816,stored,
3938,2928000,36,2486,renamed,2490
3939,2928000,18,2387,renamed,2357
3940,2928000,34,2379,renamed,2382
3941,2928000,22,1824,renamed,1792
3942,2928000,35,2402,renamed,2406
3943,2928000,39,2698,renamed,2679
3944,2928000,38,2535,renamed,2542
3945,2928000,18,2384,renamed,2387
3946,2928000,37,2572,renamed,2548
3947,2928000,36,2480,renamed,2486
3948,2937600,34,2375,renamed,2379
3949,2937600,40,2797,renamed,2816
3950,2940000,35,2398,renamed,2402
3951,2940000,39,2686,renamed,2698
3952,2940000,35,2395,renamed,2398
3953,2940000,36,2475,renamed,2480
3954,2940000,37,2565,renamed,2572
3955,2940000,40,2812,renamed,2797
3956,2947200,38,2560,renamed,2535
3957,2947200,39,2674,renamed,2686
3958,2947200,35,2423,renamed,2395
3959,2947200,36,2469,renamed,2475
3960,2947200,37,2557,renamed,2565
3961,2947200,1,1740,renamed,1708
3962,2947200,34,2371,renamed,2375
3963,2947200,38,2551,renamed,2560
3964,2947200,31,2086,renamed,2087
3965,2947200,35,2418,renamed,2423
3966,2947200,39,2661,renamed,2674
3967,2947200,36,2495,renamed,2469
3968,2947200,40,2824,renamed,2812
3969,2956800,34,2367,renamed,2371
3970,2956800,37,2548,renamed,2557
3971,2956800,38,2543,renamed,2551
3972,2956800,32,2211,renamed,2213
3973,2960000,18,2412,renamed,2384
3974,2960000,30,2051,renamed,2052
3975,2960000,39,2648,renamed,2661
3976,2960000,2,2060,renamed,2061
3977,2960000,40,2835,renamed,2824
3978,2960000,36,2488,renamed,2495
3979,2960000,37,2540,renamed,2548
3980,2960000,38,2566,renamed,2543
3981,2966400,35,2413,renamed,2418
3982,2966400,18,2438,renamed,2412
3983,2966400,39,2634,renamed,2648
3984,2966400,36,2481,renamed,2488
3985,2966400,31,2085,renamed,2086
3986,2966400,40,2845,renamed,2835
3987,2966400,36,2474,renamed,2481
3988,2966400,34,2363,renamed,2367
3989,2966400,37,2531,renamed,2540
3990,2966400,39,2622,renamed,2634
3991,2966400,38,2557,renamed,2566
3992,2976000,40,2825,renamed,2845
3993,2976000,35,2441,renamed,2413
3994,2976000,36,2468,renamed,2474
3995,2976000,26,2031,renamed,2032
3996,2976000,34,2360,renamed,2363
3997,2976000,39,2612,renamed,2622
3998,2976000,21,2029,renamed,2030
3999,2980000,18,2434,renamed,2438
4000,2980000,36,2463,renamed,2468
4001,2980000,38,2550,renamed,2557
4002,2980000,35,2437,renamed,2441
4003,2980000,37,2525,renamed,2531
4004,2980000,40,2808,renamed,2825
4005,2980000,2,2091,renamed,2060
4006,2980000,32,2210,renamed,2211
4007,2980000,39,2603,renamed,2612
4008,2985600,36,2459,renamed,2463
4009,2985600,34,2357,renamed,2360
4010,2985600,37,2519,renamed,2525
4011,2985600,38,2575,renamed,2550
4012,2985600,35,2433,renamed,2437
4013,2985600,40,2821,renamed,2808
4014,2985600,39,2594,renamed,2603
4015,2985600,18,2461,renamed,2434
4016,2985600,37,2512,renamed,2519
4017,2985600,36,2454,renamed,2459
4018,2985600,38,2567,renamed,2575
4019,2995200,35,2460,renamed,2433
4020,2995200,37,2505,renamed,2512
4021,2995200,31,2084,renamed,2085
4022,2995200,39,2615,renamed,2594
4023,3000000,38,2558,renamed,2567
4024,3000000,40,2801,renamed,2821
4025,3000000,18,2456,renamed,2461
4026,3000000,36,2449,renamed,2454
4027,3000000,35,2455,renamed,2460
4028,3000000,37,2499,renamed,2505
4029,3000000,33,2246,renamed,2248
4030,3000000,34,2354,renamed,2357
4031,3000000,39,2606,renamed,2615
4032,3000000,41,2778,stored,
4033,3004800,35,2451,renamed,2455
4034,3004800,41,2793,renamed,2778
4035,3004800,18,2452,renamed,2456
4036,3004800,32,2209,renamed,2210
4037,3004800,37,2494,renamed,2499
4038,3004800,36,2445,renamed,2449
4039,3004800,39,2598,renamed,2606
4040,3004800,40,2816,renamed,2801
4041,3004800,38,2551,renamed,2558
4042,3004800,35,2447,renamed,2451
4043,3004800,41,2777,renamed,2793
4044,3004800,34,2352,renamed,2354
4045,3004800,35,2443,renamed,2447
4046,3014400,40,2800,renamed,2816
4047,3014400,33,2245,renamed,2246
4048,3014400,36,2473,renamed,2445
4049,3014400,18,2448,renamed,2452
4050,3014400,37,2489,renamed,2494
4051,3014400,39,2591,renamed,2598
4052,3014400,38,2545,renamed,2551
4053,3020000,36,2469,renamed,2473
4054,3020000,41,2764,renamed,2777
4055,3020000,32,2208,renamed,2209
4056,3020000,40,2817,renamed,2800
4057,3020000,37,2485,renamed,2489
4058,3024000,35,2471,renamed,2443
4059,3024000,25,2082,renamed,2083
4060,3024000,39,2584,renamed,2591
4061,3024000,32,2207,renamed,2208
4062,3024000,16,1929,renamed,1897
4063,3024000,34,2349,renamed,2352
4064,3024000,40,2800,renamed,2817
4065,3024000,41,2781,renamed,2764
4066,3024000,36,2496,renamed,2469
4067,3024000,39,2575,renamed,2584
4068,3033600,38,2569,renamed,2545
4069,3033600,41,2764,renamed,2781
4070,3033600,40,2813,renamed,2800
4071,3033600,37,2479,renamed,2485
4072,3033600,34,2346,renamed,2349
4073,3033600,35,2466,renamed,2471
4074,3033600,3,1576,renamed,1544
4075,3040000,41,2777,renamed,2764
4076,3040000,18,2442,renamed,2448
4077,3040000,39,2565,renamed,2575
4078,3040000,38,2560,renamed,2569
4079,3040000,40,2825,renamed,2813
4080,3040000,37,2473,renamed,2479
4081,3040000,32,2205,renamed,2207
4082,3043200,36,2490,renamed,2496
4083,3043200,26,2030,renamed,2031
4084,3043200,35,2461,renamed,2466
4085,3043200,41,2760,renamed,2777
4086,3043200,37,2468,renamed,2473
4087,3043200,34,2343,renamed,2346
4088,3043200,7,1494,renamed,1462
4089,3043200,35,2456,renamed,2461
4090,3043200,38,2552,renamed,2560
4091,3043200,33,2243,renamed,2245
4092,3043200,40,2837,renamed,2825
4093,3043200,41,2744,renamed,2760
4094,3043200,39,2557,renamed,2565
4095,3052800,18,2438,renamed,2442
4096,3052800,36,2485,renamed,2490
4097,3052800,20,2030,renamed,1998
4098,3052800,25,2081,renamed,2082
4099,3052800,35,2451,renamed,2456
4100,3052800,39,2549,renamed,2557
4101,3052800,38,2545,renamed,2552
4102,3052800,18,2465,renamed,2438
4103,3060000,41,2728,renamed,2744
4104,3060000,40,2849,renamed,2837
4105,3060000,36,2479,renamed,2485
4106,3062400,39,2541,renamed,2549
4107,3062400,37,2494,renamed,2468
4108,3062400,35,2446,renamed,2451
4109,3062400,40,2829,renamed,2849
4110,3062400,38,2538,renamed,2545
4111,3062400,41,2745,renamed,2728
4112,3062400,25,2080,renamed,2081
4113,3062400,16,1961,renamed,1929
4114,3062400,37,2487,renamed,2494
4115,3062400,34,2340,renamed,2343
4116,3062400,39,2533,renamed,2541
4117,3072000,41,2760,renamed,2745
4118,3072000,38,2561,renamed,2538
4119,3072000,37,2480,renamed,2487
4120,3072000,27,2023,renamed,2024
4121,3072000,35,2440,renamed,2446
4122,3072000,32,2203,renamed,2205
4123,3072000,40,2809,renamed,2829
4124,3072000,36,2473,renamed,2479
4125,3072000,39,2526,renamed,2533
4126,3080000,37,2474,renamed,2480
4127,3080000,41,2775,renamed,2760
4128,3080000,42,2732,stored,
4129,3080000,27,2022,renamed,2023
4130,3080000,38,2553,renamed,2561
4131,3081600,36,2468,renamed,2473
4132,3081600,40,2791,renamed,2809
4133,3081600,39,2520,renamed,2526
4134,3081600,41,2760,renamed,2775
4135,3081600,37,2470,renamed,2474
4136,3081600,38,2547,renamed,2553
4137,3081600,42,2720,renamed,2732
4138,3081600,35,2437,renamed,2440
4139,3091200,18,2493,renamed,2465
4140,3091200,39,2515,renamed,2520
4141,3091200,36,2464,renamed,2468
4142,3091200,40,2807,renamed,2791
4143,3091200,34,2338,renamed,2340
4144,3091200,41,2746,renamed,2760
4145,3091200,38,2541,renamed,2547
4146,3091200,33,2242,renamed,2243
4147,3091200,39,2510,renamed,2515
4148,3091200,42,2709,renamed,2720
4149,3091200,37,2466,renamed,2470
4150,3100000,36,2461,renamed,2464
4151,3100800,42,2699,renamed,2709
4152,3100800,40,2793,renamed,2807
4153,3100800,39,2506,renamed,2510
4154,3100800,41,2766,renamed,2746
4155,3100800,38,2536,renamed,2541
4156,3100800,16,1993,renamed,1961
4157,3100800,36,2457,renamed,2461
4158,3100800,34,2336,renamed,2338
4159,3100800,42,2689,renamed,2699
4160,3100800,37,2463,renamed,2466
4161,3100800,40,2779,renamed,2793
4162,3100800,18,2521,renamed,2493
4163,3100800,39,2502,renamed,2506
4164,3110400,41,2753,renamed,2766
4165,3110400,38,2531,renamed,2536
4166,3110400,37,2460,renamed,2463
4167,3110400,36,2454,renamed,2457
4168,3110400,40,2767,renamed,2779
4169,3110400,32,2202,renamed,2203
4170,3110400,35,2434,renamed,2437
4171,3110400,42,2712,renamed,2689
4172,3110400,37,2457,renamed,2460
4173,3110400,39,2529,renamed,2502
4174,3120000,18,2547,renamed,2521
4175,3120000,40,2783,renamed,2767
4176,3120000,41,2769,renamed,2753
4177,3120000,39,2522,renamed,2529
4178,3120000,38,2524,renamed,2531
4179,3120000,35,2430,renamed,2434
4180,3120000,34,2334,renamed,2336
4181,3120000,38,2518,renamed,2524
4182,3120000,42,2700,renamed,2712
4183,3120000,37,2453,renamed,2457
4184,3120000,40,2799,renamed,2783
4185,3120000,36,2450,renamed,2454
4186,3120000,39,2516,renamed,2522
4187,3120000,32,2201,renamed,2202
4188,3129600,41,2785,renamed,2769
4189,3129600,37,2449,renamed,2453
4190,3129600,38,2512,renamed,2518
4191,3129600,35,2426,renamed,2430
4192,3129600,38,2507,renamed,2512
4193,3129600,42,2689,renamed,2700
4194,3129600,36,2446,renamed,2450
4195,3129600,40,2784,renamed,2799
4196,3129600,39,2511,renamed,2516
4197,3129600,41,2802,renamed,2785
4198,3129600,18,2541,renamed,2547
4199,3140000,42,2679,renamed,2689
4200,3140000,38,2503,renamed,2507
4201,3140000,41,2819,renamed,2802
4202,3140000,36,2443,renamed,2446
4203,3140000,40,2801,renamed,2784
4204,3140000,39,2506,renamed,2511
4205,3140000,37,2445,renamed,2449
4206,3140000,38,2498,renamed,2503
4207,3140000,41,2804,renamed,2819
4208,3148800,39,2502,renamed,2506
4209,3148800,42,2670,renamed,2679
4210,3148800,38,2494,renamed,2498
4211,3148800,36,2472,renamed,2443
4212,3148800,35,2423,renamed,2426
4213,3148800,40,2787,renamed,2801
4214,3148800,37,2442,renamed,2445
4215,3148800,18,2536,renamed,2541
4216,3148800,41,2821,renamed,2804
4217,3148800,42,2692,renamed,2670
4218,3148800,39,2497,renamed,2502
4219,3148800,43,2809,stored,
4220,3148800,40,2773,renamed,2787
4221,3148800,36,2468,renamed,2472
4222,3148800,38,2490,renamed,2494
4223,3158400,39,2493,renamed,2497
4224,3160000,32,2200,renamed,2201
4225,3160000,37,2439,renamed,2442
4226,3160000,41,2807,renamed,2821
4227,3160000,18,2563,renamed,2536
4228,3160000,39,2489,renamed,2493
4229,3160000,42,2683,renamed,2692
4230,3160000,43,2795,renamed,2809
4231,3160000,40,2761,renamed,2773
4232,3160000,36,2465,renamed,2468
4233,3160000,38,2487,renamed,2490
4234,3160000,37,2437,renamed,2439
4235,3168000,41,2825,renamed,2807
4236,3168000,39,2486,renamed,2489
4237,3168000,40,2750,renamed,2761
4238,3168000,33,2273,renamed,2242
4239,3168000,43,2782,renamed,2795
4240,3168000,42,2705,renamed,2683
4241,3168000,36,2462,renamed,2465
4242,3168000,39,2482,renamed,2486
4243,3168000,38,2483,renamed,2487
4244,3168000,41,2841,renamed,2825
4245,3168000,40,2769,renamed,2750
4246,3168000,43,2768,renamed,2782
4247,3168000,39,2478,renamed,2482
4248,3177600,18,2557,renamed,2563
4249,3177600,42,2726,renamed,2705
4250,3177600,34,2332,renamed,2334
4251,3180000,36,2458,renamed,2462
4252,3180000,41,2825,renamed,2841
4253,3180000,40,2787,renamed,2769
4254,3180000,33,2272,renamed,2273
4255,3180000,39,2474,renamed,2478
4256,3180000,43,2755,renamed,2768
4257,3180000,42,2715,renamed,2726
4258,3180000,37,2434,renamed,2437
4259,3187200,38,2480,renamed,2483
4260,3187200,40,2774,renamed,2787
4261,3187200,41,2811,renamed,2825
4262,3187200,13,1928,renamed,1896
4263,3187200,39,2471,renamed,2474
4264,3187200,40,2793,renamed,2774
4265,3187200,42,2735,renamed,2715
4266,3187200,37,2462,renamed,2434
4267,3187200,36,2454,renamed,2458
4268,3187200,43,2772,renamed,2755
4269,3187200,34,2330,renamed,2332
4270,3187200,41,2824,renamed,2811
4271,3196800,42,2721,renamed,2735
4272,3196800,37,2457,renamed,2462
4273,3196800,31,2083,renamed,2084
4274,3196800,40,2777,renamed,2793
4275,3196800,39,2467,renamed,2471
4276,3200000,43,2758,renamed,2772
4277,3200000,41,2839,renamed,2824
4278,3200000,18,2582,renamed,2557
4279,3200000,38,2475,renamed,2480
4280,3200000,37,2453,renamed,2457
4281,3200000,42,2739,renamed,2721
4282,3200000,39,2462,renamed,2467
4283,3200000,41,2821,renamed,2839
4284,3206400,40,2762,renamed,2777
4285,3206400,36,2450,renamed,2454
4286,3206400,43,2775,renamed,2758
4287,3206400,18,2606,renamed,2582
4288,3206400,40,2747,renamed,2762
4289,3206400,38,2502,renamed,2475
4290,3206400,43,2759,renamed,2775
4291,3206400,39,2457,renamed,2462
4292,3206400,32,2199,renamed,2200
4293,3206400,42,2756,renamed,2739
4294,3206400,41,2834,renamed,2821
4295,3206400,40,2732,renamed,2747
4296,3216000,38,2496,renamed,2502
4297,3216000,43,2744,renamed,2759
4298,3216000,18,2598,renamed,2606
4299,3216000,39,2453,renamed,2457
4300,3216000,35,2420,renamed,2423
4301,3216000,36,2446,renamed,2450
4302,3220000,37,2449,renamed,2453
4303,3220000,41,2848,renamed,2834
4304,3220000,42,2773,renamed,2756
4305,3220000,40,2719,renamed,2732
4306,3220000,38,2491,renamed,2496
4307,3220000,43,2731,renamed,2744
4308,3220000,39,2449,renamed,2453
4309,3225600,18,2622,renamed,2598
4310,3225600,41,2861,renamed,2848
4311,3225600,36,2442,renamed,2446
4312,3225600,32,2198,renamed,2199
4313,3225600,42,2758,renamed,2773
4314,3225600,43,2718,renamed,2731
4315,3225600,44,2806,stored,
4316,3225600,2,2090,renamed,2091
4317,3225600,36,2439,renamed,2442
4318,3225600,41,2874,renamed,2861
4319,3225600,40,2738,renamed,2719
4320,3225600,39,2445,renamed,2449
4321,3225600,37,2445,renamed,2449
4322,3225600,42,2774,renamed,2758
4323,3235200,44,2820,renamed,2806
4324,3235200,43,2735,renamed,2718
4325,3235200,41,2853,renamed,2874
4326,3235200,34,2328,renamed,2330
4327,3240000,38,2517,renamed,2491
4328,3240000,35,2416,renamed,2420
4329,3240000,39,2440,renamed,2445
4330,3240000,40,2723,renamed,2738
4331,3240000,18,2643,renamed,2622
4332,3240000,44,2832,renamed,2820
4333,3240000,41,2832,renamed,2853
4334,3244800,39,2435,renamed,2440
4335,3244800,38,2511,renamed,2517
4336,3244800,36,2435,renamed,2439
4337,3244800,42,2789,renamed,2774
4338,3244800,43,2751,renamed,2735
4339,3244800,35,2412,renamed,2416
4340,3244800,44,2843,renamed,2832
4341,3244800,37,2471,renamed,2445
4342,3244800,40,2737,renamed,2723
4343,3244800,42,2769,renamed,2789
4344,3244800,39,2430,renamed,2435
4345,3254400,43,2734,renamed,2751
4346,3254400,41,2812,renamed,2832
4347,3254400,44,2854,renamed,2843
4348,3254400,18,2632,renamed,2643
4349,3254400,40,2753,renamed,2737
4350,3254400,35,2408,renamed,2412
4351,3260000,43,2719,renamed,2734
4352,3260000,25,2079,renamed,2080
4353,3260000,41,2825,renamed,2812
4354,3260000,44,2834,renamed,2854
4355,3260000,39,2426,renamed,2430
4356,3260000,42,2754,renamed,2769
4357,3260000,18,2623,renamed,2632
4358,3264000,40,2739,renamed,2753
4359,3264000,41,2809,renamed,2825
4360,3264000,44,2849,renamed,2834
4361,3264000,39,2423,renamed,2426
4362,3264000,40,2727,renamed,2739
4363,3264000,43,2708,renamed,2719
4364,3264000,42,2742,renamed,2754
4365,3264000,36,2432,renamed,2435
4366,3264000,39,2420,renamed,2423
4367,3264000,41,2796,renamed,2809
4368,3273600,44,2834,renamed,2849
4369,3273600,40,2718,renamed,2727
4370,3273600,18,2649,renamed,2623
4371,3273600,38,2507,renamed,2511
4372,3273600,33,2271,renamed,2272
4373,3273600,43,2699,renamed,2708
4374,3273600,42,2732,renamed,2742
4375,3280000,17,2033,renamed,2001
4376,3280000,40,2708,renamed,2718
4377,3280000,37,2468,renamed,2471
4378,3280000,39,2418,renamed,2420
4379,3280000,44,2820,renamed,2834
4380,3280000,41,2785,renamed,2796
4381,3283200,42,2754,renamed,2732
4382,3283200,37,2465,renamed,2468
4383,3283200,43,2691,renamed,2699
4384,3283200,38,2535,renamed,2507
4385,3283200,40,2699,renamed,2708
4386,3283200,44,2807,renamed,2820
4387,3283200,43,2683,renamed,2691
4388,3283200,33,2270,renamed,2271
4389,3283200,39,2416,renamed,2418
4390,3283200,42,2744,renamed,2754
4391,3292800,18,2674,renamed,2649
4392,3292800,41,2804,renamed,2785
4393,3292800,39,2414,renamed,2416
4394,3292800,34,2327,renamed,2328
4395,3292800,44,2794,renamed,2807
4396,3292800,42,2765,renamed,2744
4397,3292800,40,2690,renamed,2699
4398,3292800,43,2675,renamed,2683
4399,3292800,42,2785,renamed,2765
4400,3292800,38,2531,renamed,2535
4401,3300000,41,2791,renamed,2804
4402,3300000,39,2412,renamed,2414
4403,3302400,37,2462,renamed,2465
4404,3302400,44,2782,renamed,2794
4405,3302400,43,2668,renamed,2675
4406,3302400,18,2698,renamed,2674
4407,3302400,41,2779,renamed,2791
4408,3302400,40,2713,renamed,2690
4409,3302400,38,2558,renamed,2531
4410,3302400,39,2409,renamed,2412
4411,3302400,42,2772,renamed,2785
4412,3302400,43,2660,renamed,2668
4413,3302400,45,2852,stored,
4414,3302400,34,2326,renamed,2327
4415,3302400,44,2800,renamed,2782
4416,3312000,42,2759,renamed,2772
4417,3312000,39,2407,renamed,2409
4418,3312000,40,2703,renamed,2713
4419,3312000,41,2798,renamed,2779
4420,3312000,38,2553,renamed,2558
4421,3312000,33,2269,renamed,2270
4422,3312000,41,2785,renamed,2798
4423,3312000,36,2430,renamed,2432
4424,3312000,44,2787,renamed,2800
4425,3312000,45,2868,renamed,2852
4426,3312000,40,2694,renamed,2703
4427,3320000,39,2405,renamed,2407
4428,3320000,43,2684,renamed,2660
4429,3321600,42,2747,renamed,2759
4430,3321600,44,2775,renamed,2787
4431,3321600,38,2549,renamed,2553
4432,3321600,41,2804,renamed,2785
4433,3321600,45,2852,renamed,2868
4434,3321600,40,2686,renamed,2694
4435,3321600,39,2403,renamed,2405
4436,3321600,18,2690,renamed,2698
4437,3321600,43,2677,renamed,2684
4438,3321600,45,2839,renamed,2852
4439,3321600,38,2546,renamed,2549
4440,3321600,44,2766,renamed,2775
4441,3331200,42,2739,renamed,2747
4442,3331200,41,2794,renamed,2804
4443,3331200,40,2680,renamed,2686
4444,3331200,45,2828,renamed,2839
4445,3331200,36,2429,renamed,2430
4446,3331200,39,2402,renamed,2403
4447,3331200,38,2543,renamed,2546
4448,3331200,42,2732,renamed,2739
4449,3331200,43,2672,renamed,2677
4450,3331200,44,2790,renamed,2766
4451,3340800,45,2818,renamed,2828
4452,3340800,41,2816,renamed,2794
4453,3340800,35,2407,renamed,2408
4454,3340800,18,2684,renamed,2690
4455,3340800,40,2675,renamed,2680
4456,3340800,42,2725,renamed,2732
4457,3340800,44,2782,renamed,2790
4458,3340800,43,2667,renamed,2672
4459,3340800,39,2401,renamed,2402
4460,3340800,41,2838,renamed,2816
4461,3340800,37,2460,renamed,2462
4462,3350400,45,2839,renamed,2818
4463,3350400,44,2773,renamed,2782
4464,3350400,34,2325,renamed,2326
4465,3350400,41,2858,renamed,2838
4466,3350400,42,2748,renamed,2725
4467,3350400,43,2661,renamed,2667
4468,3350400,39,2399,renamed,2401
4469,3350400,45,2857,renamed,2839
4470,3350400,40,2699,renamed,2675
4471,3350400,34,2324,renamed,2325
4472,3350400,38,2539,renamed,2543
4473,3350400,18,2676,renamed,2684
4474,3360000,43,2685,renamed,2661
4475,3360000,35,2405,renamed,2407
4476,3360000,42,2737,renamed,2748
4477,3360000,44,2792,renamed,2773
4478,3360000,41,2842,renamed,2858
4479,3360000,45,2872,renamed,2857
4480,3360000,38,2534,renamed,2539
4481,3360000,34,2323,renamed,2324
4482,3360000,40,2721,renamed,2699
4483,3360000,32,2197,renamed,2198
4484,3360000,43,2676,renamed,2685
4485,3360000,45,2855,renamed,2872
4486,3360000,18,2699,renamed,2676
4487,3360000,40,2710,renamed,2721
4488,3369600,44,2779,renamed,2792
4489,3369600,41,2858,renamed,2842
4490,3369600,42,2757,renamed,2737
4491,3369600,43,2697,renamed,2676
4492,3369600,38,2528,renamed,2534
4493,3369600,40,2729,renamed,2710
4494,3369600,45,2837,renamed,2855
4495,3369600,18,2688,renamed,2699
4496,3379200,37,2456,renamed,2460
4497,3379200,32,2196,renamed,2197
4498,3380000,44,2765,renamed,2779
4499,3380000,45,2822,renamed,2837
4500,3380000,43,2688,renamed,2697
4501,3380000,38,2524,renamed,2528
4502,3380000,37,2453,renamed,2456
4503,3380000,42,2746,renamed,2757
4504,3380000,18,2680,renamed,2688
4505,3380000,34,2322,renamed,2323
4506,3380000,41,2875,renamed,2858
4507,3380000,44,2785,renamed,2765
4508,3380000,46,2848,stored,
4509,3380000,40,2719,renamed,2729
4510,3380000,45,2839,renamed,2822
4511,3388800,43,2679,renamed,2688
4512,3388800,39,2397,renamed,2399
4513,3388800,42,2735,renamed,2746
4514,3388800,38,2520,renamed,2524
4515,3388800,46,2834,renamed,2848
4516,3388800,41,2860,renamed,2875
4517,3388800,39,2395,renamed,2397
4518,3388800,44,2805,renamed,2785
4519,3388800,45,2856,renamed,2839
4520,3388800,40,2710,renamed,2719
4521,3398400,43,2702,renamed,2679
4522,3400000,46,2850,renamed,2834
4523,3400000,41,2843,renamed,2860
4524,3400000,39,2393,renamed,2395
4525,3400000,42,2755,renamed,2735
4526,3400000,18,2671,renamed,2680
4527,3400000,45,2840,renamed,2856
4528,3400000,46,2835,renamed,2850
4529,3400000,41,2829,renamed,2843
4530,3400000,44,2793,renamed,2805
4531,3400000,18,2664,renamed,2671
4532,3400000,42,2777,renamed,2755
4533,3400000,43,2694,renamed,2702
4534,3400000,18,2657,renamed,2664
4535,3408000,39,2391,renamed,2393
4536,3408000,40,2702,renamed,2710
4537,3408000,43,2718,renamed,2694
4538,3408000,41,2816,renamed,2829
4539,3408000,44,2813,renamed,2793
4540,3408000,46,2822,renamed,2835
4541,3408000,36,2427,renamed,2429
4542,3408000,42,2767,renamed,2777
4543,3408000,45,2858,renamed,2840
4544,3408000,40,2694,renamed,2702
4545,3408000,41,2804,renamed,2816
4546,3408000,46,2841,renamed,2822
4547,3420000,39,2421,renamed,2391
4548,3420000,43,2708,renamed,2718
4549,3420000,46,2827,renamed,2841
4550,3420000,13,1960,renamed,1928
4551,3420000,42,2755,renamed,2767
4552,3420000,44,2800,renamed,2813
4553,3420000,41,2822,renamed,2804
4554,3420000,45,2843,renamed,2858
4555,3427200,38,2516,renamed,2520
4556,3427200,43,2699,renamed,2708
4557,3427200,33,2268,renamed,2269
4558,3427200,46,2814,renamed,2827
4559,3427200,40,2718,renamed,2694
4560,3427200,45,2829,renamed,2843
4561,3427200,44,2788,renamed,2800
4562,3427200,38,2513,renamed,2516
4563,3427200,41,2810,renamed,2822
4564,3427200,42,2777,renamed,2755
4565,3427200,34,2321,renamed,2322
4566,3427200,18,2651,renamed,2657
4567,3427200,46,2802,renamed,2814
4568,3427200,33,2267,renamed,2268
4569,3427200,38,2510,renamed,2513
4570,3436800,43,2692,renamed,2699
4571,3436800,44,2778,renamed,2788
4572,3436800,42,2768,renamed,2777
4573,3436800,41,2800,renamed,2810
4574,3436800,45,2819,renamed,2829
4575,3440000,41,2822,renamed,2800
4576,3440000,46,2792,renamed,2802
4577,3440000,45,2809,renamed,2819
4578,3440000,43,2718,renamed,2692
4579,3440000,40,2711,renamed,2718
4580,3440000,18,2646,renamed,2651
4581,3440000,44,2770,renamed,2778
4582,3440000,37,2451,renamed,2453
4583,3446400,33,2266,renamed,2267
4584,3446400,46,2783,renamed,2792
4585,3446400,38,2508,renamed,2510
4586,3446400,45,2831,renamed,2809
4587,3446400,43,2711,renamed,2718
4588,3446400,42,2760,renamed,2768
4589,3446400,44,2793,renamed,2770
4590,3446400,46,2774,renamed,2783
4591,3446400,34,2320,renamed,2321
4592,3446400,40,2736,renamed,2711
4593,3446400,41,2842,renamed,2822
4594,3456000,45,2819,renamed,2831
4595,3456000,42,2782,renamed,2760
4596,3456000,43,2734,renamed,2711
4597,3456000,44,2781,renamed,2793
4598,3456000,34,2351,renamed,2320
4599,3460000,18,2670,renamed,2646
4600,3460000,40,2725,renamed,2736
4601,3460000,46,2792,renamed,2774
4602,3460000,43,2722,renamed,2734
4603,3460000,41,2826,renamed,2842
4604,3460000,45,2805,renamed,2819
4605,3460000,46,2780,renamed,2792
4606,3460000,47,2874,stored,
4607,3465600,44,2800,renamed,2781
4608,3465600,42,2770,renamed,2782
4609,3465600,37,2448,renamed,2451
4610,3465600,46,2769,renamed,2780
4611,3465600,34,2350,renamed,2351
4612,3465600,43,2744,renamed,2722
4613,3465600,46,2758,renamed,2769
4614,3465600,47,2859,renamed,2874
4615,3465600,18,2694,renamed,2670
4616,3465600,40,2715,renamed,2725
4617,3465600,46,2748,renamed,2758
4618,3465600,45,2824,renamed,2805
4619,3465600,36,2425,renamed,2427
4620,3475200,47,2844,renamed,2859
4621,3475200,43,2765,renamed,2744
4622,3475200,41,2812,renamed,2826
4623,3475200,44,2788,renamed,2800
4624,3475200,42,2760,renamed,2770
4625,3475200,47,2831,renamed,2844
4626,3475200,46,2770,renamed,2748
4627,3480000,45,2842,renamed,2824
4628,3480000,18,2686,renamed,2694
4629,3480000,40,2706,renamed,2715
4630,3480000,44,2808,renamed,2788
4631,3480000,41,2799,renamed,2812
4632,3480000,39,2419,renamed,2421
4633,3480000,43,2785,renamed,2765
4634,3484800,45,2828,renamed,2842
4635,3484800,46,2790,renamed,2770
4636,3484800,47,2817,renamed,2831
4637,3484800,18,2709,renamed,2686
4638,3484800,43,2772,renamed,2785
4639,3484800,41,2786,renamed,2799
4640,3484800,42,2780,renamed,2760
4641,3484800,44,2825,renamed,2808
4642,3484800,43,2759,renamed,2772
4643,3484800,38,2535,renamed,2508
4644,3484800,40,2695,renamed,2706
4645,3484800,18,2729,renamed,2709
4646,3494400,45,2812,renamed,2828
4647,3494400,35,2402,renamed,2405
4648,3494400,46,2776,renamed,2790
4649,3494400,47,2803,renamed,2817
4650,3500000,44,2842,renamed,2825
4651,3500000,47,2789,renamed,2803
4652,3500000,37,2445,renamed,2448
4653,3500000,38,2531,renamed,2535
4654,3500000,43,2748,renamed,2759
4655,3500000,45,2830,renamed,2812
4656,3500000,46,2764,renamed,2776
4657,3500000,18,2719,renamed,2729
4658,3500000,47,2777,renamed,2789
4659,3504000,35,2400,renamed,2402
4660,3504000,34,2349,renamed,2350
4661,3504000,45,2817,renamed,2830
4662,3504000,43,2739,renamed,2748
4663,3504000,42,2801,renamed,2780
4664,3504000,44,2859,renamed,2842
4665,3504000,46,2753,renamed,2764
4666,3504000,47,2766,renamed,2777
4667,3504000,45,2805,renamed,2817
4668,3504000,18,2711,renamed,2719
4669,3504000,41,2776,renamed,2786
4670,3504000,46,2745,renamed,2753
4671,3504000,43,2731,renamed,2739
4672,3513600,44,2878,renamed,2859
4673,3513600,47,2788,renamed,2766
4674,3513600,45,2824,renamed,2805
4675,3513600,40,2687,renamed,2695
4676,3513600,42,2789,renamed,2801
4677,3513600,17,2065,renamed,2033
4678,3513600,41,2765,renamed,2776
4679,3513600,36,2423,renamed,2425
4680,3520000,47,2777,renamed,2788
4681,3520000,46,2767,renamed,2745
4682,3520000,32,2195,renamed,2196
4683,3520000,44,2893,renamed,2878
4684,3520000,45,2810,renamed,2824
4685,3523200,42,2777,renamed,2789
4686,3523200,18,2703,renamed,2711
4687,3523200,41,2786,renamed,2765
4688,3523200,47,2766,renamed,2777
4689,3523200,46,2757,renamed,2767
4690,3523200,36,2453,renamed,2423
4691,3523200,42,2765,renamed,2777
4692,3523200,44,2908,renamed,2893
4693,3523200,45,2797,renamed,2810
4694,3523200,46,2747,renamed,2757
4695,3532800,43,2722,renamed,2731
4696,3532800,42,2755,renamed,2765
4697,3532800,47,2756,renamed,2766
4698,3532800,45,2787,renamed,2797
4699,3532800,36,2451,renamed,2453
4700,3532800,18,2727,renamed,2703
4701,3532800,41,2806,renamed,2786
4702,3532800,47,2746,renamed,2756
4703,3540000,34,2348,renamed,2349
4704,3540000,48,2893,stored,
4705,3540000,43,2714,renamed,2722
4706,3540000,46,2769,renamed,2747
4707,3540000,44,2922,renamed,2908
4708,3542400,45,2806,renamed,2787
4709,3542400,42,2774,renamed,2755
4710,3542400,48,2875,renamed,2893
4711,3542400,46,2757,renamed,2769
4712,3542400,47,2766,renamed,2746
4713,3542400,41,2823,renamed,2806
4714,3542400,45,2791,renamed,2806
4715,3542400,39,2416,renamed,2419
4716,3542400,36,2448,renamed,2451
4717,3542400,43,2704,renamed,2714
4718,3542400,44,2934,renamed,2922
4719,3552000,48,2858,renamed,2875
4720,3552000,47,2755,renamed,2766
4721,3552000,38,2527,renamed,2531
4722,3552000,44,2947,renamed,2934
4723,3552000,41,2809,renamed,2823
4724,3552000,45,2779,renamed,2791
4725,3552000,46,2778,renamed,2757
4726,3552000,43,2695,renamed,2704
4727,3552000,47,2745,renamed,2755
4728,3552000,36,2446,renamed,2448
4729,3552000,48,2844,renamed,2858
4730,3552000,32,2194,renamed,2195
4731,3561600,44,2960,renamed,2947
4732,3561600,47,2736,renamed,2745
4733,3561600,41,2828,renamed,2809
4734,3561600,46,2798,renamed,2778
4735,3561600,45,2798,renamed,2779
4736,3561600,48,2828,renamed,2844
4737,3561600,47,2726,renamed,2736
4738,3561600,46,2786,renamed,2798
4739,3561600,18,2718,renamed,2727
4740,3561600,37,2443,renamed,2445
4741,3561600,43,2687,renamed,2695
4742,3561600,36,2444,renamed,2446
4743,3561600,48,2816,renamed,2828
4744,3561600,38,2524,renamed,2527
4745,3571200,44,2973,renamed,2960
4746,3571200,48,2804,renamed,2816
4747,3571200,38,2552,renamed,2524
4748,3571200,43,2710,renamed,2687
4749,3571200,45,2785,renamed,2798
4750,3571200,46,2805,renamed,2786
4751,3571200,42,2762,renamed,2774
4752,3571200,47,2716,renamed,2726
4753,3571200,40,2679,renamed,2687
4754,3571200,44,2954,renamed,2973
4755,3571200,48,2793,renamed,2804
4756,3580800,43,2734,renamed,2710
4757,3580800,47,2708,renamed,2716
4758,3580800,45,2805,renamed,2785
4759,3580800,37,2472,renamed,2443
4760,3580800,46,2792,renamed,2805
4761,3580800,18,2709,renamed,2718
4762,3580800,44,2935,renamed,2954
4763,3580800,47,2700,renamed,2708
4764,3580800,42,2752,renamed,2762
4765,3580800,48,2783,renamed,2793
4766,3580800,38,2549,renamed,2552
4767,3580800,41,2847,renamed,2828
4768,3580800,47,2693,renamed,2700
4769,3590400,43,2757,renamed,2734
4770,3590400,46,2811,renamed,2792
4771,3590400,45,2792,renamed,2805
4772,3590400,44,2948,renamed,2935
4773,3590400,18,2731,renamed,2709
4774,3590400,42,2741,renamed,2752
4775,3590400,48,2771,renamed,2783
4776,3590400,37,2469,renamed,2472
4777,3590400,40,2671,renamed,2679
4778,3590400,41,2833,renamed,2847
4779,3590400,47,2686,renamed,2693
4780,3600000,46,2830,renamed,2811
4781,3600000,45,2811,renamed,2792
4782,3600000,48,2760,renamed,2771
4783,3600000,43,2747,renamed,2757
4784,3600000,42,2732,renamed,2741
4785,3600000,44,2961,renamed,2948
4786,3600000,47,2678,renamed,2686
4787,3600000,18,2722,renamed,2731
4788,3600000,46,2818,renamed,2830
4789,3600000,48,2751,renamed,2760
4790,3600000,38,2546,renamed,2549
4791,3609600,47,2672,renamed,2678
4792,3609600,45,2801,renamed,2811
4793,3609600,18,2746,renamed,2722
4794,3609600,35,2398,renamed,2400
4795,3609600,42,2724,renamed,2732
4796,3609600,43,2739,renamed,2747
4797,3609600,36,2442,renamed,2444
4798,3609600,47,2666,renamed,2672
4799,3609600,48,2743,renamed,2751
4800,3609600,41,2823,renamed,2833
4801,3609600,40,2666,renamed,2671
4802,3609600,48,2736,renamed,2743
4803,3609600,49,2972,stored,
4804,3620000,47,2693,renamed,2666
4805,3620000,18,2769,renamed,2746
4806,3620000,46,2807,renamed,2818
4807,3620000,45,2822,renamed,2801
4808,3620000,42,2716,renamed,2724
4809,3620000,44,2974,renamed,2961
4810,3620000,48,2758,renamed,2736
4811,3620000,47,2685,renamed,2693
4812,3620000,49,2953,renamed,2972
4813,3620000,34,2347,renamed,2348
4814,3620000,41,2811,renamed,2823
4815,3620000,18,2791,renamed,2769
4816,3628800,48,2749,renamed,2758
4817,3628800,46,2796,renamed,2807
4818,3628800,45,2811,renamed,2822
4819,3628800,47,2679,renamed,2685
4820,3628800,49,2937,renamed,2953
4821,3628800,43,2732,renamed,2739
4822,3628800,18,2783,renamed,2791
4823,3628800,47,2674,renamed,2679
4824,3628800,46,2788,renamed,2796
4825,3628800,48,2743,renamed,2749
4826,3628800,44,2990,renamed,2974
4827,3638400,47,2669,renamed,2674
4828,3638400,34,2346,renamed,2347
4829,3640000,49,2924,renamed,2937
4830,3640000,45,2834,renamed,2811
4831,3640000,48,2736,renamed,2743
4832,3640000,44,3005,renamed,2990
4833,3640000,46,2811,renamed,2788
4834,3640000,40,2692,renamed,2666
4835,3640000,48,2728,renamed,2736
4836,3640000,42,2709,renamed,2716
4837,3640000,47,2663,renamed,2669
4838,3640000,49,2909,renamed,2924
4839,3648000,43,2756,renamed,2732
4840,3648000,49,2925,renamed,2909
4841,3648000,44,2986,renamed,3005
4842,3648000,18,2804,renamed,2783
4843,3648000,47,2657,renamed,2663
4844,3648000,40,2685,renamed,2692
4845,3648000,45,2822,renamed,2834
4846,3648000,48,2721,renamed,2728
4847,3648000,47,2652,renamed,2657
4848,3648000,49,2911,renamed,2925
4849,3648000,46,2802,renamed,2811
4850,3648000,36,2441,renamed,2442
4851,3648000,43,2780,renamed,2756
4852,3657600,44,3000,renamed,2986
4853,3657600,41,2831,renamed,2811
4854,3657600,40,2678,renamed,2685
4855,3660000,45,2811,renamed,2822
4856,3660000,49,2897,renamed,2911
4857,3660000,49,2884,renamed,2897
4858,3660000,42,2703,renamed,2709
4859,3660000,48,2746,renamed,2721
4860,3660000,47,2647,renamed,2652
4861,3660000,43,2771,renamed,2780
4862,3660000,46,2824,renamed,2802
4863,3660000,45,2831,renamed,2811
4864,3667200,44,2981,renamed,3000
4865,3667200,41,2820,renamed,2831
4866,3667200,48,2738,renamed,2746
4867,3667200,49,2872,renamed,2884
4868,3667200,46,2845,renamed,2824
4869,3667200,40,2672,renamed,2678
4870,3667200,45,2821,renamed,2831
4871,3667200,49,2860,renamed,2872
4872,3667200,18,2795,renamed,2804
4873,3667200,47,2643,renamed,2647
4874,3667200,42,2698,renamed,2703
4875,3676800,45,2812,renamed,2821
4876,3676800,48,2732,renamed,2738
4877,3676800,43,2764,renamed,2771
4878,3676800,46,2836,renamed,2845
4879,3676800,47,2671,renamed,2643
4880,3680000,41,2842,renamed,2820
4881,3680000,44,2965,renamed,2981
4882,3680000,38,2544,renamed,2546
4883,3680000,46,2827,renamed,2836
4884,3680000,42,2693,renamed,2698
4885,3680000,49,2881,renamed,2860
4886,3680000,48,2757,renamed,2732
4887,3680000,47,2666,renamed,2671
4888,3680000,45,2803,renamed,2812
4889,3686400,49,2869,renamed,2881
4890,3686400,47,2662,renamed,2666
4891,3686400,43,2757,renamed,2764
4892,3686400,44,2981,renamed,2965
4893,3686400,38,2542,renamed,2544
4894,3686400,48,2750,renamed,2757
4895,3686400,46,2849,renamed,2827
4896,3686400,49,2858,renamed,2869
4897,3686400,18,2818,renamed,2795
4898,3686400,41,2831,renamed,2842
4899,3686400,45,2825,renamed,2803
4900,3686400,48,2742,renamed,2750
4901,3686400,50,2944,stored,
4902,3686400,49,2846,renamed,2858
4903,3696000,47,2657,renamed,2662
4904,3696000,44,2995,renamed,2981
4905,3696000,34,2345,renamed,2346
4906,3696000,18,2808,renamed,2818
4907,3700000,43,2780,renamed,2757
4908,3700000,45,2845,renamed,2825
4909,3700000,50,2927,renamed,2944
4910,3700000,41,2820,renamed,2831
4911,3700000,48,2735,renamed,2742
4912,3700000,47,2652,renamed,2657
4913,3705600,43,2772,renamed,2780
4914,3705600,50,2913,renamed,2927
4915,3705600,46,2839,renamed,2849
4916,3705600,45,2836,renamed,2845
4917,3705600,49,2837,renamed,2846
4918,3705600,48,2730,renamed,2735
4919,3705600,44,3011,renamed,2995
4920,3705600,42,2688,renamed,2693
4921,3705600,47,2648,renamed,2652
4922,3705600,36,2440,renamed,2441
4923,3705600,18,2831,renamed,2808
4924,3705600,48,2724,renamed,2730
4925,3705600,49,2859,renamed,2837
4926,3705600,46,2829,renamed,2839
4927,3705600,50,2931,renamed,2913
4928,3715200,40,2667,renamed,2672
4929,3715200,45,2826,renamed,2836
4930,3715200,47,2644,renamed,2648
4931,3715200,44,2994,renamed,3011
4932,3715200,50,2918,renamed,2931
4933,3715200,47,2672,renamed,2644
4934,3715200,43,2765,renamed,2772
4935,3720000,46,2820,renamed,2829
4936,3720000,48,2750,renamed,2724
4937,3720000,49,2848,renamed,2859
4938,3720000,44,3009,renamed,2994
4939,3720000,50,2905,renamed,2918
4940,3720000,45,2817,renamed,2826
4941,3720000,43,2789,renamed,2765
4942,3720000,42,2683,renamed,2688
4943,3724800,49,2838,renamed,2848
4944,3724800,47,2667,renamed,2672
4945,3724800,50,2893,renamed,2905
4946,3724800,47,2663,renamed,2667
4947,3724800,46,2812,renamed,2820
4948,3724800,18,2854,renamed,2831
4949,3724800,49,2829,renamed,2838
4950,3724800,43,2813,renamed,2789
4951,3724800,48,2743,renamed,2750
4952,3724800,44,2992,renamed,3009
4953,3724800,49,2820,renamed,2829
4954,3734400,49,2812,renamed,2820
4955,3734400,46,2805,renamed,2812
4956,3734400,47,2691,renamed,2663
4957,3734400,45,2840,renamed,2817
4958,3734400,49,2803,renamed,2812
4959,3734400,50,2881,renamed,2893
4960,3734400,42,2710,renamed,2683
4961,3734400,44,3006,renamed,2992
4962,3740000,48,2736,renamed,2743
4963,3740000,43,2804,renamed,2813
4964,3740000,49,2794,renamed,2803
4965,3740000,37,2467,renamed,2469
4966,3740000,41,2842,renamed,2820
4967,3744000,40,2662,renamed,2667
4968,3744000,18,2874,renamed,2854
4969,3744000,50,2868,renamed,2881
4970,3744000,36,2438,renamed,2440
4971,3744000,47,2685,renamed,2691
4972,3744000,49,2785,renamed,2794
4973,3744000,48,2761,renamed,2736
4974,3744000,42,2735,renamed,2710
4975,3744000,50,2855,renamed,2868
4976,3744000,45,2859,renamed,2840
4977,3744000,47,2678,renamed,2685
4978,3753600,46,2794,renamed,2805
4979,3753600,49,2776,renamed,2785
4980,3753600,44,2988,renamed,3006
4981,3753600,38,2571,renamed,2542
4982,3753600,18,2861,renamed,2874
4983,3753600,46,2785,renamed,2794
4984,3753600,41,2831,renamed,2842
4985,3753600,37,2465,renamed,2467
4986,3753600,50,2844,renamed,2855
4987,3753600,42,2760,renamed,2735
4988,3760000,49,2768,renamed,2776
4989,3763200,48,2784,renamed,2761
4990,3763200,43,2825,renamed,2804
4991,3763200,47,2672,renamed,2678
4992,3763200,40,2656,renamed,2662
4993,3763200,45,2877,renamed,2859
4994,3763200,50,2831,renamed,2844
4995,3763200,45,2864,renamed,2877
4996,3763200,49,2759,renamed,2768
4997,3763200,18,2849,renamed,2861
4998,3763200,48,2776,renamed,2784
4999,3763200,46,2777,renamed,2785
5000,3763200,51,2971,stored,
5001,3763200,38,2568,renamed,2571
5002,3763200,49,2752,renamed,2759
5003,3763200,44,3003,renamed,2988
5004,3763200,47,2667,renamed,2672
5005,3772800,50,2821,renamed,2831
5006,3772800,45,2854,renamed,2864
5007,3772800,42,2754,renamed,2760
5008,3772800,18,2871,renamed,2849
5009,3772800,49,2745,renamed,2752
5010,3772800,51,2956,renamed,2971
5011,3772800,48,2769,renamed,2776
5012,3772800,44,3018,renamed,3003
5013,3772800,46,2801,renamed,2777
5014,3780000,50,2812,renamed,2821
5015,3780000,45,2844,renamed,2854
5016,3780000,43,2847,renamed,2825
5017,3780000,18,2890,renamed,2871
5018,3780000,51,2940,renamed,2956
5019,3782400,41,2852,renamed,2831
5020,3782400,47,2662,renamed,2667
5021,3782400,49,2737,renamed,2745
5022,3782400,46,2792,renamed,2801
5023,3782400,38,2565,renamed,2568
5024,3782400,50,2803,renamed,2812
5025,3782400,41,2842,renamed,2852
5026,3782400,43,2868,renamed,2847
5027,3782400,44,3000,renamed,3018
5028,3782400,48,2762,renamed,2769
5029,3782400,18,2879,renamed,2890
5030,3782400,46,2816,renamed,2792
5031,3782400,40,2683,renamed,2656
5032,3792000,47,2657,renamed,2662
5033,3792000,50,2794,renamed,2803
5034,3792000,51,2956,renamed,2940
5035,3792000,43,2856,renamed,2868
5036,3792000,49,2730,renamed,2737
5037,3792000,41,2863,renamed,2842
5038,3792000,45,2864,renamed,2844
5039,3792000,48,2753,renamed,2762
5040,3792000,43,2844,renamed,2856
5041,3792000,38,2562,renamed,2565
5042,3792000,51,2940,renamed,2956
5043,3792000,47,2652,renamed,2657
5044,3800000,50,2786,renamed,2794
5045,3800000,46,2807,renamed,2816
5046,3801600,49,2724,renamed,2730
5047,3801600,48,2747,renamed,2753
5048,3801600,44,2985,renamed,3000
5049,3801600,45,2855,renamed,2864
5050,3801600,51,2959,renamed,2940
5051,3801600,50,2779,renamed,2786
5052,3801600,42,2748,renamed,2754
5053,3801600,18,2900,renamed,2879
5054,3801600,48,2741,renamed,2747
5055,3801600,49,2719,renamed,2724
5056,3801600,46,2800,renamed,2807
5057,3801600,47,2649,renamed,2652
5058,3801600,39,2415,renamed,2416
5059,3811200,51,2946,renamed,2959
5060,3811200,49,2715,renamed,2719
5061,3811200,47,2646,renamed,2649
5062,3811200,48,2736,renamed,2741
5063,3811200,51,2935,renamed,2946
5064,3811200,50,2774,renamed,2779
5065,3811200,40,2680,renamed,2683
5066,3811200,44,2973,renamed,2985
5067,3811200,45,2879,renamed,2855
5068,3820800,41,2855,renamed,2863
5069,3820800,51,2925,renamed,2935
5070,3820800,38,2560,renamed,2562
5071,3820800,50,2800,renamed,2774
5072,3820800,49,2711,renamed,2715
5073,3820800,18,2891,renamed,2900
5074,3820800,43,2837,renamed,2844
5075,3820800,48,2732,renamed,2736
5076,3820800,49,2707,renamed,2711
5077,3820800,51,2947,renamed,2925
5078,3820800,41,2847,renamed,2855
5079,3820800,42,2744,renamed,2748
5080,3820800,44,2962,renamed,2973
5081,3820800,50,2795,renamed,2800
5082,3830400,51,2937,renamed,2947
5083,3830400,49,2704,renamed,2707
5084,3830400,40,2709,renamed,2680
5085,3830400,37,2464,renamed,2465
5086,3830400,45,2871,renamed,2879
5087,3830400,47,2644,renamed,2646
5088,3830400,48,2728,renamed,2732
5089,3830400,41,2872,renamed,2847
5090,3830400,18,2882,renamed,2891
5091,3830400,50,2790,renamed,2795
5092,3830400,48,2724,renamed,2728
5093,3830400,49,2732,renamed,2704
5094,3830400,50,2784,renamed,2790
5095,3830400,46,2794,renamed,2800
5096,3830400,44,2951,renamed,2962
5097,3840000,51,2927,renamed,2937
5098,3840000,52,3079,stored,
5099,3840000,43,2831,renamed,2837
5100,3840000,40,2706,renamed,2709
5101,3840000,47,2642,renamed,2644
5102,3840000,50,2779,renamed,2784
5103,3840000,45,2895,renamed,2871
5104,3840000,51,2918,renamed,2927
5105,3840000,42,2771,renamed,2744
5106,3840000,41,2895,renamed,2872
5107,3840000,18,2903,renamed,2882
5108,3840000,49,2727,renamed,2732
5109,3840000,52,3061,renamed,3079
5110,3849600,46,2819,renamed,2794
5111,3849600,38,2558,renamed,2560
5112,3849600,51,2907,renamed,2918
5113,3849600,48,2719,renamed,2724
5114,3849600,47,2639,renamed,2642
5115,3849600,50,2773,renamed,2779
5116,3849600,52,3045,renamed,3061
5117,3849600,44,2971,renamed,2951
5118,3849600,50,2798,renamed,2773
5119,3849600,51,2896,renamed,2907
5120,3849600,48,2714,renamed,2719
5121,3849600,50,2791,renamed,2798
5122,3859200,49,2722,renamed,2727
5123,3859200,40,2702,renamed,2706
5124,3860000,41,2916,renamed,2895
5125,3860000,52,3059,renamed,3045
5126,3860000,44,2988,renamed,2971
5127,3860000,51,2884,renamed,2896
5128,3860000,48,2709,renamed,2714
5129,3860000,50,2815,renamed,2791
5130,3860000,45,2914,renamed,2895
5131,3860000,47,2666,renamed,2639
5132,3860000,49,2715,renamed,2722
5133,3868800,52,3038,renamed,3059
5134,3868800,47,2661,renamed,2666
5135,3868800,40,2727,renamed,2702
5136,3868800,51,2871,renamed,2884
5137,3868800,48,2703,renamed,2709
5138,3868800,50,2836,renamed,2815
5139,3868800,49,2708,renamed,2715
5140,3868800,46,2840,renamed,2819
5141,3868800,52,3018,renamed,3038
5142,3868800,47,2656,renamed,2661
5143,3868800,41,2902,renamed,2916
5144,3868800,49,2702,renamed,2708
5145,3868800,18,2890,renamed,2903
5146,3868800,45,2902,renamed,2914
5147,3868800,52,3002,renamed,3018
5148,3878400,39,2446,renamed,2415
5149,3880000,46,2830,renamed,2840
5150,3880000,51,2861,renamed,2871
5151,3880000,44,3004,renamed,2988
5152,3880000,50,2827,renamed,2836
5153,3880000,42,2795,renamed,2771
5154,3880000,43,2821,renamed,2831
5155,3880000,48,2698,renamed,2703
5156,3880000,49,2728,renamed,2702
5157,3880000,38,2587,renamed,2558
5158,3880000,47,2651,renamed,2656
5159,3880000,50,2816,renamed,2827
5160,3880000,52,3015,renamed,3002
5161,3888000,47,2646,renamed,2651
5162,3888000,51,2849,renamed,2861
5163,3888000,46,2850,renamed,2830
5164,3888000,49,2721,renamed,2728
5165,3888000,43,2841,renamed,2821
5166,3888000,52,2995,renamed,3015
5167,3888000,51,2837,renamed,2849
5168,3888000,40,2720,renamed,2727
5169,3888000,48,2692,renamed,2698
5170,3888000,35,2397,renamed,2398
5171,3888000,52,2978,renamed,2995
5172,3888000,18,2879,renamed,2890
5173,3888000,50,2808,renamed,2816
5174,3888000,49,2716,renamed,2721
5175,3897600,48,2688,renamed,2692
5176,3897600,41,2891,renamed,2902
5177,3897600,51,2829,renamed,2837
5178,3900000,52,2995,renamed,2978
5179,3900000,18,2869,renamed,2879
5180,3900000,48,2684,renamed,2688
5181,3900000,51,2821,renamed,2829
5182,3900000,43,2864,renamed,2841
5183,3900000,46,2841,renamed,2850
5184,3900000,50,2801,renamed,2808
5185,3900000,44,3020,renamed,3004
5186,3907200,52,2980,renamed,2995
5187,3907200,49,2711,renamed,2716
5188,3907200,47,2643,renamed,2646
5189,3907200,50,2825,renamed,2801
5190,3907200,46,2863,renamed,2841
5191,3907200,48,2679,renamed,2684
5192,3907200,18,2889,renamed,2869
5193,3907200,51,2812,renamed,2821
5194,3907200,43,2853,renamed,2864
5195,3907200,44,3003,renamed,3020
5196,3907200,51,2835,renamed,2812
5197,3907200,53,2980,stored,
5198,3916800,52,2965,renamed,2980
5199,3916800,45,2921,renamed,2902
5200,3920000,46,2852,renamed,2863
5201,3920000,18,2909,renamed,2889
5202,3920000,42,2787,renamed,2795
5203,3920000,49,2705,renamed,2711
5204,3920000,50,2847,renamed,2825
5205,3920000,47,2670,renamed,2643
5206,3920000,41,2908,renamed,2891
5207,3920000,53,2962,renamed,2980
5208,3920000,18,2895,renamed,2909
5209,3920000,44,2985,renamed,3003
5210,3920000,52,2950,renamed,2965
5211,3926400,38,2616,renamed,2587
5212,3926400,43,2873,renamed,2853
5213,3926400,51,2824,renamed,2835
5214,3926400,53,2946,renamed,2962
5215,3926400,49,2699,renamed,2705
5216,3926400,52,2935,renamed,2950
5217,3926400,46,2842,renamed,2852
5218,3926400,47,2666,renamed,2670
5219,3926400,48,2675,renamed,2679
5220,3926400,38,2613,renamed,2616
5221,3926400,50,2838,renamed,2847
5222,3926400,53,2934,renamed,2946
5223,3936000,52,2924,renamed,2935
5224,3936000,51,2848,renamed,2824
5225,3936000,47,2662,renamed,2666
5226,3936000,48,2671,renamed,2675
5227,3936000,49,2726,renamed,2699
5228,3936000,41,2927,renamed,2908
5229,3940000,46,2832,renamed,2842
5230,3940000,52,2911,renamed,2924
5231,3940000,50,2829,renamed,2838
5232,3940000,53,2922,renamed,2934
5233,3940000,51,2840,renamed,2848
5234,3940000,43,2895,renamed,2873
5235,3945600,49,2721,renamed,2726
5236,3945600,45,2910,renamed,2921
5237,3945600,18,2885,renamed,2895
5238,3945600,52,2901,renamed,2911
5239,3945600,38,2611,renamed,2613
5240,3945600,51,2833,renamed,2840
5241,3945600,53,2912,renamed,2922
5242,3945600,44,3004,renamed,2985
5243,3945600,48,2668,renamed,2671
5244,3945600,42,2781,renamed,2787
5245,3945600,46,2856,renamed,2832
5246,3945600,45,2900,renamed,2910
5247,3955200,51,2826,renamed,2833
5248,3955200,53,2933,renamed,2912
5249,3955200,52,2891,renamed,2901
5250,3955200,50,2822,renamed,2829
5251,3955200,49,2748,renamed,2721
5252,3960000,39,2445,renamed,2446
5253,3960000,45,2920,renamed,2900
5254,3960000,41,2915,renamed,2927
5255,3960000,42,2774,renamed,2781
5256,3960000,18,2875,renamed,2885
5257,3960000,43,2916,renamed,2895
5258,3964800,53,2921,renamed,2933
5259,3964800,39,2444,renamed,2445
5260,3964800,52,2881,renamed,2891
5261,3964800,48,2664,renamed,2668
5262,3964800,44,3020,renamed,3004
5263,3964800,46,2878,renamed,2856
5264,3964800,51,2817,renamed,2826
5265,3964800,50,2814,renamed,2822
5266,3964800,47,2658,renamed,2662
5267,3964800,48,2660,renamed,2664
5268,3964800,52,2902,renamed,2881
5269,3964800,53,2939,renamed,2921
5270,3974400,44,3003,renamed,3020
5271,3974400,51,2809,renamed,2817
5272,3974400,49,2742,renamed,2748
5273,3974400,18,2896,renamed,2875
5274,3974400,43,2904,renamed,2916
5275,3974400,51,2801,renamed,2809
5276,3980000,41,2934,renamed,2915
5277,3980000,50,2806,renamed,2814
5278,3980000,53,2957,renamed,2939
5279,3980000,52,2890,renamed,2902
5280,3980000,51,2793,renamed,2801
5281,3980000,49,2736,renamed,2742
5282,3980000,45,2939,renamed,2920
5283,3980000,48,2687,renamed,2660
5284,3984000,47,2653,renamed,2658
5285,3984000,53,2942,renamed,2957
5286,3984000,49,2730,renamed,2736
5287,3984000,50,2798,renamed,2806
5288,3984000,52,2879,renamed,2890
5289,3984000,51,2786,renamed,2793
5290,3984000,48,2683,renamed,2687
5291,3984000,49,2725,renamed,2730
5292,3984000,45,2927,renamed,2939
5293,3984000,39,2443,renamed,2444
5294,3984000,50,2792,renamed,2798
5295,3993600,52,2870,renamed,2879
5296,3993600,38,2609,renamed,2611
5297,3993600,51,2780,renamed,2786
5298,3993600,54,3056,stored,
5299,3993600,53,2932,renamed,2942
5300,3993600,39,2442,renamed,2443
5301,3993600,42,2800,renamed,2774
5302,3993600,52,2892,renamed,2870
5303,4000000,46,2899,renamed,2878
5304,4000000,54,3069,renamed,3056
5305,4000000,49,2719,renamed,2725
5306,4000000,45,2945,renamed,2927
5307,4000000,53,2949,renamed,2932
5308,4000000,44,2986,renamed,3003
5309,4000000,52,2880,renamed,2892
5310,4003200,54,3050,renamed,3069
5311,4003200,51,2804,renamed,2780
5312,4003200,50,2784,renamed,2792
5313,4003200,37,2463,renamed,2464
5314,4003200,53,2935,renamed,2949
5315,4003200,52,2870,renamed,2880
5316,4003200,40,2715,renamed,2720
5317,4003200,54,3033,renamed,3050
5318,4003200,38,2606,renamed,2609
5319,4003200,51,2798,renamed,2804
5320,4003200,53,2924,renamed,2935
5321,4003200,45,2934,renamed,2945
5322,4012800,52,2862,renamed,2870
5323,4012800,43,2926,renamed,2904
5324,4012800,48,2680,renamed,2683
5325,4012800,51,2792,renamed,2798
5326,4012800,54,3019,renamed,3033
5327,4012800,53,2915,renamed,2924
5328,4012800,52,2855,renamed,2862
5329,4012800,50,2779,renamed,2784
5330,4012800,18,2889,renamed,2896
5331,4012800,37,2494,renamed,2463
5332,4020000,39,2441,renamed,2442
5333,4022400,53,2906,renamed,2915
5334,4022400,54,3037,renamed,3019
5335,4022400,49,2715,renamed,2719
5336,4022400,52,2879,renamed,2855
5337,4022400,51,2786,renamed,2792
5338,4022400,50,2774,renamed,2779
5339,4022400,44,3004,renamed,2986
5340,4022400,49,2711,renamed,2715
5341,4022400,54,3022,renamed,3037
5342,4022400,46,2890,renamed,2899
5343,4022400,18,2881,renamed,2889
5344,4022400,51,2781,renamed,2786
5345,4022400,53,2898,renamed,2906
5346,4032000,54,3040,renamed,3022
5347,4032000,43,2917,renamed,2926
5348,4032000,52,2872,renamed,2879
5349,4032000,50,2770,renamed,2774
5350,4032000,51,2776,renamed,2781
5351,4032000,42,2795,renamed,2800
5352,4032000,54,3027,renamed,3040
5353,4032000,38,2604,renamed,2606
5354,4032000,53,2891,renamed,2898
5355,4032000,40,2712,renamed,2715
5356,4032000,46,2884,renamed,2890
5357,4032000,52,2866,renamed,2872
5358,4040000,53,2885,renamed,2891
5359,4041600,50,2767,renamed,2770
5360,4041600,51,2773,renamed,2776
5361,4041600,54,3017,renamed,3027
5362,4041600,49,2709,renamed,2711
5363,4041600,44,3026,renamed,3004
5364,4041600,54,3007,renamed,3017
5365,4041600,46,2910,renamed,2884
5366,4041600,40,2709,renamed,2712
5367,4041600,42,2822,renamed,2795
5368,4041600,43,2940,renamed,2917
5369,4041600,39,2440,renamed,2441
5370,4041600,53,2877,renamed,2885
5371,4041600,18,2905,renamed,2881
5372,4041600,51,2768,renamed,2773
5373,4051200,50,2762,renamed,2767
5374,4051200,51,2763,renamed,2768
5375,4051200,52,2859,renamed,2866
5376,4051200,54,3026,renamed,3007
5377,4051200,46,2901,renamed,2910
5378,4051200,36,2437,renamed,2438
5379,4051200,53,2869,renamed,2877
5380,4051200,54,3044,renamed,3026
5381,4051200,51,2789,renamed,2763
5382,4051200,46,2891,renamed,2901
5383,4051200,48,2677,renamed,2680
5384,4051200,52,2851,renamed,2859
5385,4060000,47,2650,renamed,2653
5386,4060800,41,2924,renamed,2934
5387,4060800,44,3043,renamed,3026
5388,4060800,50,2757,renamed,2762
5389,4060800,54,3060,renamed,3044
5390,4060800,42,2846,renamed,2822
5391,4060800,18,2894,renamed,2905
5392,4060800,51,2814,renamed,2789
5393,4060800,36,2436,renamed,2437
5394,4060800,53,2859,renamed,2869
5395,4060800,50,2751,renamed,2757
5396,4060800,55,3018,stored,
5397,4060800,44,3027,renamed,3043
5398,4060800,52,2843,renamed,2851
5399,4060800,46,2882,renamed,2891
5400,4070400,54,3044,renamed,3060
5401,4070400,55,3005,renamed,3018
5402,4070400,51,2840,renamed,2814
5403,4070400,48,2705,renamed,2677
5404,4070400,45,2953,renamed,2934
5405,4070400,49,2704,renamed,2709
5406,4070400,52,2835,renamed,2843
5407,4070400,53,2850,renamed,2859
5408,4070400,55,2991,renamed,3005
5409,4080000,18,2916,renamed,2894
5410,4080000,54,3028,renamed,3044
5411,4080000,42,2838,renamed,2846
5412,4080000,44,3043,renamed,3027
5413,4080000,53,2842,renamed,2850
5414,4080000,43,2960,renamed,2940
5415,4080000,55,2977,renamed,2991
5416,4080000,49,2700,renamed,2704
5417,4080000,41,2944,renamed,2924
5418,4080000,52,2827,renamed,2835
5419,4080000,45,2941,renamed,2953
5420,4080000,51,2832,renamed,2840
5421,4080000,55,2965,renamed,2977
5422,4089600,43,2949,renamed,2960
5423,4089600,54,3015,renamed,3028
5424,4089600,42,2832,renamed,2838
5425,4089600,53,2836,renamed,2842
5426,4089600,52,2822,renamed,2827
5427,4089600,44,3061,renamed,3043
5428,4089600,51,2826,renamed,2832
5429,4089600,46,2906,renamed,2882
5430,4089600,18,2907,renamed,2916
5431,4089600,55,2954,renamed,2965
5432,4089600,50,2747,renamed,2751
5433,4089600,38,2602,renamed,2604
5434,4089600,54,3003,renamed,3015
5435,4099200,52,2848,renamed,2822
5436,4100000,50,2743,renamed,2747
5437,4100000,44,3047,renamed,3061
5438,4100000,53,2830,renamed,2836
5439,4100000,49,2697,renamed,2700
5440,4100000,55,2976,renamed,2954
5441,4100000,49,2694,renamed,2697
5442,4100000,51,2820,renamed,2826
5443,4100000,54,2992,renamed,3003
5444,4100000,17,2097,renamed,2065
5445,4100000,46,2897,renamed,2906
5446,4100000,40,2706,renamed,2709
5447,4100000,53,2824,renamed,2830
5448,4100000,51,2815,renamed,2820
5449,4100000,52,2842,renamed,2848
5450,4108800,45,2932,renamed,2941
5451,4108800,55,2966,renamed,2976
5452,4108800,54,2982,renamed,2992
5453,4108800,55,2988,renamed,2966
5454,4108800,50,2740,renamed,2743
5455,4108800,53,2819,renamed,2824
5456,4108800,49,2691,renamed,2694
5457,4108800,46,2921,renamed,2897
5458,4108800,54,3002,renamed,2982
5459,4108800,51,2840,renamed,2815
5460,4108800,55,2975,renamed,2988
5461,4108800,18,2898,renamed,2907
5462,4108800,52,2835,renamed,2842
5463,4108800,46,2943,renamed,2921
5464,4118400,53,2813,renamed,2819
5465,4120000,54,2989,renamed,3002
5466,4120000,37,2493,renamed,2494
5467,4120000,51,2834,renamed,2840
5468,4120000,41,2965,renamed,2944
5469,4120000,55,2963,renamed,2975
5470,4120000,50,2736,renamed,2740
5471,4120000,44,3033,renamed,3047
5472,4128000,54,2978,renamed,2989
5473,4128000,42,2827,renamed,2832
5474,4128000,40,2703,renamed,2706
5475,4128000,46,2934,renamed,2943
5476,4128000,53,2808,renamed,2813
5477,4128000,49,2689,renamed,2691
5478,4128000,55,2954,renamed,2963
5479,4128000,44,3022,renamed,3033
5480,4128000,52,2831,renamed,2835
5481,4128000,51,2830,renamed,2834
5482,4128000,53,2804,renamed,2808
5483,4128000,50,2765,renamed,2736
5484,4128000,54,2969,renamed,2978
5485,4128000,46,2927,renamed,2934
5486,4137600,45,2956,renamed,2932
5487,4137600,18,2891,renamed,2898
5488,4140000,42,2854,renamed,2827
5489,4140000,41,2955,renamed,2965
5490,4140000,35,2396,renamed,2397
5491,4140000,44,3011,renamed,3022
5492,4140000,55,2946,renamed,2954
5493,4140000,51,2825,renamed,2830
5494,4140000,54,2991,renamed,2969
5495,4140000,52,2826,renamed,2831
5496,4140000,56,3119,stored,
5497,4140000,50,2761,renamed,2765
5498,4147200,49,2687,renamed,2689
5499,4147200,46,2950,renamed,2927
5500,4147200,18,2884,renamed,2891
5501,4147200,53,2799,renamed,2804
5502,4147200,45,2947,renamed,2956
5503,4147200,56,3104,renamed,3119
5504,4147200,55,2938,renamed,2946
5505,4147200,48,2703,renamed,2705
5506,4147200,18,2878,renamed,2884
5507,4147200,54,3013,renamed,2991
5508,4147200,41,2947,renamed,2955
5509,4147200,46,2973,renamed,2950
5510,4156800,55,2930,renamed,2938
5511,4156800,52,2852,renamed,2826
5512,4160000,45,2938,renamed,2947
5513,4160000,53,2794,renamed,2799
5514,4160000,56,3089,renamed,3104
5515,4160000,55,2922,renamed,2930
5516,4160000,49,2716,renamed,2687
5517,4160000,54,3002,renamed,3013
5518,4160000,41,2939,renamed,2947
5519,4160000,44,3031,renamed,3011
5520,4166400,52,2877,renamed,2852
5521,4166400,53,2820,renamed,2794
5522,4166400,42,2847,renamed,2854
5523,4166400,53,2814,renamed,2820
5524,4166400,55,2943,renamed,2922
5525,4166400,18,2900,renamed,2878
5526,4166400,56,3071,renamed,3089
5527,4166400,45,2927,renamed,2938
5528,4166400,54,2989,renamed,3002
5529,4166400,37,2492,renamed,2493
5530,4166400,55,2933,renamed,2943
5531,4166400,46,2993,renamed,2973
5532,4166400,18,2891,renamed,2900
5533,4176000,44,3048,renamed,3031
5534,4176000,56,3055,renamed,3071
5535,4176000,43,2969,renamed,2949
5536,4176000,50,2756,renamed,2761
5537,4176000,52,2899,renamed,2877
5538,4176000,55,2922,renamed,2933
5539,4180000,48,2699,renamed,2703
5540,4180000,53,2838,renamed,2814
5541,4180000,54,2975,renamed,2989
5542,4180000,52,2920,renamed,2899
5543,4180000,46,2978,renamed,2993
5544,4180000,51,2818,renamed,2825
5545,4185600,49,2712,renamed,2716
5546,4185600,55,2912,renamed,2922
5547,4185600,56,3070,renamed,3055
5548,4185600,52,2909,renamed,2920
5549,4185600,53,2831,renamed,2838
5550,4185600,54,2963,renamed,2975
5551,4185600,50,2751,renamed,2756
5552,4185600,46,2967,renamed,2978
5553,4185600,56,3055,renamed,3070
5554,4185600,43,2959,renamed,2969
5555,4185600,51,2813,renamed,2818
5556,4185600,55,2905,renamed,2912
5557,4185600,54,2954,renamed,2963
5558,4185600,47,2648,renamed,2650
5559,4185600,48,2728,renamed,2699
5560,4195200,45,2919,renamed,2927
5561,4195200,42,2872,renamed,2847
5562,4195200,55,2897,renamed,2905
5563,4195200,56,3041,renamed,3055
5564,4195200,18,2884,renamed,2891
5565,4195200,53,2857,renamed,2831
5566,4195200,52,2901,renamed,2909
5567,4200000,50,2747,renamed,2751
5568,4200000,54,2975,renamed,2954
5569,4200000,51,2807,renamed,2813
5570,4200000,48,2724,renamed,2728
5571,4200000,56,3028,renamed,3041
5572,4200000,55,2890,renamed,2897
5573,4204800,45,2911,renamed,2919
5574,4204800,54,2966,renamed,2975
5575,4204800,53,2852,renamed,2857
5576,4204800,52,2894,renamed,2901
5577,4204800,40,2701,renamed,2703
5578,4204800,18,2878,renamed,2884
5579,4204800,41,2932,renamed,2939
5580,4204800,53,2847,renamed,2852
5581,4204800,55,2885,renamed,2890
5582,4204800,54,2959,renamed,2966
5583,4204800,56,3019,renamed,3028
5584,4204800,51,2804,renamed,2807
5585,4204800,46,2960,renamed,2967
5586,4214400,38,2601,renamed,2602
5587,4214400,54,2953,renamed,2959
5588,4214400,43,2953,renamed,2959
5589,4214400,55,2881,renamed,2885
5590,4214400,44,3070,renamed,3048
5591,4220000,45,2937,renamed,2911
5592,4220000,52,2920,renamed,2894
5593,4220000,53,2842,renamed,2847
5594,4220000,57,3139,stored,
5595,4220000,46,2952,renamed,2960
5596,4220000,56,3009,renamed,3019
5597,4220000,49,2710,renamed,2712
5598,4224000,54,2977,renamed,2953
5599,4224000,18,2872,renamed,2878
5600,4224000,42,2867,renamed,2872
5601,4224000,51,2800,renamed,2804
5602,4224000,55,2876,renamed,2881
5603,4224000,57,3155,renamed,3139
5604,4224000,54,2968,renamed,2977
5605,4224000,40,2730,renamed,2701
5606,4224000,44,3057,renamed,3070
5607,4224000,46,2944,renamed,2952
5608,4224000,55,2870,renamed,2876
5609,4224000,56,2999,renamed,3009
5610,4233600,57,3140,renamed,3155
5611,4233600,43,2946,renamed,2953
5612,4233600,54,2961,renamed,2968
5613,4233600,53,2838,renamed,2842
5614,4233600,50,2745,renamed,2747
5615,4233600,56,3022,renamed,2999
5616,4233600,57,3126,renamed,3140
5617,4233600,18,2868,renamed,2872
5618,4233600,52,2915,renamed,2920
5619,4240000,42,2863,renamed,2867
5620,4240000,54,2955,renamed,2961
5621,4240000,56,3045,renamed,3022
5622,4240000,53,2834,renamed,2838
5623,4240000,55,2866,renamed,2870
5624,4243200,44,3078,renamed,3057
5625,4243200,51,2828,renamed,2800
5626,4243200,43,2938,renamed,2946
5627,4243200,52,2940,renamed,2915
5628,4243200,42,2888,renamed,2863
5629,4243200,57,3140,renamed,3126
5630,4243200,52,2931,renamed,2940
5631,4243200,54,2945,renamed,2955
5632,4243200,55,2891,renamed,2866
5633,4243200,46,2934,renamed,2944
5634,4243200,56,3032,renamed,3045
5635,4252800,53,2860,renamed,2834
5636,4252800,52,2952,renamed,2931
5637,4252800,54,2934,renamed,2945
5638,4252800,55,2883,renamed,2891
5639,4252800,45,2927,renamed,2937
5640,4252800,51,2822,renamed,2828
5641,4252800,54,2925,renamed,2934
5642,4252800,56,3020,renamed,3032
5643,4252800,57,3123,renamed,3140
5644,4252800,42,2913,renamed,2888
5645,4260000,53,2885,renamed,2860
5646,4260000,55,2906,renamed,2883
5647,4262400,51,2815,renamed,2822
5648,4262400,52,2941,renamed,2952
5649,4262400,57,3105,renamed,3123
5650,4262400,18,2892,renamed,2868
5651,4262400,44,3093,renamed,3078
5652,4262400,56,3036,renamed,3020
5653,4262400,55,2896,renamed,2906
5654,4262400,53,2876,renamed,2885
5655,4262400,46,2924,renamed,2934
5656,4262400,54,2915,renamed,2925
5657,4262400,52,2931,renamed,2941
5658,4272000,57,3089,renamed,3105
5659,4272000,44,3078,renamed,3093
5660,4272000,45,2919,renamed,2927
5661,4272000,53,2870,renamed,2876
5662,4272000,55,2921,renamed,2896
5663,4272000,47,2646,renamed,2648
5664,4272000,56,3024,renamed,3036
5665,4272000,57,3075,renamed,3089
5666,4272000,41,2956,renamed,2932
5667,4280000,53,2864,renamed,2870
5668,4280000,54,2908,renamed,2915
5669,4280000,52,2923,renamed,2931
5670,4281600,55,2914,renamed,2921
5671,4281600,55,2907,renamed,2914
5672,4281600,43,2962,renamed,2938
5673,4281600,45,2943,renamed,2919
5674,4281600,57,3091,renamed,3075
5675,4281600,56,3042,renamed,3024
5676,4281600,54,2899,renamed,2908
5677,4281600,55,2898,renamed,2907
5678,4281600,53,2857,renamed,2864
5679,4281600,44,3094,renamed,3078
5680,4291200,41,2946,renamed,2956
5681,4291200,57,3075,renamed,3091
5682,4291200,46,2916,renamed,2924
5683,4291200,40,2758,renamed,2730
5684,4291200,43,2982,renamed,2962
5685,4291200,45,2932,renamed,2943
5686,4291200,50,2772,renamed,2745
5687,4291200,42,2903,renamed,2913
5688,4291200,52,2944,renamed,2923
5689,4291200,57,3058,renamed,3075
5690,4291200,54,2890,renamed,2899
5691,4300000,53,2850,renamed,2857
5692,4300000,56,3058,renamed,3042
5693,4300000,52,2933,renamed,2944
5694,4300800,55,2889,renamed,2898
5695,4300800,58,3067,stored,
5696,4300800,51,2809,renamed,2815
5697,4300800,45,2923,renamed,2932
5698,4300800,41,2967,renamed,2946
5699,4300800,51,2834,renamed,2809
5700,4300800,34,2344,renamed,2345
5701,4300800,57,3042,renamed,3058
5702,4300800,51,2827,renamed,2834
5703,4300800,55,2881,renamed,2889
5704,4300800,56,3043,renamed,3058
5705,4300800,54,2882,renamed,2890
5706,4300800,44,3109,renamed,3094
5707,4310400,53,2843,renamed,2850
5708,4310400,45,2914,renamed,2923
5709,4310400,58,3053,renamed,3067
5710,4310400,56,3061,renamed,3043
5711,4310400,41,2957,renamed,2967
5712,4310400,18,2885,renamed,2892
5713,4310400,55,2874,renamed,2881
5714,4310400,57,3060,renamed,3042
5715,4310400,55,2898,renamed,2874
5716,4310400,52,2923,renamed,2933
5717,4310400,54,2874,renamed,2882
5718,4310400,53,2837,renamed,2843
5719,4310400,57,3046,renamed,3060
5720,4320000,18,2878,renamed,2885
5721,4320000,58,3040,renamed,3053
5722,4320000,44,3125,renamed,3109
5723,4320000,56,3078,renamed,3061
5724,4320000,46,2908,renamed,2916
5725,4320000,55,2891,renamed,2898
5726,4320000,54,2868,renamed,2874
5727,4320000,58,3028,renamed,3040
5728,4320000,42,2896,renamed,2903
5729,4320000,57,3065,renamed,3046
5730,4320000,49,2739,renamed,2710
5731,4329600,53,2862,renamed,2837
5732,4329600,45,2905,renamed,2914
5733,4329600,41,2946,renamed,2957
5734,4329600,58,3015,renamed,3028
5735,4329600,56,3063,renamed,3078
5736,4329600,48,2721,renamed,2724
5737,4329600,52,2946,renamed,2923
5738,4329600,55,2883,renamed,2891
5739,4329600,46,2900,renamed,2908
5740,4329600,57,3082,renamed,3065
5741,4329600,54,2861,renamed,2868
5742,4340000,41,2937,renamed,2946
5743,4340000,52,2968,renamed,2946
5744,4340000,42,2888,renamed,2896
5745,4340000,46,2892,renamed,2900
5746,4340000,58,3034,renamed,3015
5747,4340000,56,3048,renamed,3063
5748,4340000,43,2971,renamed,2982
5749,4340000,44,3109,renamed,3125
5750,4340000,53,2856,renamed,2862
5751,4340000,58,3023,renamed,3034
5752,4340000,57,3069,renamed,3082
5753,4340000,48,2750,renamed,2721
5754,4340000,54,2855,renamed,2861
5755,4340000,51,2822,renamed,2827
5756,4348800,57,3056,renamed,3069
5757,4348800,55,2877,renamed,2883
5758,4348800,56,3068,renamed,3048
5759,4348800,44,3095,renamed,3109
5760,4348800,41,2930,renamed,2937
5761,4348800,42,2882,renamed,2888
5762,4348800,53,2851,renamed,2856
5763,4348800,58,3044,renamed,3023
5764,4348800,45,2899,renamed,2905
5765,4348800,57,3045,renamed,3056
5766,4348800,58,3034,renamed,3044
5767,4348800,51,2818,renamed,2822
5768,4358400,54,2851,renamed,2855
5769,4358400,42,2877,renamed,2882
5770,4358400,40,2755,renamed,2758
5771,4358400,56,3058,renamed,3068
5772,4360000,55,2904,renamed,2877
5773,4360000,57,3035,renamed,3045
5774,4360000,58,3025,renamed,3034
5775,4360000,54,2847,renamed,2851
5776,4360000,53,2847,renamed,2851
5777,4360000,50,2769,renamed,2772
5778,4360000,44,3084,renamed,3095
5779,4360000,42,2904,renamed,2877
5780,4368000,55,2899,renamed,2904
5781,4368000,58,3047,renamed,3025
5782,4368000,53,2843,renamed,2847
5783,4368000,56,3047,renamed,3058
5784,4368000,57,3056,renamed,3035
5785,4368000,40,2752,renamed,2755
5786,4368000,54,2843,renamed,2847
5787,4368000,44,3072,renamed,3084
5788,4368000,49,2737,renamed,2739
5789,4368000,18,2905,renamed,2878
5790,4368000,55,2924,renamed,2899
5791,4368000,41,2923,renamed,2930
5792,4377600,58,3036,renamed,3047
5793,4377600,57,3045,renamed,3056
5794,4377600,58,3026,renamed,3036
5795,4377600,59,3170,stored,
5796,4380000,47,2645,renamed,2646
5797,4380000,54,2839,renamed,2843
5798,4380000,53,2870,renamed,2843
5799,4380000,59,3154,renamed,3170
5800,4380000,56,3037,renamed,3047
5801,4380000,52,2961,renamed,2968
5802,4380000,40,2750,renamed,2752
5803,4380000,59,3140,renamed,3154
5804,4380000,58,3018,renamed,3026
5805,4380000,57,3067,renamed,3045
5806,4380000,44,3062,renamed,3072
5807,4380000,52,2955,renamed,2961
5808,4387200,55,2919,renamed,2924
5809,4387200,18,2932,renamed,2905
5810,4387200,57,3057,renamed,3067
5811,4387200,42,2899,renamed,2904
5812,4387200,43,2964,renamed,2971
5813,4387200,56,3028,renamed,3037
5814,4387200,55,2914,renamed,2919
5815,4387200,58,3041,renamed,3018
5816,4387200,51,2815,renamed,2818
5817,4387200,59,3158,renamed,3140
5818,4387200,57,3077,renamed,3057
5819,4387200,54,2866,renamed,2839
5820,4387200,40,2747,renamed,2750
5821,4396800,59,3142,renamed,3158
5822,4396800,50,2766,renamed,2769
5823,4396800,56,3018,renamed,3028
5824,4396800,38,2600,renamed,2601
5825,4396800,55,2908,renamed,2914
5826,4396800,58,3031,renamed,3041
5827,4400000,52,2948,renamed,2955
5828,4400000,59,3129,renamed,3142
5829,4400000,57,3067,renamed,3077
5830,4400000,59,3117,renamed,3129
5831,4400000,48,2748,renamed,2750
5832,4400000,55,2904,renamed,2908
5833,4400000,41,2950,renamed,2923
5834,4400000,58,3023,renamed,3031
5835,4406400,59,3106,renamed,3117
5836,4406400,56,3011,renamed,3018
5837,4406400,53,2898,renamed,2870
5838,4406400,58,3015,renamed,3023
5839,4406400,57,3058,renamed,3067
5840,4406400,55,2900,renamed,2904
5841,4406400,43,2989,renamed,2964
5842,4406400,54,2893,renamed,2866
5843,4406400,44,3051,renamed,3062
5844,4406400,59,3094,renamed,3106
5845,4406400,42,2894,renamed,2899
5846,4406400,58,3007,renamed,3015
5847,4406400,46,2888,renamed,2892
5848,4416000,57,3049,renamed,3058
5849,4416000,55,2896,renamed,2900
5850,4416000,59,3084,renamed,3094
5851,4416000,42,2890,renamed,2894
5852,4416000,56,3035,renamed,3011
5853,4420000,52,2942,renamed,2948
5854,4420000,58,3000,renamed,3007
5855,4420000,51,2812,renamed,2815
5856,4420000,53,2894,renamed,2898
5857,4420000,58,2994,renamed,3000
5858,4420000,55,2892,renamed,2896
5859,4420000,59,3075,renamed,3084
5860,4420000,57,3042,renamed,3049
5861,4425600,56,3028,renamed,3035
5862,4425600,46,2885,renamed,2888
5863,4425600,57,3035,renamed,3042
5864,4425600,54,2890,renamed,2893
5865,4425600,55,2889,renamed,2892
5866,4425600,53,2891,renamed,2894
5867,4425600,46,2882,renamed,2885
5868,4425600,59,3068,renamed,3075
5869,4425600,58,3021,renamed,2994
5870,4425600,54,2887,renamed,2890
5871,4425600,57,3060,renamed,3035
5872,4425600,44,3043,renamed,3051
5873,4435200,55,2886,renamed,2889
5874,4435200,53,2888,renamed,2891
5875,4435200,54,2884,renamed,2887
5876,4435200,56,3022,renamed,3028
5877,4435200,58,3046,renamed,3021
5878,4435200,59,3060,renamed,3068
5879,4435200,52,2938,renamed,2942
5880,4435200,51,2810,renamed,2812
5881,4435200,41,2946,renamed,2950
5882,4440000,58,3039,renamed,3046
5883,4440000,57,3053,renamed,3060
5884,4440000,56,3047,renamed,3022
5885,4440000,44,3036,renamed,3043
5886,4444800,45,2927,renamed,2899
5887,4444800,58,3031,renamed,3039
5888,4444800,52,2933,renamed,2938
5889,4444800,43,2983,renamed,2989
5890,4444800,56,3040,renamed,3047
5891,4444800,54,2881,renamed,2884
5892,4444800,59,3084,renamed,3060
5893,4444800,57,3076,renamed,3053
5894,4444800,60,3214,stored,
5895,4444800,55,2882,renamed,2886
5896,4444800,58,3023,renamed,3031
5897,4444800,42,2886,renamed,2890
5898,4444800,59,3075,renamed,3084
5899,4444800,18,2927,renamed,2932
5900,4444800,56,3033,renamed,3040
5901,4444800,52,2929,renamed,2933
5902,4444800,59,3067,renamed,3075
5903,4454400,57,3099,renamed,3076
5904,4454400,43,2977,renamed,2983
5905,4454400,58,3016,renamed,3023
5906,4454400,60,3200,renamed,3214
5907,4454400,55,2879,renamed,2882
5908,4454400,59,3060,renamed,3067
5909,4460000,41,2942,renamed,2946
5910,4460000,57,3091,renamed,3099
5911,4460000,56,3027,renamed,3033
5912,4460000,55,2876,renamed,2879
5913,4460000,58,3042,renamed,3016
5914,4460000,50,2764,renamed,2766
5915,4460000,46,2879,renamed,2882
5916,4464000,59,3053,renamed,3060
5917,4464000,60,3188,renamed,3200
5918,4464000,58,3036,renamed,3042
5919,4464000,49,2736,renamed,2737
5920,4464000,41,2939,renamed,2942
5921,4464000,59,3078,renamed,3053
5922,4464000,52,2957,renamed,2929
5923,4464000,57,3113,renamed,3091
5924,4464000,56,3020,renamed,3027
5925,4464000,55,2873,renamed,2876
5926,4464000,60,3175,renamed,3188
5927,4464000,59,3070,renamed,3078
5928,4464000,47,2644,renamed,2645
5929,4473600,48,2746,renamed,2748
5930,4473600,58,3060,renamed,3036
5931,4473600,18,2923,renamed,2927
5932,4473600,52,2952,renamed,2957
5933,4473600,57,3134,renamed,3113
5934,4473600,60,3162,renamed,3175
5935,4480000,51,2808,renamed,2810
5936,4480000,43,2972,renamed,2977
5937,4480000,50,2762,renamed,2764
5938,4480000,58,3052,renamed,3060
5939,4480000,56,3014,renamed,3020
5940,4480000,59,3062,renamed,3070
5941,4480000,45,2955,renamed,2927
5942,4483200,42,2882,renamed,2886
5943,4483200,54,2878,renamed,2881
5944,4483200,57,3124,renamed,3134
5945,4483200,60,3182,renamed,3162
5946,4483200,59,3054,renamed,3062
5947,4483200,41,2935,renamed,2939
5948,4483200,58,3045,renamed,3052
5949,4483200,51,2806,renamed,2808
5950,4483200,57,3115,renamed,3124
5951,4483200,54,2907,renamed,2878
5952,4483200,58,3069,renamed,3045
5953,4492800,60,3168,renamed,3182
5954,4492800,46,2875,renamed,2879
5955,4492800,42,2878,renamed,2882
5956,4492800,59,3046,renamed,3054
5957,4492800,56,3008,renamed,3014
5958,4492800,57,3106,renamed,3115
5959,4492800,58,3062,renamed,3069
5960,4492800,60,3157,renamed,3168
5961,4492800,55,2870,renamed,2873
5962,4492800,59,3040,renamed,3046
5963,4492800,56,3003,renamed,3008
5964,4492800,44,3062,renamed,3036
5965,4500000,40,2777,renamed,2747
5966,4502400,54,2903,renamed,2907
5967,4502400,59,3033,renamed,3040
5968,4502400,18,2950,renamed,2923
5969,4502400,57,3096,renamed,3106
5970,4502400,58,3054,renamed,3062
5971,4502400,41,2931,renamed,2935
5972,4502400,60,3176,renamed,3157
5973,4502400,45,2950,renamed,2955
5974,4502400,57,3087,renamed,3096
5975,4502400,49,2766,renamed,2736
5976,4502400,58,3045,renamed,3054
5977,4502400,51,2803,renamed,2806
5978,4502400,54,2899,renamed,2903
5979,4502400,53,2916,renamed,2888
5980,4502400,57,3077,renamed,3087
5981,4502400,60,3162,renamed,3176
5982,4502400,59,3025,renamed,3033
5983,4502400,46,2872,renamed,2875
5984,4512000,56,2997,renamed,3003
5985,4512000,44,3054,renamed,3062
5986,4512000,42,2875,renamed,2878
5987,4512000,58,3038,renamed,3045
5988,4512000,57,3100,renamed,3077
5989,4512000,49,2796,renamed,2766
5990,4512000,60,3149,renamed,3162
5991,4512000,57,3090,renamed,3100
5992,4512000,58,3030,renamed,3038
5993,4512000,61,3243,stored,
5994,4512000,59,3049,renamed,3025
5995,4512000,56,2990,renamed,2997
5996,4512000,55,2866,renamed,2870
5997,4520000,53,2912,renamed,2916
5998,4521600,48,2744,renamed,2746
5999,4521600,60,3137,renamed,3149
6000,4521600,41,2927,renamed,2931
6001,4521600,43,2967,renamed,2972
6002,4521600,58,3023,renamed,3030
6003,4521600,44,3047,renamed,3054
6004,4521600,61,3229,renamed,3243
6005,4521600,59,3043,renamed,3049
6006,4521600,57,3083,renamed,3090
6007,4521600,58,3018,renamed,3023
6008,4521600,42,2873,renamed,2875
6009,4521600,56,2986,renamed,2990
6010,4521600,54,2896,renamed,2899
6011,4531200,60,3160,renamed,3137
6012,4531200,41,2955,renamed,2927
6013,4531200,57,3075,renamed,3083
6014,4531200,55,2863,renamed,2866
6015,4531200,59,3068,renamed,3043
6016,4531200,49,2825,renamed,2796
6017,4531200,61,3244,renamed,3229
6018,4531200,42,2900,renamed,2873
6019,4531200,38,2599,renamed,2600
6020,4531200,58,3009,renamed,3018
6021,4531200,60,3146,renamed,3160
6022,4540000,52,2946,renamed,2952
6023,4540000,59,3058,renamed,3068
6024,4540800,61,3258,renamed,3244
6025,4540800,57,3065,renamed,3075
6026,4540800,48,2742,renamed,2744
6027,4540800,56,2979,renamed,2986
6028,4540800,43,2961,renamed,2967
6029,4540800,58,3002,renamed,3009
6030,4540800,44,3070,renamed,3047
6031,4540800,60,3164,renamed,3146
6032,4540800,59,3048,renamed,3058
6033,4540800,61,3240,renamed,3258
6034,4540800,58,2995,renamed,3002
6035,4540800,55,2860,renamed,2863
6036,4540800,57,3056,renamed,3065
6037,4550400,46,2869,renamed,2872
6038,4550400,54,2892,renamed,2896
6039,4550400,59,3041,renamed,3048
6040,4550400,56,3005,renamed,2979
6041,4550400,40,2775,renamed,2777
6042,4550400,44,3061,renamed,3070
6043,4550400,61,3225,renamed,3240
6044,4550400,60,3153,renamed,3164
6045,4550400,57,3049,renamed,3056
6046,4550400,43,2957,renamed,2961
6047,4550400,58,2990,renamed,2995
6048,4550400,54,2889,renamed,2892
6049,4550400,59,3035,renamed,3041
6050,4550400,51,2801,renamed,2803
6051,4560000,58,2985,renamed,2990
6052,4560000,61,3213,renamed,3225
6053,4560000,43,2953,renamed,2957
6054,4560000,42,2897,renamed,2900
6055,4560000,60,3144,renamed,3153
6056,4560000,55,2858,renamed,2860
6057,4560000,52,2974,renamed,2946
6058,4560000,57,3043,renamed,3049
6059,4560000,53,2941,renamed,2912
6060,4560000,59,3029,renamed,3035
6061,4560000,61,3201,renamed,3213
6062,4569600,56,3000,renamed,3005
6063,4569600,55,2856,renamed,2858
6064,4569600,53,2938,renamed,2941
6065,4569600,60,3135,renamed,3144
6066,4569600,58,2981,renamed,2985
6067,4569600,57,3038,renamed,3043
6068,4569600,50,2761,renamed,2762
6069,4569600,41,2952,renamed,2955
6070,4569600,53,2935,renamed,2938
6071,4569600,61,3191,renamed,3201
6072,4569600,42,2895,renamed,2897
6073,4569600,44,3087,renamed,3061
6074,4569600,55,2854,renamed,2856
6075,4569600,40,2774,renamed,2775
6076,4569600,43,2950,renamed,2953
6077,4569600,56,2996,renamed,3000
6078,4580000,60,3127,renamed,3135
6079,4580000,50,2792,renamed,2761
6080,4580000,61,3181,renamed,3191
6081,4580000,58,2977,renamed,2981
6082,4580000,60,3119,renamed,3127
6083,4580000,57,3033,renamed,3038
6084,4580000,41,2949,renamed,2952
6085,4580000,58,2974,renamed,2977
6086,4580000,61,3203,renamed,3181
6087,4580000,56,3023,renamed,2996
6088,4580000,59,3023,renamed,3029
6089,4580000,18,2946,renamed,2950
6090,4588800,57,3028,renamed,3033
6091,4588800,60,3111,renamed,3119
6092,4588800,59,3018,renamed,3023
6093,4588800,41,2946,renamed,2949
6094,4588800,62,3323,stored,
6095,4588800,42,2893,renamed,2895
6096,4588800,60,3104,renamed,3111
6097,4588800,61,3193,renamed,3203
6098,4588800,52,2971,renamed,2974
6099,4588800,58,3002,renamed,2974
6100,4588800,60,3128,renamed,3104
6101,4588800,18,2942,renamed,2946
6102,4588800,59,3013,renamed,3018
6103,4588800,57,3023,renamed,3028
6104,4588800,51,2799,renamed,2801
6105,4588800,59,3008,renamed,3013
6106,4600000,43,2947,renamed,2950
6107,4600000,57,3018,renamed,3023
6108,4600000,62,3308,renamed,3323
6109,4600000,58,2998,renamed,3002
6110,4600000,53,2964,renamed,2935
6111,4600000,60,3151,renamed,3128
6112,4600000,61,3182,renamed,3193
6113,4600000,59,3003,renamed,3008
6114,4600000,56,3018,renamed,3023
6115,4600000,58,2994,renamed,2998
6116,4600000,48,2741,renamed,2742
6117,4600000,42,2922,renamed,2893
6118,4600000,53,2960,renamed,2964
6119,4600000,61,3171,renamed,3182
6120,4608000,40,2804,renamed,2774
6121,4608000,62,3322,renamed,3308
6122,4608000,44,3079,renamed,3087
6123,4608000,43,2943,renamed,2947
6124,4608000,61,3160,renamed,3171
6125,4608000,45,2977,renamed,2950
6126,4608000,54,2886,renamed,2889
6127,4608000,62,3304,renamed,3322
6128,4608000,49,2823,renamed,2825
6129,4608000,61,3150,renamed,3160
6130,4608000,41,2942,renamed,2946
6131,4608000,60,3142,renamed,3151
6132,4608000,62,3289,renamed,3304
6133,4608000,42,2919,renamed,2922
6134,4608000,53,2957,renamed,2960
6135,4617600,44,3073,renamed,3079
6136,4617600,50,2791,renamed,2792
6137,4617600,62,3276,renamed,3289
6138,4617600,60,3135,renamed,3142
6139,4620000,59,2999,renamed,3003
6140,4620000,58,2991,renamed,2994
6141,4620000,57,3014,renamed,3018
6142,4620000,51,2798,renamed,2799
6143,4620000,43,2972,renamed,2943
6144,4620000,62,3263,renamed,3276
6145,4620000,61,3143,renamed,3150
6146,4620000,46,2867,renamed,2869
6147,4620000,52,2968,renamed,2971
6148,4620000,59,2996,renamed,2999
6149,4627200,60,3129,renamed,3135
6150,4627200,56,3014,renamed,3018
6151,4627200,58,2988,renamed,2991
6152,4627200,43,2969,renamed,2972
6153,4627200,50,2790,renamed,2791
6154,4627200,62,3253,renamed,3263
6155,4627200,54,2916,renamed,2886
6156,4627200,52,2965,renamed,2968
6157,4627200,61,3136,renamed,3143
6158,4627200,62,3243,renamed,3253
6159,4627200,60,3123,renamed,3129
6160,4627200,49,2822,renamed,2823
6161,4627200,60,3118,renamed,3123
6162,4636800,58,2985,renamed,2988
6163,4636800,59,2993,renamed,2996
6164,4636800,57,3011,renamed,3014
6165,4636800,62,3234,renamed,3243
6166,4636800,55,2853,renamed,2854
6167,4640000,59,2990,renamed,2993
6168,4640000,56,3043,renamed,3014
6169,4640000,61,3130,renamed,3136
6170,4640000,60,3113,renamed,3118
6171,4640000,56,3039,renamed,3043
6172,4640000,58,2982,renamed,2985
6173,4640000,62,3226,renamed,3234
6174,4640000,57,3008,renamed,3011
6175,4640000,51,2797,renamed,2798
6176,4640000,61,3125,renamed,3130
6177,4640000,59,2988,renamed,2990
6178,4640000,58,2980,renamed,2982
6179,4646400,60,3140,renamed,3113
6180,4646400,52,2963,renamed,2965
6181,4646400,57,3005,renamed,3008
6182,4646400,59,2985,renamed,2988
6183,4646400,62,3218,renamed,3226
6184,4646400,61,3151,renamed,3125
6185,4646400,43,2998,renamed,2969
6186,4646400,59,2982,renamed,2985
6187,4646400,49,2852,renamed,2822
6188,4646400,42,2916,renamed,2919
6189,4646400,18,2939,renamed,2942
6190,4646400,60,3133,renamed,3140
6191,4656000,61,3143,renamed,3151
6192,4656000,63,3356,stored,
6193,4656000,56,3035,renamed,3039
6194,4656000,44,3068,renamed,3073
6195,4656000,62,3240,renamed,3218
6196,4660000,49,2850,renamed,2852
6197,4660000,43,2994,renamed,2998
6198,4660000,62,3229,renamed,3240
6199,4660000,54,2914,renamed,2916
6200,4660000,41,2939,renamed,2942
6201,4660000,60,3158,renamed,3133
6202,4660000,63,3340,renamed,3356
6203,4660000,59,2979,renamed,2982
6204,4665600,62,3219,renamed,3229
6205,4665600,43,2991,renamed,2994
6206,4665600,61,3137,renamed,3143
6207,4665600,48,2740,renamed,2741
6208,4665600,54,2912,renamed,2914
6209,4665600,63,3327,renamed,3340
6210,4665600,60,3183,renamed,3158
6211,4665600,51,2796,renamed,2797
6212,4665600,62,3210,renamed,3219
6213,4665600,52,2960,renamed,2963
6214,4665600,46,2865,renamed,2867
6215,4665600,56,3063,renamed,3035
6216,4665600,44,3094,renamed,3068
6217,4675200,55,2851,renamed,2853
6218,4675200,61,3160,renamed,3137
6219,4675200,62,3199,renamed,3210
6220,4675200,63,3311,renamed,3327
6221,4675200,53,2954,renamed,2957
6222,4675200,57,3001,renamed,3005
6223,4675200,59,2976,renamed,2979
6224,4680000,61,3152,renamed,3160
6225,4680000,59,2973,renamed,2976
6226,4680000,63,3298,renamed,3311
6227,4680000,58,2977,renamed,2980
6228,4680000,44,3089,renamed,3094
6229,4680000,56,3059,renamed,3063
6230,4684800,60,3207,renamed,3183
6231,4684800,49,2848,renamed,2850
6232,4684800,62,3221,renamed,3199
6233,4684800,43,2987,renamed,2991
6234,4684800,61,3144,renamed,3152
6235,4684800,54,2941,renamed,2912
6236,4684800,59,2969,renamed,2973
6237,4684800,63,3284,renamed,3298
6238,4684800,42,2945,renamed,2916
6239,4684800,46,2863,renamed,2865
6240,4684800,62,3210,renamed,3221
6241,4684800,44,3114,renamed,3089
6242,4694400,58,2973,renamed,2977
6243,4694400,61,3135,renamed,3144
6244,4694400,52,2988,renamed,2960
6245,4694400,60,3226,renamed,3207
6246,4694400,48,2739,renamed,2740
6247,4694400,62,3197,renamed,3210
6248,4694400,59,2965,renamed,2969
6249,4694400,63,3269,renamed,3284
6250,4694400,51,2794,renamed,2796
6251,4700000,58,2969,renamed,2973
6252,4700000,56,3053,renamed,3059
6253,4700000,62,3187,renamed,3197
6254,4700000,43,3014,renamed,2987
6255,4700000,60,3214,renamed,3226
6256,4700000,61,3127,renamed,3135
6257,4704000,63,3286,renamed,3269
6258,4704000,44,3106,renamed,3114
6259,4704000,59,2992,renamed,2965
6260,4704000,51,2792,renamed,2794
6261,4704000,62,3206,renamed,3187
6262,4704000,39,2472,renamed,2440
6263,4704000,61,3116,renamed,3127
6264,4704000,55,2848,renamed,2851
6265,4704000,46,2860,renamed,2863
6266,4704000,63,3269,renamed,3286
6267,4713600,52,2983,renamed,2988
6268,4713600,60,3232,renamed,3214
6269,4713600,57,2995,renamed,3001
6270,4713600,59,2986,renamed,2992
6271,4713600,40,2834,renamed,2804
6272,4713600,62,3222,renamed,3206
6273,4713600,61,3105,renamed,3116
6274,4713600,63,3252,renamed,3269
6275,4713600,56,3076,renamed,3053
6276,4713600,54,2936,renamed,2941
6277,4720000,52,2977,renamed,2983
6278,4720000,61,3095,renamed,3105
6279,4720000,58,2964,renamed,2969
6280,4720000,60,3217,renamed,3232
6281,4720000,62,3239,renamed,3222
6282,4720000,43,3008,renamed,3014
6283,4723200,63,3267,renamed,3252
6284,4723200,59,2980,renamed,2986
6285,4723200,47,2643,renamed,2644
6286,4723200,62,3224,renamed,3239
6287,4723200,18,2935,renamed,2939
6288,4723200,60,3234,renamed,3217
6289,4723200,64,3245,stored,
6290,4723200,48,2769,renamed,2739
6291,4723200,61,3085,renamed,3095
6292,4723200,63,3250,renamed,3267
6293,4723200,41,2934,renamed,2939
6294,4723200,59,2975,renamed,2980
6295,4732800,60,3220,renamed,3234
6296,4732800,58,2991,renamed,2964
6297,4732800,62,3240,renamed,3224
6298,4732800,61,3076,renamed,3085
6299,4732800,64,3229,renamed,3245
6300,4732800,57,2989,renamed,2995
6301,4732800,62,3226,renamed,3240
6302,4732800,63,3236,renamed,3250
6303,4732800,51,2790,renamed,2792
6304,4732800,60,3208,renamed,3220
6305,4732800,64,3217,renamed,3229
6306,4732800,61,3070,renamed,3076
6307,4740000,59,2971,renamed,2975
6308,4740000,62,3215,renamed,3226
6309,4740000,63,3225,renamed,3236
6310,4742400,40,2832,renamed,2834
6311,4742400,61,3065,renamed,3070
6312,4742400,62,3206,renamed,3215
6313,4742400,57,2986,renamed,2989
6314,4742400,63,3216,renamed,3225
6315,4742400,43,3005,renamed,3008
6316,4742400,64,3208,renamed,3217
6317,4742400,60,3200,renamed,3208
6318,4742400,61,3092,renamed,3065
6319,4742400,62,3197,renamed,3206
6320,4742400,63,3207,renamed,3216
6321,4742400,59,2968,renamed,2971
6322,4752000,58,2988,renamed,2991
6323,4752000,60,3192,renamed,3200
6324,4752000,52,2974,renamed,2977
6325,4752000,61,3088,renamed,3092
6326,4752000,60,3185,renamed,3192
6327,4752000,62,3190,renamed,3197
6328,4752000,64,3201,renamed,3208
6329,4752000,63,3200,renamed,3207
6330,4752000,62,3184,renamed,3190
6331,4752000,54,2934,renamed,2936
6332,4752000,61,3084,renamed,3088
6333,4752000,42,2943,renamed,2945
6334,4760000,60,3179,renamed,3185
6335,4760000,59,2966,renamed,2968
6336,4760000,41,2933,renamed,2934
6337,4761600,63,3194,renamed,3200
6338,4761600,45,3007,renamed,2977
6339,4761600,62,3178,renamed,3184
6340,4761600,64,3195,renamed,3201
6341,4761600,61,3081,renamed,3084
6342,4761600,44,3102,renamed,3106
6343,4761600,62,3173,renamed,3178
6344,4761600,56,3073,renamed,3076
6345,4761600,60,3174,renamed,3179
6346,4761600,59,2964,renamed,2966
6347,4761600,63,3220,renamed,3194
6348,4761600,64,3189,renamed,3195
6349,4761600,57,2984,renamed,2986
6350,4771200,60,3200,renamed,3174
6351,4771200,61,3077,renamed,3081
6352,4771200,44,3129,renamed,3102
6353,4771200,58,2985,renamed,2988
6354,4771200,62,3198,renamed,3173
6355,4771200,59,2993,renamed,2964
6356,4771200,63,3210,renamed,3220
6357,4771200,60,3191,renamed,3200
6358,4771200,64,3181,renamed,3189
6359,4780000,18,2933,renamed,2935
6360,4780000,59,2990,renamed,2993
6361,4780000,62,3221,renamed,3198
6362,4780800,61,3103,renamed,3077
6363,4780800,62,3241,renamed,3221
6364,4780800,45,3002,renamed,3007
6365,4780800,63,3199,renamed,3210
6366,4780800,44,3122,renamed,3129
6367,4780800,59,3018,renamed,2990
6368,4780800,47,2642,renamed,2643
6369,4780800,60,3211,renamed,3191
6370,4780800,64,3201,renamed,3181
6371,4790400,63,3187,renamed,3199
6372,4790400,62,3227,renamed,3241
6373,4790400,56,3097,renamed,3073
6374,4790400,60,3198,renamed,3211
6375,4790400,58,2980,renamed,2985
6376,4790400,40,2830,renamed,2832
6377,4790400,61,3095,renamed,3103
6378,4790400,63,3176,renamed,3187
6379,4790400,64,3221,renamed,3201
6380,4790400,62,3214,renamed,3227
6381,4800000,60,3218,renamed,3198
6382,4800000,46,2857,renamed,2860
6383,4800000,44,3113,renamed,3122
6384,4800000,62,3202,renamed,3214
6385,4800000,58,2976,renamed,2980
6386,4800000,65,3308,stored,
6387,4800000,63,3166,renamed,3176
6388,4800000,61,3088,renamed,3095
6389,4800000,60,3207,renamed,3218
6390,4800000,45,3029,renamed,3002
6391,4800000,64,3209,renamed,3221
6392,4800000,55,2846,renamed,2848
6393,4800000,59,3013,renamed,3018
6394,4800000,47,2673,renamed,2642
6395,4809600,65,3292,renamed,3308
6396,4809600,40,2828,renamed,2830
6397,4809600,43,3000,renamed,3005
6398,4809600,63,3157,renamed,3166
6399,4809600,42,2940,renamed,2943
6400,4809600,59,3009,renamed,3013
6401,4809600,63,3149,renamed,3157
6402,4809600,61,3082,renamed,3088
6403,4809600,64,3230,renamed,3209
6404,4809600,41,2962,renamed,2933
6405,4809600,65,3277,renamed,3292
6406,4809600,60,3196,renamed,3207
6407,4820000,56,3121,renamed,3097
6408,4820000,64,3218,renamed,3230
6409,4820000,41,2990,renamed,2962
6410,4820000,44,3105,renamed,3113
6411,4820000,65,3262,renamed,3277
6412,4820000,45,3024,renamed,3029
6413,4820000,53,2982,renamed,2954
6414,4820000,63,3139,renamed,3149
6415,4820000,60,3185,renamed,3196
6416,4820000,58,2972,renamed,2976
6417,4820000,65,3249,renamed,3262
6418,4828800,59,3005,renamed,3009
6419,4828800,64,3207,renamed,3218
6420,4828800,61,3076,renamed,3082
6421,4828800,62,3193,renamed,3202
6422,4828800,56,3115,renamed,3121
6423,4828800,65,3239,renamed,3249
6424,4828800,53,2979,renamed,2982
6425,4828800,43,2997,renamed,3000
6426,4828800,41,2987,renamed,2990
6427,4828800,45,3020,renamed,3024
6428,4828800,64,3230,renamed,3207
6429,4838400,61,3071,renamed,3076
6430,4838400,65,3260,renamed,3239
6431,4838400,44,3130,renamed,3105
6432,4840000,64,3219,renamed,3230
6433,4840000,62,3214,renamed,3193
6434,4840000,63,3161,renamed,3139
6435,4840000,59,3000,renamed,3005
6436,4840000,61,3064,renamed,3071
6437,4840000,60,3175,renamed,3185
6438,4840000,58,2968,renamed,2972
6439,4840000,65,3247,renamed,3260
6440,4840000,64,3208,renamed,3219
6441,4840000,63,3153,renamed,3161
6442,4840000,62,3204,renamed,3214
6443,4840000,56,3109,renamed,3115
6444,4848000,62,3226,renamed,3204
6445,4848000,61,3059,renamed,3064
6446,4848000,52,2971,renamed,2974
6447,4848000,64,3199,renamed,3208
6448,4848000,65,3236,renamed,3247
6449,4848000,60,3167,renamed,3175
6450,4848000,63,3146,renamed,3153
6451,4848000,62,3217,renamed,3226
6452,4848000,61,3055,renamed,3059
6453,4848000,45,3048,renamed,3020
6454,4848000,59,2997,renamed,3000
6455,4857600,62,3208,renamed,3217
6456,4857600,58,2965,renamed,2968
6457,4857600,64,3222,renamed,3199
6458,4860000,61,3050,renamed,3055
6459,4860000,65,3226,renamed,3236
6460,4860000,63,3140,renamed,3146
6461,4860000,62,3200,renamed,3208
6462,4860000,60,3160,renamed,3167
6463,4860000,59,2994,renamed,2997
6464,4860000,58,2963,renamed,2965
6465,4860000,61,3046,renamed,3050
6466,4860000,60,3154,renamed,3160
6467,4860000,65,3218,renamed,3226
6468,4860000,64,3215,renamed,3222
6469,4860000,62,3193,renamed,3200
6470,4860000,59,2992,renamed,2994
6471,4860000,63,3135,renamed,3140
6472,4867200,60,3149,renamed,3154
6473,4867200,64,3209,renamed,3215
6474,4867200,58,2961,renamed,2963
6475,4867200,61,3043,renamed,3046
6476,4867200,65,3243,renamed,3218
6477,4867200,62,3187,renamed,3193
6478,4867200,64,3203,renamed,3209
6479,4867200,59,3021,renamed,2992
6480,4867200,58,2959,renamed,2961
6481,4867200,41,2985,renamed,2987
6482,4867200,62,3181,renamed,3187
6483,4867200,66,3429,stored,
6484,4867200,42,2938,renamed,2940
6485,4876800,61,3040,renamed,3043
6486,4876800,63,3161,renamed,3135
6487,4876800,52,2969,renamed,2971
6488,4876800,64,3227,renamed,3203
6489,4880000,65,3234,renamed,3243
6490,4880000,63,3155,renamed,3161
6491,4880000,60,3174,renamed,3149
6492,4880000,59,3049,renamed,3021
6493,4880000,62,3203,renamed,3181
6494,4880000,66,3440,renamed,3429
6495,4880000,43,3024,renamed,2997
6496,4880000,45,3042,renamed,3048
6497,4886400,63,3145,renamed,3155
6498,4886400,44,3122,renamed,3130
6499,4886400,57,2980,renamed,2984
6500,4886400,65,3253,renamed,3234
6501,4886400,64,3245,renamed,3227
6502,4886400,66,3418,renamed,3440
6503,4886400,61,3034,renamed,3040
6504,4886400,63,3167,renamed,3145
6505,4886400,62,3191,renamed,3203
6506,4886400,65,3270,renamed,3253
6507,4896000,59,3042,renamed,3049
6508,4896000,66,3397,renamed,3418
6509,4896000,64,3263,renamed,3245
6510,4896000,45,3036,renamed,3042
6511,4896000,42,2966,renamed,2938
6512,4896000,63,3186,renamed,3167
6513,4900000,52,2964,renamed,2969
6514,4900000,62,3178,renamed,3191
6515,4900000,54,2930,renamed,2934
6516,4900000,65,3255,renamed,3270
6517,4900000,58,2955,renamed,2959
6518,4900000,64,3249,renamed,3263
6519,4900000,66,3378,renamed,3397
6520,4905600,62,3169,renamed,3178
6521,4905600,61,3029,renamed,3034
6522,4905600,63,3208,renamed,3186
6523,4905600,53,2975,renamed,2979
6524,4905600,18,2930,renamed,2933
6525,4905600,45,3062,renamed,3036
6526,4905600,57,2976,renamed,2980
6527,4905600,63,3197,renamed,3208
6528,4905600,66,3390,renamed,3378
6529,4905600,65,3242,renamed,3255
6530,4905600,52,2960,renamed,2964
6531,4905600,62,3191,renamed,3169
6532,4905600,61,3055,renamed,3029
6533,4905600,64,3235,renamed,3249
6534,4915200,41,2980,renamed,2985
6535,4915200,38,2598,renamed,2599
6536,4915200,65,3229,renamed,3242
6537,4915200,66,3371,renamed,3390
6538,4915200,45,3056,renamed,3062
6539,4915200,59,3068,renamed,3042
6540,4915200,60,3195,renamed,3174
6541,4915200,59,3092,renamed,3068
6542,4920000,49,2845,renamed,2848
6543,4920000,66,3351,renamed,3371
6544,4920000,64,3222,renamed,3235
6545,4920000,18,2927,renamed,2930
6546,4924800,42,2962,renamed,2966
6547,4924800,62,3180,renamed,3191
6548,4924800,63,3217,renamed,3197
6549,4924800,65,3247,renamed,3229
6550,4924800,66,3332,renamed,3351
6551,4924800,52,2956,renamed,2960
6552,4924800,64,3210,renamed,3222
6553,4924800,61,3049,renamed,3055
6554,4924800,62,3201,renamed,3180
6555,4924800,65,3234,renamed,3247
6556,4924800,60,3215,renamed,3195
6557,4924800,63,3205,renamed,3217
6558,4924800,59,3085,renamed,3092
6559,4934400,66,3316,renamed,3332
6560,4934400,62,3191,renamed,3201
6561,4934400,64,3200,renamed,3210
6562,4934400,56,3134,renamed,3109
6563,4934400,61,3044,renamed,3049
6564,4934400,43,3019,renamed,3024
6565,4934400,60,3235,renamed,3215
6566,4934400,63,3225,renamed,3205
6567,4940000,62,3180,renamed,3191
6568,4940000,65,3222,renamed,3234
6569,4940000,66,3301,renamed,3316
6570,4944000,64,3190,renamed,3200
6571,4944000,57,2973,renamed,2976
6572,4944000,49,2843,renamed,2845
6573,4944000,61,3070,renamed,3044
6574,4944000,65,3211,renamed,3222
6575,4944000,60,3224,renamed,3235
6576,4944000,43,3015,renamed,3019
6577,4944000,66,3288,renamed,3301
6578,4944000,49,2841,renamed,2843
6579,4944000,64,3212,renamed,3190
6580,4944000,59,3079,renamed,3085
6581,4953600,65,3232,renamed,3211
6582,4953600,67,3321,stored,
6583,4953600,62,3171,renamed,3180
6584,4953600,63,3245,renamed,3225
6585,4953600,66,3274,renamed,3288
6586,4953600,61,3095,renamed,3070
6587,4953600,45,3050,renamed,3056
6588,4953600,64,3201,renamed,3212
6589,4960000,41,2976,renamed,2980
6590,4960000,66,3291,renamed,3274
6591,4960000,62,3161,renamed,3171
6592,4960000,44,3145,renamed,3122
6593,4960000,65,3219,renamed,3232
6594,4963200,46,2855,renamed,2857
6595,4963200,67,3336,renamed,3321
6596,4963200,63,3262,renamed,3245
6597,4963200,64,3189,renamed,3201
6598,4963200,62,3151,renamed,3161
6599,4963200,66,3276,renamed,3291
6600,4963200,61,3088,renamed,3095
6601,4963200,65,3208,renamed,3219
6602,4963200,63,3250,renamed,3262
6603,4963200,66,3294,renamed,3276
6604,4963200,62,3143,renamed,3151
6605,4963200,67,3321,renamed,3336
6606,4972800,60,3245,renamed,3224
6607,4972800,64,3210,renamed,3189
6608,4972800,57,3000,renamed,2973
6609,4972800,65,3196,renamed,3208
6610,4972800,63,3236,renamed,3250
6611,4972800,44,3136,renamed,3145
6612,4972800,43,3010,renamed,3015
6613,4972800,61,3112,renamed,3088
6614,4980000,64,3198,renamed,3210
6615,4980000,67,3336,renamed,3321
6616,4980000,66,3279,renamed,3294
6617,4982400,62,3134,renamed,3143
6618,4982400,65,3186,renamed,3196
6619,4982400,58,2983,renamed,2955
6620,4982400,64,3187,renamed,3198
6621,4982400,59,3072,renamed,3079
6622,4982400,63,3255,renamed,3236
6623,4982400,60,3262,renamed,3245
6624,4982400,52,2952,renamed,2956
6625,4982400,64,3176,renamed,3187
6626,4982400,66,3264,renamed,3279
6627,4982400,65,3176,renamed,3186
6628,4982400,67,3320,renamed,3336
6629,4992000,62,3127,renamed,3134
6630,4992000,53,2972,renamed,2975
6631,4992000,61,3137,renamed,3112
6632,4992000,64,3167,renamed,3176
6633,4992000,63,3274,renamed,3255
6634,4992000,66,3251,renamed,3264
6635,4992000,65,3167,renamed,3176
6636,4992000,18,2924,renamed,2927
6637,4992000,67,3336,renamed,3320
6638,4992000,64,3158,renamed,3167
6639,4992000,41,2972,renamed,2976
6640,5000000,46,2885,renamed,2855
6641,5000000,43,3036,renamed,3010
6642,5001600,66,3237,renamed,3251
6643,5001600,53,2968,renamed,2972
6644,5001600,63,3260,renamed,3274
6645,5001600,65,3188,renamed,3167
6646,5001600,62,3118,renamed,3127
6647,5001600,67,3350,renamed,3336
6648,5001600,64,3148,renamed,3158
6649,5001600,41,2968,renamed,2972
6650,5001600,43,3030,renamed,3036
6651,5001600,63,3277,renamed,3260
6652,5001600,60,3278,renamed,3262
6653,5011200,66,3254,renamed,3237
6654,5011200,65,3175,renamed,3188
6655,5011200,57,2994,renamed,3000
6656,5011200,67,3331,renamed,3350
6657,5011200,61,3128,renamed,3137
6658,5011200,62,3110,renamed,3118
6659,5011200,64,3170,renamed,3148
6660,5011200,58,2978,renamed,2983
6661,5011200,63,3262,renamed,3277
6662,5011200,65,3165,renamed,3175
6663,5011200,42,2958,renamed,2962
6664,5020000,43,3025,renamed,3030
6665,5020800,66,3272,renamed,3254
6666,5020800,49,2839,renamed,2841
6667,5020800,67,3315,renamed,3331
6668,5020800,47,2672,renamed,2673
6669,5020800,63,3249,renamed,3262
6670,5020800,64,3162,renamed,3170
6671,5020800,62,3104,renamed,3110
6672,5020800,61,3121,renamed,3128
6673,5020800,65,3157,renamed,3165
6674,5020800,67,3302,renamed,3315
6675,5020800,66,3292,renamed,3272
6676,5020800,45,3046,renamed,3050
6677,5020800,63,3239,renamed,3249
6678,5030400,56,3159,renamed,3134
6679,5030400,44,3160,renamed,3136
6680,5030400,64,3153,renamed,3162
6681,5030400,65,3149,renamed,3157
6682,5030400,68,3343,stored,
6683,5030400,60,3266,renamed,3278
6684,5030400,66,3280,renamed,3292
6685,5030400,67,3290,renamed,3302
6686,5030400,55,2845,renamed,2846
6687,5030400,54,2928,renamed,2930
6688,5030400,63,3230,renamed,3239
6689,5030400,56,3184,renamed,3159
6690,5040000,64,3146,renamed,3153
6691,5040000,65,3142,renamed,3149
6692,5040000,66,3269,renamed,3280
6693,5040000,59,3068,renamed,3072
6694,5040000,68,3361,renamed,3343
6695,5040000,63,3221,renamed,3230
6696,5040000,67,3310,renamed,3290
6697,5040000,61,3115,renamed,3121
6698,5040000,65,3136,renamed,3142
6699,5049600,64,3140,renamed,3146
6700,5049600,68,3378,renamed,3361
6701,5049600,44,3184,renamed,3160
6702,5049600,41,2965,renamed,2968
6703,5049600,67,3296,renamed,3310
6704,5049600,66,3288,renamed,3269
6705,5049600,65,3160,renamed,3136
6706,5049600,63,3241,renamed,3221
6707,5049600,58,2974,renamed,2978
6708,5049600,68,3359,renamed,3378
6709,5049600,64,3163,renamed,3140
6710,5059200,62,3127,renamed,3104
6711,5059200,60,3251,renamed,3266
6712,5059200,54,2956,renamed,2928
6713,5060000,56,3203,renamed,3184
6714,5060000,67,3278,renamed,3296
6715,5060000,65,3149,renamed,3160
6716,5060000,66,3303,renamed,3288
6717,5060000,64,3152,renamed,3163
6718,5060000,68,3340,renamed,3359
6719,5060000,59,3061,renamed,3068
6720,5060000,46,2882,renamed,2885
6721,5060000,63,3259,renamed,3241
6722,5060000,62,3149,renamed,3127
6723,5068800,42,2953,renamed,2958
6724,5068800,38,2597,renamed,2598
6725,5068800,66,3317,renamed,3303
6726,5068800,65,3138,renamed,3149
6727,5068800,68,3321,renamed,3340
6728,5068800,67,3263,renamed,3278
6729,5068800,45,3040,renamed,3046
6730,5068800,63,3246,renamed,3259
6731,5068800,64,3174,renamed,3152
6732,5068800,66,3301,renamed,3317
6733,5068800,60,3238,renamed,3251
6734,5068800,62,3172,renamed,3149
6735,5068800,68,3335,renamed,3321
6736,5068800,58,2970,renamed,2974
6737,5078400,44,3173,renamed,3184
6738,5080000,64,3164,renamed,3174
6739,5080000,67,3280,renamed,3263
6740,5080000,65,3129,renamed,3138
6741,5080000,55,2843,renamed,2845
6742,5080000,66,3316,renamed,3301
6743,5080000,60,3225,renamed,3238
6744,5080000,68,3318,renamed,3335
6745,5080000,63,3264,renamed,3246
6746,5080000,65,3121,renamed,3129
6747,5080000,67,3266,renamed,3280
6748,5088000,64,3186,renamed,3164
6749,5088000,62,3162,renamed,3172
6750,5088000,66,3301,renamed,3316
6751,5088000,41,2962,renamed,2965
6752,5088000,45,3035,renamed,3040
6753,5088000,60,3214,renamed,3225
6754,5088000,67,3285,renamed,3266
6755,5088000,68,3334,renamed,3318
6756,5088000,47,2671,renamed,2672
6757,5088000,64,3176,renamed,3186
6758,5088000,65,3145,renamed,3121
6759,5097600,62,3152,renamed,3162
6760,5100000,43,3020,renamed,3025
6761,5100000,66,3286,renamed,3301
6762,5100000,50,2789,renamed,2790
6763,5100000,63,3282,renamed,3264
6764,5100000,68,3318,renamed,3334
6765,5100000,67,3272,renamed,3285
6766,5100000,65,3168,renamed,3145
6767,5100000,58,2966,renamed,2970
6768,5100000,57,2990,renamed,2994
6769,5100000,49,2837,renamed,2839
6770,5107200,64,3167,renamed,3176
6771,5107200,66,3304,renamed,3286
6772,5107200,55,2841,renamed,2843
6773,5107200,53,2964,renamed,2968
6774,5107200,63,3269,renamed,3282
6775,5107200,68,3304,renamed,3318
6776,5107200,65,3160,renamed,3168
6777,5107200,67,3291,renamed,3272
6778,5107200,48,2768,renamed,2769
6779,5116800,64,3159,renamed,3167
6780,5116800,66,3291,renamed,3304
6781,5116800,43,3048,renamed,3020
6782,5116800,69,3337,stored,
6783,5116800,62,3175,renamed,3152
6784,5116800,68,3289,renamed,3304
6785,5116800,63,3287,renamed,3269
6786,5120000,65,3182,renamed,3160
6787,5120000,67,3276,renamed,3291
6788,5120000,64,3150,renamed,3159
6789,5120000,58,2962,renamed,2966
6790,5120000,66,3277,renamed,3291
6791,5126400,69,3322,renamed,3337
6792,5126400,60,3204,renamed,3214
6793,5126400,55,2839,renamed,2841
6794,5126400,68,3277,renamed,3289
6795,5126400,56,3195,renamed,3203
6796,5126400,63,3276,renamed,3287
6797,5126400,40,2827,renamed,2828
6798,5126400,64,3144,renamed,3150
6799,5126400,44,3166,renamed,3173
6800,5126400,67,3297,renamed,3276
6801,5126400,69,3309,renamed,3322
6802,5136000,42,2951,renamed,2953
6803,5136000,60,3227,renamed,3204
6804,5136000,68,3297,renamed,3277
6805,5136000,66,3296,renamed,3277
6806,5136000,63,3263,renamed,3276
6807,5140000,65,3174,renamed,3182
6808,5140000,67,3315,renamed,3297
6809,5140000,62,3166,renamed,3175
6810,5140000,69,3295,renamed,3309
6811,5140000,64,3168,renamed,3144
6812,5140000,66,3283,renamed,3296
6813,5140000,56,3217,renamed,3195
6814,5140000,43,3043,renamed,3048
6815,5145600,63,3281,renamed,3263
6816,5145600,57,3017,renamed,2990
6817,5145600,60,3214,renamed,3227
6818,5145600,68,3312,renamed,3297
6819,5145600,66,3268,renamed,3283
6820,5145600,59,3055,renamed,3061
6821,5145600,64,3158,renamed,3168
6822,5145600,69,3311,renamed,3295
6823,5145600,63,3267,renamed,3281
6824,5145600,67,3300,renamed,3315
6825,5145600,65,3165,renamed,3174
6826,5145600,52,2949,renamed,2952
6827,5155200,68,3329,renamed,3312
6828,5155200,66,3255,renamed,3268
6829,5155200,43,3038,renamed,3043
6830,5155200,44,3189,renamed,3166
6831,5155200,63,3254,renamed,3267
6832,5155200,69,3327,renamed,3311
6833,5160000,60,3203,renamed,3214
6834,5160000,18,2953,renamed,2924
6835,5160000,67,3285,renamed,3300
6836,5160000,66,3273,renamed,3255
6837,5160000,62,3187,renamed,3166
6838,5164800,68,3311,renamed,3329
6839,5164800,40,2825,renamed,2827
6840,5164800,64,3148,renamed,3158
6841,5164800,69,3311,renamed,3327
6842,5164800,67,3271,renamed,3285
6843,5164800,60,3224,renamed,3203
6844,5164800,44,3179,renamed,3189
6845,5164800,46,2880,renamed,2882
6846,5164800,61,3108,renamed,3115
6847,5164800,18,2950,renamed,2953
6848,5164800,68,3327,renamed,3311
6849,5164800,66,3260,renamed,3273
6850,5174400,51,2789,renamed,2790
6851,5174400,65,3157,renamed,3165
6852,5174400,69,3297,renamed,3311
6853,5174400,63,3243,renamed,3254
6854,5174400,67,3260,renamed,3271
6855,5174400,56,3208,renamed,3217
6856,5180000,64,3173,renamed,3148
6857,5180000,68,3313,renamed,3327
6858,5180000,55,2838,renamed,2839
6859,5180000,69,3316,renamed,3297
6860,5180000,40,2824,renamed,2825
6861,5184000,63,3233,renamed,3243
6862,5184000,66,3249,renamed,3260
6863,5184000,56,3231,renamed,3208
6864,5184000,67,3249,renamed,3260
6865,5184000,68,3300,renamed,3313
6866,5184000,54,2954,renamed,2956
6867,5184000,65,3151,renamed,3157
6868,5184000,69,3335,renamed,3316
6869,5184000,64,3166,renamed,3173
6870,5193600,60,3215,renamed,3224
6871,5193600,66,3270,renamed,3249
6872,5193600,65,3144,renamed,3151
6873,5193600,63,3254,renamed,3233
6874,5193600,67,3238,renamed,3249
6875,5193600,69,3321,renamed,3335
6876,5193600,68,3319,renamed,3300
6877,5193600,44,3171,renamed,3179
6878,5193600,54,2951,renamed,2954
6879,5193600,66,3259,renamed,3270
6880,5200000,64,3159,renamed,3166
6881,5200000,65,3138,renamed,3144
6882,5200000,70,3396,stored,
6883,5203200,45,3063,renamed,3035
6884,5203200,69,3308,renamed,3321
6885,5203200,59,3051,renamed,3055
6886,5203200,43,3066,renamed,3038
6887,5203200,67,3228,renamed,3238
6888,5203200,68,3306,renamed,3319
6889,5203200,65,3132,renamed,3138
6890,5203200,66,3249,renamed,3259
6891,5203200,69,3297,renamed,3308
6892,5203200,70,3381,renamed,3396
6893,5203200,59,3048,renamed,3051
6894,5212800,63,3277,renamed,3254
6895,5212800,64,3153,renamed,3159
6896,5212800,67,3251,renamed,3228
6897,5212800,68,3325,renamed,3306
6898,5212800,65,3157,renamed,3132
6899,5212800,69,3314,renamed,3297
6900,5212800,70,3363,renamed,3381
6901,5212800,53,2961,renamed,2964
6902,5212800,63,3265,renamed,3277
6903,5220000,61,3102,renamed,3108
6904,5222400,65,3150,renamed,3157
6905,5222400,66,3239,renamed,3249
6906,5222400,70,3349,renamed,3363
6907,5222400,69,3302,renamed,3314
6908,5222400,67,3242,renamed,3251
6909,5222400,68,3314,renamed,3325
6910,5222400,64,3148,renamed,3153
6911,5222400,49,2836,renamed,2837
6912,5222400,63,3288,renamed,3265
6913,5222400,66,3231,renamed,3239
6914,5222400,70,3368,renamed,3349
6915,5222400,67,3233,renamed,3242
6916,5232000,53,2959,renamed,2961
6917,5232000,69,3291,renamed,3302
6918,5232000,68,3303,renamed,3314
6919,5232000,65,3176,renamed,3150
6920,5232000,66,3223,renamed,3231
6921,5232000,64,3143,renamed,3148
6922,5232000,18,2948,renamed,2950
6923,5232000,63,3309,renamed,3288
6924,5232000,53,2957,renamed,2959
6925,5240000,70,3354,renamed,3368
6926,5241600,68,3293,renamed,3303
6927,5241600,69,3312,renamed,3291
6928,5241600,45,3059,renamed,3063
6929,5241600,44,3165,renamed,3171
6930,5241600,67,3256,renamed,3233
6931,5241600,57,3045,renamed,3017
6932,5241600,70,3339,renamed,3354
6933,5241600,63,3327,renamed,3309
6934,5241600,69,3299,renamed,3312
6935,5241600,46,2878,renamed,2880
6936,5241600,64,3137,renamed,3143
6937,5251200,56,3253,renamed,3231
6938,5251200,60,3206,renamed,3215
6939,5251200,66,3214,renamed,3223
6940,5251200,67,3277,renamed,3256
6941,5251200,59,3075,renamed,3048
6942,5251200,45,3054,renamed,3059
6943,5251200,69,3316,renamed,3299
6944,5251200,70,3353,renamed,3339
6945,5251200,68,3278,renamed,3293
6946,5260000,63,3311,renamed,3327
6947,5260000,18,2976,renamed,2948
6948,5260800,44,3156,renamed,3165
6949,5260800,70,3336,renamed,3353
6950,5260800,67,3264,renamed,3277
6951,5260800,43,3061,renamed,3066
6952,5260800,60,3197,renamed,3206
6953,5260800,69,3333,renamed,3316
6954,5260800,62,3178,renamed,3187
6955,5260800,68,3266,renamed,3278
6956,5260800,66,3205,renamed,3214
6957,5270400,60,3189,renamed,3197
6958,5270400,70,3323,renamed,3336
6959,5270400,44,3150,renamed,3156
6960,5270400,45,3082,renamed,3054
6961,5270400,69,3350,renamed,3333
6962,5270400,63,3298,renamed,3311
6963,5270400,58,2959,renamed,2962
6964,5270400,68,3286,renamed,3266
6965,5270400,18,2973,renamed,2976
6966,5270400,62,3201,renamed,3178
6967,5270400,70,3339,renamed,3323
6968,5270400,64,3160,renamed,3137
6969,5280000,69,3363,renamed,3350
6970,5280000,63,3282,renamed,3298
6971,5280000,54,2979,renamed,2951
6972,5280000,67,3249,renamed,3264
6973,5280000,57,3070,renamed,3045
6974,5280000,43,3084,renamed,3061
6975,5280000,60,3176,renamed,3189
6976,5280000,46,2875,renamed,2878
6977,5280000,68,3269,renamed,3286
6978,5280000,70,3351,renamed,3339
6979,5280000,66,3192,renamed,3205
6980,5280000,67,3235,renamed,3249
6981,5280000,65,3165,renamed,3176
6982,5280000,71,3296,stored,
6983,5289600,69,3345,renamed,3363
6984,5289600,44,3141,renamed,3150
6985,5289600,68,3287,renamed,3269
6986,5289600,62,3221,renamed,3201
6987,5289600,70,3333,renamed,3351
6988,5289600,71,3281,renamed,3296
6989,5289600,67,3223,renamed,3235
6990,5289600,56,3272,renamed,3253
6991,5289600,69,3359,renamed,3345
6992,5289600,59,3068,renamed,3075
6993,5289600,49,2834,renamed,2836
6994,5300000,70,3317,renamed,3333
6995,5300000,68,3304,renamed,3287
6996,5300000,18,2969,renamed,2973
6997,5300000,44,3133,renamed,3141
6998,5300000,71,3267,renamed,3281
6999,5300000,69,3343,renamed,3359
7000,5300000,66,3183,renamed,3192
7001,5300000,67,3244,renamed,3223
7002,5300000,68,3321,renamed,3304
7003,5308800,71,3254,renamed,3267
7004,5308800,56,3290,renamed,3272
7005,5308800,70,3332,renamed,3317
7006,5308800,59,3062,renamed,3068
7007,5308800,69,3326,renamed,3343
7008,5308800,54,2975,renamed,2979
7009,5308800,44,3125,renamed,3133
7010,5308800,67,3233,renamed,3244
7011,5308800,68,3307,renamed,3321
7012,5308800,63,3301,renamed,3282
7013,5308800,69,3342,renamed,3326
7014,5318400,71,3242,renamed,3254
7015,5318400,43,3078,renamed,3084
7016,5318400,70,3348,renamed,3332
7017,5318400,55,2836,renamed,2838
7018,5320000,67,3222,renamed,3233
7019,5320000,66,3205,renamed,3183
7020,5320000,69,3326,renamed,3342
7021,5320000,62,3241,renamed,3221
7022,5320000,71,3230,renamed,3242
7023,5320000,68,3323,renamed,3307
7024,5320000,70,3331,renamed,3348
7025,5328000,66,3195,renamed,3205
7026,5328000,60,3167,renamed,3176
7027,5328000,56,3308,renamed,3290
7028,5328000,67,3211,renamed,3222
7029,5328000,71,3250,renamed,3230
7030,5328000,61,3126,renamed,3102
7031,5328000,62,3228,renamed,3241
7032,5328000,69,3310,renamed,3326
7033,5328000,46,2873,renamed,2875
7034,5328000,68,3308,renamed,3323
7035,5337600,70,3316,renamed,3331
7036,5337600,67,3202,renamed,3211
7037,5337600,69,3297,renamed,3310
7038,5337600,71,3240,renamed,3250
7039,5337600,18,2966,renamed,2969
7040,5337600,50,2788,renamed,2789
7041,5340000,54,2972,renamed,2975
7042,5340000,69,3286,renamed,3297
7043,5340000,62,3220,renamed,3228
7044,5340000,64,3154,renamed,3160
7045,5340000,60,3161,renamed,3167
7046,5340000,68,3298,renamed,3308
7047,5340000,71,3233,renamed,3240
7048,5340000,67,3196,renamed,3202
7049,5347200,70,3337,renamed,3316
7050,5347200,43,3106,renamed,3078
7051,5347200,56,3297,renamed,3308
7052,5347200,66,3219,renamed,3195
7053,5347200,69,3306,renamed,3286
7054,5347200,67,3188,renamed,3196
7055,5347200,62,3242,renamed,3220
7056,5347200,42,2948,renamed,2951
7057,5347200,71,3254,renamed,3233
7058,5347200,61,3119,renamed,3126
7059,5356800,66,3240,renamed,3219
7060,5356800,71,3242,renamed,3254
7061,5356800,70,3352,renamed,3337
7062,5356800,69,3322,renamed,3306
7063,5356800,68,3283,renamed,3298
7064,5356800,67,3178,renamed,3188
7065,5360000,56,3283,renamed,3297
7066,5360000,65,3157,renamed,3165
7067,5360000,59,3088,renamed,3062
7068,5360000,64,3146,renamed,3154
7069,5360000,69,3338,renamed,3322
7070,5360000,71,3261,renamed,3242
7071,5360000,70,3365,renamed,3352
7072,5360000,66,3227,renamed,3240
7073,5366400,63,3286,renamed,3301
7074,5366400,68,3300,renamed,3283
7075,5366400,71,3278,renamed,3261
7076,5366400,62,3228,renamed,3242
7077,5366400,56,3299,renamed,3283
7078,5366400,52,2976,renamed,2949
7079,5366400,60,3180,renamed,3161
7080,5366400,67,3165,renamed,3178
7081,5366400,70,3375,renamed,3365
7082,5376000,69,3318,renamed,3338
7083,5376000,72,3253,stored,
7084,5376000,63,3269,renamed,3286
7085,5376000,68,3283,renamed,3300
7086,5380000,71,3294,renamed,3278
7087,5380000,44,3116,renamed,3125
7088,5380000,59,3111,renamed,3088
7089,5380000,67,3154,renamed,3165
7090,5380000,45,3105,renamed,3082
7091,5380000,70,3385,renamed,3375
7092,5380000,64,3135,renamed,3146
7093,5385600,63,3283,renamed,3269
7094,5385600,72,3267,renamed,3253
7095,5385600,60,3166,renamed,3180
7096,5385600,69,3330,renamed,3318
7097,5385600,71,3306,renamed,3294
7098,5385600,68,3264,renamed,3283
7099,5385600,18,2991,renamed,2966
7100,5385600,72,3249,renamed,3267
7101,5385600,70,3363,renamed,3385
7102,5385600,46,2870,renamed,2873
7103,5385600,68,3248,renamed,3264
7104,5385600,52,2971,renamed,2976
7105,5395200,56,3282,renamed,3299
7106,5395200,71,3290,renamed,3306
7107,5395200,51,2787,renamed,2789
7108,5395200,69,3344,renamed,3330
7109,5395200,72,3235,renamed,3249
7110,5395200,59,3103,renamed,3111
7111,5400000,66,3215,renamed,3227
7112,5400000,18,3018,renamed,2991
7113,5400000,43,3098,renamed,3106
7114,5400000,70,3376,renamed,3363
7115,5404800,56,3267,renamed,3282
7116,5404800,72,3223,renamed,3235
7117,5404800,45,3129,renamed,3105
7118,5404800,62,3216,renamed,3228
7119,5404800,71,3275,renamed,3290
7120,5404800,68,3267,renamed,3248
7121,5404800,69,3327,renamed,3344
7122,5404800,60,3157,renamed,3166
7123,5404800,72,3243,renamed,3223
7124,5404800,61,3111,renamed,3119
7125,5414400,59,3096,renamed,3103
7126,5414400,56,3254,renamed,3267
7127,5414400,65,3149,renamed,3157
7128,5414400,70,3359,renamed,3376
7129,5414400,71,3294,renamed,3275
7130,5414400,51,2786,renamed,2787
7131,5414400,69,3313,renamed,3327
7132,5420000,63,3271,renamed,3283
7133,5420000,41,2959,renamed,2962
7134,5420000,70,3375,renamed,3359
7135,5420000,72,3233,renamed,3243
7136,5420000,65,3173,renamed,3149
7137,5424000,71,3281,renamed,3294
7138,5424000,45,3122,renamed,3129
7139,5424000,44,3141,renamed,3116
7140,5424000,62,3206,renamed,3216
7141,5424000,43,3092,renamed,3098
7142,5424000,72,3254,renamed,3233
7143,5424000,54,3000,renamed,2972
7144,5424000,52,2998,renamed,2971
7145,5424000,69,3327,renamed,3313
7146,5424000,66,3202,renamed,3215
7147,5433600,70,3386,renamed,3375
7148,5433600,71,3296,renamed,3281
7149,5433600,68,3251,renamed,3267
7150,5433600,72,3239,renamed,3254
7151,5433600,62,3194,renamed,3206
7152,5433600,54,3026,renamed,3000
7153,5433600,67,3174,renamed,3154
7154,5433600,57,3062,renamed,3070
7155,5433600,60,3177,renamed,3157
7156,5440000,59,3086,renamed,3096
7157,5440000,42,2974,renamed,2948
7158,5443200,71,3308,renamed,3296
7159,5443200,69,3307,renamed,3327
7160,5443200,70,3395,renamed,3386
7161,5443200,72,3223,renamed,3239
7162,5443200,66,3219,renamed,3202
7163,5443200,44,3160,renamed,3141
7164,5443200,67,3190,renamed,3174
7165,5443200,68,3233,renamed,3251
7166,5443200,71,3288,renamed,3308
7167,5443200,60,3164,renamed,3177
7168,5452800,64,3155,renamed,3135
7169,5452800,58,2953,renamed,2959
7170,5452800,66,3204,renamed,3219
7171,5452800,71,3270,renamed,3288
7172,5452800,18,3012,renamed,3018
7173,5452800,72,3209,renamed,3223
7174,5452800,46,2867,renamed,2870
7175,5452800,70,3405,renamed,3395
7176,5460000,56,3239,renamed,3254
7177,5460000,69,3291,renamed,3307
7178,5460000,43,3116,renamed,3092
7179,5462400,59,3078,renamed,3086
7180,5462400,41,2986,renamed,2959
7181,5462400,44,3179,renamed,3160
7182,5462400,65,3160,renamed,3173
7183,5462400,73,3248,stored,
7184,5462400,72,3195,renamed,3209
7185,5462400,56,3255,renamed,3239
7186,5462400,67,3208,renamed,3190
7187,5462400,71,3253,renamed,3270
7188,5462400,70,3383,renamed,3405
7189,5462400,68,3250,renamed,3233
7190,5462400,69,3304,renamed,3291
7191,5462400,65,3148,renamed,3160
7192,5472000,66,3191,renamed,3204
7193,5472000,73,3233,renamed,3248
7194,5472000,56,3271,renamed,3255
7195,5472000,72,3183,renamed,3195
7196,5472000,70,3394,renamed,3383
7197,5472000,69,3317,renamed,3304
7198,5472000,68,3265,renamed,3250
7199,5472000,71,3267,renamed,3253
7200,5472000,66,3177,renamed,3191
7201,5480000,67,3194,renamed,3208
7202,5481600,52,2992,renamed,2998
7203,5481600,73,3249,renamed,3233
7204,5481600,49,2831,renamed,2834
7205,5481600,68,3249,renamed,3265
7206,5481600,70,3404,renamed,3394
7207,5481600,72,3170,renamed,3183
7208,5481600,69,3299,renamed,3317
7209,5481600,71,3283,renamed,3267
7210,5481600,73,3234,renamed,3249
7211,5481600,65,3138,renamed,3148
7212,5481600,67,3183,renamed,3194
7213,5491200,44,3169,renamed,3179
7214,5491200,70,3385,renamed,3404
7215,5491200,66,3199,renamed,3177
7216,5491200,72,3160,renamed,3170
7217,5491200,71,3300,renamed,3283
7218,5491200,69,3284,renamed,3299
7219,5491200,53,2953,renamed,2957
7220,5491200,58,2950,renamed,2953
7221,5491200,73,3223,renamed,3234
7222,5500800,60,3186,renamed,3164
7223,5500800,62,3184,renamed,3194
7224,5500800,70,3398,renamed,3385
7225,5500800,67,3173,renamed,3183
7226,5500800,56,3288,renamed,3271
7227,5500800,72,3151,renamed,3160
7228,5500800,71,3285,renamed,3300
7229,5500800,61,3135,renamed,3111
7230,5500800,63,3288,renamed,3271
7231,5500800,57,3055,renamed,3062
7232,5500800,53,2949,renamed,2953
7233,5500800,73,3211,renamed,3223
7234,5510400,67,3194,renamed,3173
7235,5510400,70,3409,renamed,3398
7236,5510400,69,3268,renamed,3284
7237,5510400,68,3236,renamed,3249
7238,5510400,72,3142,renamed,3151
7239,5510400,53,2946,renamed,2949
7240,5510400,43,3109,renamed,3116
7241,5510400,71,3302,renamed,3285
7242,5510400,48,2767,renamed,2768
7243,5510400,44,3190,renamed,3169
7244,5510400,45,3113,renamed,3122
7245,5510400,56,3273,renamed,3288
7246,5520000,68,3224,renamed,3236
7247,5520000,62,3205,renamed,3184
7248,5520000,73,3230,renamed,3211
7249,5520000,71,3286,renamed,3302
7250,5520000,72,3133,renamed,3142
7251,5520000,45,3136,renamed,3113
7252,5520000,70,3388,renamed,3409
7253,5520000,60,3206,renamed,3186
7254,5520000,63,3303,renamed,3288
7255,5520000,73,3216,renamed,3230
7256,5520000,69,3284,renamed,3268
7257,5520000,56,3257,renamed,3273
7258,5529600,63,3287,renamed,3303
7259,5529600,54,3021,renamed,3026
7260,5529600,44,3210,renamed,3190
7261,5529600,72,3155,renamed,3133
7262,5529600,70,3367,renamed,3388
7263,5529600,71,3301,renamed,3286
7264,5529600,73,3203,renamed,3216
7265,5529600,65,3159,renamed,3138
7266,5529600,60,3193,renamed,3206
7267,5529600,62,3193,renamed,3205
7268,5529600,68,3211,renamed,3224
7269,5529600,69,3300,renamed,3284
7270,5540000,71,3285,renamed,3301
7271,5540000,73,3192,renamed,3203
7272,5540000,72,3146,renamed,3155
7273,5540000,68,3231,renamed,3211
7274,5540000,69,3285,renamed,3300
7275,5540000,67,3214,renamed,3194
7276,5540000,70,3349,renamed,3367
7277,5540000,54,3047,renamed,3021
7278,5540000,43,3101,renamed,3109
7279,5540000,42,2970,renamed,2974
7280,5540000,73,3181,renamed,3192
7281,5548800,56,3244,renamed,3257
7282,5548800,70,3363,renamed,3349
7283,5548800,63,3273,renamed,3287
7284,5548800,74,3323,stored,
7285,5548800,69,3271,renamed,3285
7286,5548800,68,3220,renamed,3231
7287,5548800,18,3008,renamed,3012
7288,5548800,72,3170,renamed,3146
7289,5548800,71,3272,renamed,3285
7290,5548800,73,3172,renamed,3181
7291,5548800,18,3004,renamed,3008
7292,5558400,70,3378,renamed,3363
7293,5558400,44,3231,renamed,3210
7294,5560000,72,3161,renamed,3170
7295,5560000,54,3042,renamed,3047
7296,5560000,69,3258,renamed,3271
7297,5560000,74,3309,renamed,3323
7298,5560000,73,3195,renamed,3172
7299,5560000,71,3260,renamed,3272
7300,5560000,66,3190,renamed,3199
7301,5560000,67,3235,renamed,3214
7302,5560000,63,3261,renamed,3273
7303,5568000,72,3153,renamed,3161
7304,5568000,70,3392,renamed,3378
7305,5568000,68,3210,renamed,3220
7306,5568000,54,3038,renamed,3042
7307,5568000,74,3296,renamed,3309
7308,5568000,73,3187,renamed,3195
7309,5568000,71,3250,renamed,3260
7310,5568000,69,3279,renamed,3258
7311,5568000,65,3152,renamed,3159
7312,5568000,72,3146,renamed,3153
7313,5568000,59,3105,renamed,3078
7314,5568000,56,3264,renamed,3244
7315,5568000,70,3374,renamed,3392
7316,5568000,73,3178,renamed,3187
7317,5568000,74,3284,renamed,3296
7318,5577600,71,3240,renamed,3250
7319,5580000,59,3131,renamed,3105
7320,5580000,69,3298,renamed,3279
7321,5580000,43,3126,renamed,3101
7322,5580000,72,3168,renamed,3146
7323,5580000,56,3280,renamed,3264
7324,5580000,74,3299,renamed,3284
7325,5580000,44,3217,renamed,3231
7326,5580000,60,3181,renamed,3193
7327,5580000,71,3227,renamed,3240
7328,5587200,56,3296,renamed,3280
7329,5587200,65,3142,renamed,3152
7330,5587200,72,3158,renamed,3168
7331,5587200,66,3210,renamed,3190
7332,5587200,73,3167,renamed,3178
7333,5587200,70,3355,renamed,3374
7334,5587200,67,3223,renamed,3235
7335,5587200,74,3315,renamed,3299
7336,5587200,53,2943,renamed,2946
7337,5587200,43,3118,renamed,3126
7338,5587200,64,3177,renamed,3155
7339,5587200,41,3013,renamed,2986
7340,5596800,71,3214,renamed,3227
7341,5596800,60,3170,renamed,3181
7342,5596800,46,2865,renamed,2867
7343,5596800,73,3188,renamed,3167
7344,5596800,72,3178,renamed,3158
7345,5596800,74,3297,renamed,3315
7346,5600000,43,3140,renamed,3118
7347,5600000,45,3156,renamed,3136
7348,5600000,70,3334,renamed,3355
7349,5600000,42,2965,renamed,2970
7350,5600000,44,3234,renamed,3217
7351,5606400,71,3230,renamed,3214
7352,5606400,72,3165,renamed,3178
7353,5606400,74,3279,renamed,3297
7354,5606400,73,3176,renamed,3188
7355,5606400,62,3212,renamed,3193
7356,5606400,51,2784,renamed,2786
7357,5606400,71,3246,renamed,3230
7358,5606400,74,3292,renamed,3279
7359,5606400,55,2833,renamed,2836
7360,5606400,72,3183,renamed,3165
7361,5606400,59,3119,renamed,3131
7362,5616000,45,3143,renamed,3156
7363,5616000,60,3157,renamed,3170
7364,5616000,70,3315,renamed,3334
7365,5616000,18,2998,renamed,3004
7366,5616000,68,3197,renamed,3210
7367,5616000,66,3198,renamed,3210
7368,5616000,74,3277,renamed,3292
7369,5620000,62,3201,renamed,3212
7370,5620000,73,3197,renamed,3176
7371,5620000,71,3264,renamed,3246
7372,5620000,64,3197,renamed,3177
7373,5625600,42,2991,renamed,2965
7374,5625600,69,3280,renamed,3298
7375,5625600,72,3171,renamed,3183
7376,5625600,70,3298,renamed,3315
7377,5625600,68,3216,renamed,3197
7378,5625600,74,3261,renamed,3277
7379,5625600,67,3210,renamed,3223
7380,5625600,70,3283,renamed,3298
7381,5625600,45,3165,renamed,3143
7382,5625600,62,3189,renamed,3201
7383,5625600,73,3217,renamed,3197
7384,5625600,71,3280,renamed,3264
7385,5625600,75,3261,stored,
7386,5625600,61,3125,renamed,3135
7387,5635200,72,3191,renamed,3171
7388,5635200,69,3294,renamed,3280
7389,5635200,64,3183,renamed,3197
7390,5635200,71,3263,renamed,3280
7391,5635200,75,3246,renamed,3261
7392,5640000,74,3247,renamed,3261
7393,5640000,48,2766,renamed,2767
7394,5640000,73,3236,renamed,3217
7395,5640000,70,3268,renamed,3283
7396,5640000,72,3180,renamed,3191
7397,5640000,59,3142,renamed,3119
7398,5640000,49,2860,renamed,2831
7399,5644800,42,2985,renamed,2991
7400,5644800,74,3232,renamed,3247
7401,5644800,63,3246,renamed,3261
7402,5644800,67,3198,renamed,3210
7403,5644800,75,3264,renamed,3246
7404,5644800,18,3024,renamed,2998
7405,5644800,73,3252,renamed,3236
7406,5644800,71,3277,renamed,3263
7407,5644800,62,3175,renamed,3189
7408,5644800,60,3145,renamed,3157
7409,5654400,72,3168,renamed,3180
7410,5654400,74,3249,renamed,3232
7411,5654400,68,3202,renamed,3216
7412,5654400,46,2894,renamed,2865
7413,5654400,71,3290,renamed,3277
7414,5660000,64,3169,renamed,3183
7415,5660000,42,3010,renamed,2985
7416,5660000,73,3265,renamed,3252
7417,5660000,75,3246,renamed,3264
7418,5664000,70,3250,renamed,3268
7419,5664000,65,3131,renamed,3142
7420,5664000,74,3264,renamed,3249
7421,5664000,71,3272,renamed,3290
7422,5664000,72,3187,renamed,3168
7423,5664000,69,3276,renamed,3294
7424,5664000,62,3163,renamed,3175
7425,5664000,73,3280,renamed,3265
7426,5664000,74,3248,renamed,3264
7427,5664000,72,3175,renamed,3187
7428,5664000,75,3232,renamed,3246
7429,5664000,56,3280,renamed,3296
7430,5673600,65,3123,renamed,3131
7431,5673600,53,2940,renamed,2943
7432,5673600,63,3234,renamed,3246
7433,5673600,75,3221,renamed,3232
7434,5673600,73,3267,renamed,3280
7435,5673600,61,3118,renamed,3125
7436,5673600,43,3164,renamed,3140
7437,5680000,71,3259,renamed,3272
7438,5680000,72,3167,renamed,3175
7439,5680000,74,3237,renamed,3248
7440,5680000,70,3240,renamed,3250
7441,5683200,69,3265,renamed,3276
7442,5683200,65,3117,renamed,3123
7443,5683200,75,3213,renamed,3221
7444,5683200,42,3039,renamed,3010
7445,5683200,72,3160,renamed,3167
7446,5683200,70,3231,renamed,3240
7447,5683200,68,3194,renamed,3202
7448,5683200,73,3288,renamed,3267
7449,5683200,64,3162,renamed,3169
7450,5683200,75,3205,renamed,3213
7451,5683200,70,3222,renamed,3231
7452,5683200,54,3035,renamed,3038
7453,5683200,72,3154,renamed,3160
7454,5692800,74,3229,renamed,3237
7455,5692800,69,3287,renamed,3265
7456,5692800,71,3250,renamed,3259
7457,5692800,75,3198,renamed,3205
7458,5692800,44,3226,renamed,3234
7459,5692800,56,3271,renamed,3280
7460,5692800,62,3158,renamed,3163
7461,5692800,52,2990,renamed,2992
7462,5700000,46,2893,renamed,2894
7463,5700000,72,3149,renamed,3154
7464,5700000,75,3192,renamed,3198
7465,5700000,60,3141,renamed,3145
7466,5700000,70,3247,renamed,3222
7467,5702400,74,3222,renamed,3229
7468,5702400,41,3042,renamed,3013
7469,5702400,73,3278,renamed,3288
7470,5702400,75,3185,renamed,3192
7471,5702400,72,3144,renamed,3149
7472,5702400,71,3242,renamed,3250
7473,5702400,69,3309,renamed,3287
7474,5702400,44,3249,renamed,3226
7475,5702400,61,3113,renamed,3118
7476,5702400,64,3156,renamed,3162
7477,5702400,70,3238,renamed,3247
7478,5712000,59,3137,renamed,3142
7479,5712000,75,3179,renamed,3185
7480,5712000,73,3269,renamed,3278
7481,5712000,64,3151,renamed,3156
7482,5712000,71,3235,renamed,3242
7483,5712000,74,3215,renamed,3222
7484,5712000,42,3036,renamed,3039
7485,5712000,73,3261,renamed,3269
7486,5712000,76,3468,stored,
7487,5712000,68,3189,renamed,3194
7488,5720000,75,3174,renamed,3179
7489,5720000,72,3171,renamed,3144
7490,5720000,62,3153,renamed,3158
7491,5721600,44,3242,renamed,3249
7492,5721600,54,3064,renamed,3035
7493,5721600,69,3330,renamed,3309
7494,5721600,75,3168,renamed,3174
7495,5721600,74,3208,renamed,3215
7496,5721600,76,3481,renamed,3468
7497,5721600,73,3283,renamed,3261
7498,5721600,70,3260,renamed,3238
7499,5721600,72,3163,renamed,3171
7500,5721600,71,3226,renamed,3235
7501,5721600,42,3032,renamed,3036
7502,5721600,56,3261,renamed,3271
7503,5731200,75,3162,renamed,3168
7504,5731200,69,3318,renamed,3330
7505,5731200,72,3157,renamed,3163
7506,5731200,76,3463,renamed,3481
7507,5731200,73,3274,renamed,3283
7508,5731200,74,3233,renamed,3208
7509,5731200,60,3167,renamed,3141
7510,5731200,45,3159,renamed,3165
7511,5740000,75,3187,renamed,3162
7512,5740000,71,3248,renamed,3226
7513,5740800,73,3262,renamed,3274
7514,5740800,44,3232,renamed,3242
7515,5740800,72,3181,renamed,3157
7516,5740800,76,3474,renamed,3463
7517,5740800,69,3334,renamed,3318
7518,5740800,49,2890,renamed,2860
7519,5740800,75,3176,renamed,3187
7520,5740800,62,3175,renamed,3153
7521,5740800,60,3187,renamed,3167
7522,5740800,54,3057,renamed,3064
7523,5740800,74,3219,renamed,3233
7524,5740800,64,3141,renamed,3151
7525,5750400,65,3140,renamed,3117
7526,5750400,52,2985,renamed,2990
7527,5750400,76,3482,renamed,3474
7528,5750400,73,3278,renamed,3262
7529,5750400,75,3164,renamed,3176
7530,5750400,68,3177,renamed,3189
7531,5750400,51,2782,renamed,2784
7532,5750400,74,3206,renamed,3219
7533,5750400,69,3317,renamed,3334
7534,5750400,72,3171,renamed,3181
7535,5750400,75,3155,renamed,3164
7536,5760000,67,3188,renamed,3198
7537,5760000,71,3267,renamed,3248
7538,5760000,57,3049,renamed,3055
7539,5760000,73,3265,renamed,3278
7540,5760000,76,3461,renamed,3482
7541,5760000,74,3197,renamed,3206
7542,5760000,59,3131,renamed,3137
7543,5760000,45,3152,renamed,3159
7544,5760000,75,3148,renamed,3155
7545,5760000,72,3164,renamed,3171
7546,5760000,76,3443,renamed,3461
7547,5760000,58,2948,renamed,2950
7548,5769600,52,2983,renamed,2985
7549,5769600,65,3135,renamed,3140
7550,5769600,73,3287,renamed,3265
7551,5769600,69,3336,renamed,3317
7552,5769600,74,3189,renamed,3197
7553,5769600,62,3168,renamed,3175
7554,5769600,76,3456,renamed,3443
7555,5769600,59,3125,renamed,3131
7556,5769600,75,3142,renamed,3148
7557,5769600,73,3307,renamed,3287
7558,5779200,72,3157,renamed,3164
7559,5780000,67,3211,renamed,3188
7560,5780000,60,3179,renamed,3187
7561,5780000,70,3249,renamed,3260
7562,5780000,74,3181,renamed,3189
7563,5780000,71,3287,renamed,3267
7564,5780000,76,3467,renamed,3456
7565,5780000,60,3171,renamed,3179
7566,5780000,66,3189,renamed,3198
7567,5780000,73,3295,renamed,3307
7568,5780000,72,3181,renamed,3157
7569,5788800,76,3447,renamed,3467
7570,5788800,75,3167,renamed,3142
7571,5788800,57,3076,renamed,3049
7572,5788800,68,3199,renamed,3177
7573,5788800,66,3179,renamed,3189
7574,5788800,73,3311,renamed,3295
7575,5788800,74,3171,renamed,3181
7576,5788800,72,3202,renamed,3181
7577,5788800,61,3105,renamed,3113
7578,5788800,75,3188,renamed,3167
7579,5788800,71,3302,renamed,3287
7580,5798400,76,3455,renamed,3447
7581,5798400,65,3125,renamed,3135
7582,5798400,70,3234,renamed,3249
7583,5800000,45,3142,renamed,3152
7584,5800000,74,3161,renamed,3171
7585,5800000,75,3177,renamed,3188
7586,5800000,77,3310,stored,
7587,5800000,73,3296,renamed,3311
7588,5800000,44,3221,renamed,3232
7589,5800000,76,3435,renamed,3455
7590,5800000,62,3160,renamed,3168
7591,5800000,60,3194,renamed,3171
7592,5800000,64,3134,renamed,3141
7593,5800000,73,3283,renamed,3296
7594,5808000,74,3154,renamed,3161
7595,5808000,72,3194,renamed,3202
7596,5808000,76,3448,renamed,3435
7597,5808000,77,3328,renamed,3310
7598,5808000,59,3118,renamed,3125
7599,5808000,75,3169,renamed,3177
7600,5808000,61,3130,renamed,3105
7601,5808000,63,3223,renamed,3234
7602,5808000,72,3185,renamed,3194
7603,5808000,56,3250,renamed,3261
7604,5808000,73,3271,renamed,3283
7605,5808000,74,3178,renamed,3154
7606,5817600,76,3459,renamed,3448
7607,5817600,74,3169,renamed,3178
7608,5820000,77,3344,renamed,3328
7609,5820000,69,3321,renamed,3336
7610,5820000,75,3192,renamed,3169
7611,5820000,71,3288,renamed,3302
7612,5820000,76,3469,renamed,3459
7613,5820000,67,3201,renamed,3211
7614,5820000,63,3213,renamed,3223
7615,5820000,77,3329,renamed,3344
7616,5820000,72,3208,renamed,3185
7617,5820000,74,3161,renamed,3169
7618,5827200,73,3290,renamed,3271
7619,5827200,75,3183,renamed,3192
7620,5827200,64,3127,renamed,3134
7621,5827200,76,3479,renamed,3469
7622,5827200,71,3306,renamed,3288
7623,5827200,43,3155,renamed,3164
7624,5827200,70,3253,renamed,3234
7625,5827200,65,3117,renamed,3125
7626,5827200,61,3153,renamed,3130
7627,5827200,77,3312,renamed,3329
7628,5836800,75,3204,renamed,3183
7629,5836800,76,3487,renamed,3479
7630,5836800,73,3305,renamed,3290
7631,5836800,74,3181,renamed,3161
7632,5840000,71,3288,renamed,3306
7633,5840000,76,3463,renamed,3487
7634,5840000,69,3304,renamed,3321
7635,5840000,72,3228,renamed,3208
7636,5840000,67,3220,renamed,3201
7637,5846400,74,3169,renamed,3181
7638,5846400,77,3295,renamed,3312
7639,5846400,75,3193,renamed,3204
7640,5846400,76,3441,renamed,3463
7641,5846400,45,3134,renamed,3142
7642,5846400,73,3322,renamed,3305
7643,5846400,72,3217,renamed,3228
7644,5846400,63,3203,renamed,3213
7645,5846400,60,3185,renamed,3194
7646,5846400,77,3282,renamed,3295
7647,5846400,75,3185,renamed,3193
7648,5846400,73,3340,renamed,3322
7649,5856000,72,3238,renamed,3217
7650,5856000,71,3275,renamed,3288
7651,5856000,76,3452,renamed,3441
7652,5856000,55,2831,renamed,2833
7653,5856000,74,3191,renamed,3169
7654,5860000,44,3240,renamed,3221
7655,5860000,45,3156,renamed,3134
7656,5860000,70,3239,renamed,3253
7657,5860000,77,3267,renamed,3282
7658,5860000,74,3180,renamed,3191
7659,5860000,53,2937,renamed,2940
7660,5860000,76,3462,renamed,3452
7661,5860000,73,3323,renamed,3340
7662,5865600,18,3019,renamed,3024
7663,5865600,75,3176,renamed,3185
7664,5865600,76,3441,renamed,3462
7665,5865600,74,3203,renamed,3180
7666,5865600,72,3227,renamed,3238
7667,5865600,77,3286,renamed,3267
7668,5865600,71,3262,renamed,3275
7669,5865600,58,2977,renamed,2948
7670,5865600,69,3320,renamed,3304
7671,5865600,66,3169,renamed,3179
7672,5875200,75,3166,renamed,3176
7673,5875200,77,3272,renamed,3286
7674,5875200,62,3152,renamed,3160
7675,5875200,76,3421,renamed,3441
7676,5875200,74,3194,renamed,3203
7677,5875200,61,3146,renamed,3153
7678,5880000,77,3261,renamed,3272
7679,5880000,73,3311,renamed,3323
7680,5880000,72,3250,renamed,3227
7681,5880000,75,3190,renamed,3166
7682,5884800,70,3229,renamed,3239
7683,5884800,74,3216,renamed,3194
7684,5884800,76,3433,renamed,3421
7685,5884800,71,3280,renamed,3262
7686,5884800,18,3045,renamed,3019
7687,5884800,78,3283,stored,
7688,5884800,77,3247,renamed,3261
7689,5884800,67,3208,renamed,3220
7690,5884800,73,3326,renamed,3311
7691,5884800,59,3110,renamed,3118
7692,5884800,75,3179,renamed,3190
7693,5884800,41,3068,renamed,3042
7694,5894400,68,3218,renamed,3199
7695,5894400,44,3256,renamed,3240
7696,5894400,63,3190,renamed,3203
7697,5894400,78,3267,renamed,3283
7698,5894400,77,3233,renamed,3247
7699,5894400,76,3412,renamed,3433
7700,5894400,75,3169,renamed,3179
7701,5894400,74,3205,renamed,3216
7702,5900000,60,3207,renamed,3185
7703,5900000,62,3174,renamed,3152
7704,5900000,41,3092,renamed,3068
7705,5900000,70,3215,renamed,3229
7706,5900000,42,3057,renamed,3032
7707,5904000,78,3282,renamed,3267
7708,5904000,68,3234,renamed,3218
7709,5904000,73,3306,renamed,3326
7710,5904000,77,3218,renamed,3233
7711,5904000,75,3188,renamed,3169
7712,5904000,63,3177,renamed,3190
7713,5904000,74,3192,renamed,3205
7714,5904000,76,3421,renamed,3412
7715,5904000,78,3296,renamed,3282
7716,5913600,43,3143,renamed,3155
7717,5913600,67,3225,renamed,3208
7718,5913600,75,3175,renamed,3188
7719,5913600,72,3235,renamed,3250
7720,5913600,76,3430,renamed,3421
7721,5913600,77,3204,renamed,3218
7722,5913600,44,3272,renamed,3256
7723,5920000,78,3279,renamed,3296
7724,5920000,64,3118,renamed,3127
7725,5920000,77,3192,renamed,3204
7726,5920000,74,3212,renamed,3192
7727,5923200,73,3289,renamed,3306
7728,5923200,66,3159,renamed,3169
7729,5923200,56,3268,renamed,3250
7730,5923200,75,3164,renamed,3175
7731,5923200,78,3264,renamed,3279
7732,5923200,76,3440,renamed,3430
7733,5923200,72,3253,renamed,3235
7734,5923200,77,3211,renamed,3192
7735,5923200,74,3229,renamed,3212
7736,5932800,75,3152,renamed,3164
7737,5932800,69,3332,renamed,3320
7738,5932800,78,3248,renamed,3264
7739,5932800,73,3272,renamed,3289
7740,5932800,76,3418,renamed,3440
7741,5932800,72,3270,renamed,3253
7742,5932800,53,2933,renamed,2937
7743,5932800,58,2972,renamed,2977
7744,5932800,75,3142,renamed,3152
7745,5932800,44,3288,renamed,3272
7746,5940000,77,3229,renamed,3211
7747,5940000,59,3101,renamed,3110
7748,5940000,74,3216,renamed,3229
7749,5942400,78,3265,renamed,3248
7750,5942400,57,3099,renamed,3076
7751,5942400,61,3135,renamed,3146
7752,5942400,76,3396,renamed,3418
7753,5942400,75,3132,renamed,3142
7754,5942400,60,3195,renamed,3207
7755,5942400,64,3110,renamed,3118
7756,5942400,73,3258,renamed,3272
7757,5942400,77,3218,renamed,3229
7758,5952000,75,3125,renamed,3132
7759,5952000,78,3253,renamed,3265
7760,5952000,76,3379,renamed,3396
7761,5952000,74,3238,renamed,3216
7762,5952000,60,3217,renamed,3195
7763,5952000,67,3214,renamed,3225
7764,5952000,73,3277,renamed,3258
7765,5952000,75,3148,renamed,3125
7766,5952000,77,3206,renamed,3218
7767,5960000,49,2919,renamed,2890
7768,5961600,74,3225,renamed,3238
7769,5961600,62,3164,renamed,3174
7770,5961600,67,3203,renamed,3214
7771,5961600,78,3240,renamed,3253
7772,5961600,76,3392,renamed,3379
7773,5961600,55,2829,renamed,2831
7774,5961600,77,3226,renamed,3206
7775,5961600,71,3296,renamed,3280
7776,5961600,73,3262,renamed,3277
7777,5961600,74,3213,renamed,3225
7778,5971200,75,3170,renamed,3148
7779,5971200,78,3227,renamed,3240
7780,5971200,76,3403,renamed,3392
7781,5971200,40,2822,renamed,2824
7782,5971200,72,3286,renamed,3270
7783,5971200,73,3247,renamed,3262
7784,5971200,77,3244,renamed,3226
7785,5971200,74,3231,renamed,3213
7786,5971200,47,2702,renamed,2671
7787,5971200,75,3187,renamed,3170
7788,5971200,79,3201,stored,
7789,5971200,65,3105,renamed,3117
7790,5971200,74,3215,renamed,3231
7791,5980000,44,3301,renamed,3288
7792,5980000,78,3211,renamed,3227
7793,5980800,56,3282,renamed,3268
7794,5980800,77,3258,renamed,3244
7795,5980800,76,3380,renamed,3403
7796,5980800,63,3164,renamed,3177
7797,5980800,53,2928,renamed,2933
7798,5980800,78,3197,renamed,3211
7799,5980800,68,3220,renamed,3234
7800,5980800,73,3264,renamed,3247
7801,5980800,67,3221,renamed,3203
7802,5980800,79,3187,renamed,3201
7803,5980800,77,3243,renamed,3258
7804,5980800,41,3084,renamed,3092
7805,5990400,70,3202,renamed,3215
7806,5990400,78,3216,renamed,3197
7807,5990400,76,3391,renamed,3380
7808,5990400,77,3228,renamed,3243
7809,5990400,65,3127,renamed,3105
7810,5990400,75,3175,renamed,3187
7811,5990400,79,3175,renamed,3187
7812,5990400,60,3204,renamed,3217
7813,6000000,78,3204,renamed,3216
7814,6000000,44,3316,renamed,3301
7815,6000000,76,3371,renamed,3391
7816,6000000,77,3216,renamed,3228
7817,6000000,56,3299,renamed,3282
7818,6000000,75,3165,renamed,3175
7819,6000000,45,3147,renamed,3156
7820,6000000,79,3197,renamed,3175
7821,6000000,69,3315,renamed,3332
7822,6000000,78,3193,renamed,3204
7823,6009600,64,3134,renamed,3110
7824,6009600,44,3331,renamed,3316
7825,6009600,73,3280,renamed,3264
7826,6009600,68,3237,renamed,3220
7827,6009600,65,3117,renamed,3127
7828,6009600,79,3215,renamed,3197
7829,6009600,78,3180,renamed,3193
7830,6009600,77,3233,renamed,3216
7831,6009600,60,3221,renamed,3204
7832,6009600,75,3183,renamed,3165
7833,6019200,47,2700,renamed,2702
7834,6019200,72,3298,renamed,3286
7835,6020000,79,3199,renamed,3215
7836,6020000,76,3380,renamed,3371
7837,6020000,70,3217,renamed,3202
7838,6020000,78,3165,renamed,3180
7839,6020000,75,3199,renamed,3183
7840,6020000,43,3130,renamed,3143
7841,6020000,77,3247,renamed,3233
7842,6020000,74,3198,renamed,3215
7843,6020000,60,3235,renamed,3221
7844,6020000,79,3183,renamed,3199
7845,6028800,75,3214,renamed,3199
7846,6028800,76,3357,renamed,3380
7847,6028800,73,3292,renamed,3280
7848,6028800,78,3151,renamed,3165
7849,6028800,74,3214,renamed,3198
7850,6028800,77,3260,renamed,3247
7851,6028800,79,3168,renamed,3183
7852,6028800,67,3205,renamed,3221
7853,6028800,68,3221,renamed,3237
7854,6038400,66,3177,renamed,3159
7855,6040000,46,2889,renamed,2893
7856,6040000,76,3336,renamed,3357
7857,6040000,18,3037,renamed,3045
7858,6040000,72,3281,renamed,3298
7859,6040000,78,3141,renamed,3151
7860,6040000,75,3201,renamed,3214
7861,6040000,79,3188,renamed,3168
7862,6040000,77,3245,renamed,3260
7863,6040000,60,3222,renamed,3235
7864,6048000,71,3281,renamed,3296
7865,6048000,62,3186,renamed,3164
7866,6048000,56,3314,renamed,3299
7867,6048000,74,3232,renamed,3214
7868,6048000,78,3131,renamed,3141
7869,6048000,79,3176,renamed,3188
7870,6048000,70,3235,renamed,3217
7871,6048000,77,3230,renamed,3245
7872,6048000,42,3050,renamed,3057
7873,6048000,62,3175,renamed,3186
7874,6048000,76,3319,renamed,3336
7875,6057600,79,3166,renamed,3176
7876,6057600,74,3251,renamed,3232
7877,6057600,75,3190,renamed,3201
7878,6057600,73,3278,renamed,3292
7879,6060000,51,2781,renamed,2782
7880,6060000,68,3210,renamed,3221
7881,6060000,65,3110,renamed,3117
7882,6060000,78,3124,renamed,3131
7883,6060000,62,3198,renamed,3175
7884,6060000,69,3331,renamed,3315
7885,6060000,18,3063,renamed,3037
7886,6067200,79,3187,renamed,3166
7887,6067200,60,3209,renamed,3222
7888,6067200,59,3124,renamed,3101
7889,6067200,80,3257,stored,
7890,6067200,77,3216,renamed,3230
7891,6067200,78,3115,renamed,3124
7892,6067200,76,3333,renamed,3319
7893,6067200,72,3296,renamed,3281
7894,6067200,75,3208,renamed,3190
7895,6067200,74,3235,renamed,3251
7896,6076800,80,3241,renamed,3257
7897,6076800,73,3293,renamed,3278
7898,6076800,44,3343,renamed,3331
7899,6076800,79,3205,renamed,3187
7900,6076800,77,3231,renamed,3216
7901,6076800,78,3104,renamed,3115
7902,6080000,66,3163,renamed,3177
7903,6080000,79,3191,renamed,3205
7904,6080000,47,2699,renamed,2700
7905,6080000,57,3090,renamed,3099
7906,6080000,80,3226,renamed,3241
7907,6080000,76,3315,renamed,3333
7908,6086400,77,3218,renamed,3231
7909,6086400,75,3197,renamed,3208
7910,6086400,72,3282,renamed,3296
7911,6086400,56,3299,renamed,3314
7912,6086400,74,3255,renamed,3235
7913,6086400,79,3181,renamed,3191
7914,6086400,78,3098,renamed,3104
7915,6086400,70,3224,renamed,3235
7916,6086400,63,3187,renamed,3164
7917,6096000,77,3207,renamed,3218
7918,6096000,79,3172,renamed,3181
7919,6096000,80,3216,renamed,3226
7920,6096000,75,3188,renamed,3197
7921,6096000,76,3302,renamed,3315
7922,6100000,78,3093,renamed,3098
7923,6100000,48,2765,renamed,2766
7924,6100000,74,3276,renamed,3255
7925,6100000,77,3198,renamed,3207
7926,6100000,73,3281,renamed,3293
7927,6105600,69,3318,renamed,3331
7928,6105600,80,3208,renamed,3216
7929,6105600,79,3166,renamed,3172
7930,6105600,78,3120,renamed,3093
7931,6105600,75,3181,renamed,3188
7932,6105600,74,3296,renamed,3276
7933,6105600,76,3290,renamed,3302
7934,6105600,77,3190,renamed,3198
7935,6105600,73,3301,renamed,3281
7936,6105600,41,3110,renamed,3084
7937,6105600,69,3304,renamed,3318
7938,6115200,72,3301,renamed,3282
7939,6115200,80,3198,renamed,3208
7940,6115200,44,3359,renamed,3343
7941,6115200,78,3144,renamed,3120
7942,6115200,67,3194,renamed,3205
7943,6115200,79,3157,renamed,3166
7944,6115200,46,2887,renamed,2889
7945,6120000,70,3244,renamed,3224
7946,6120000,75,3202,renamed,3181
7947,6120000,80,3187,renamed,3198
7948,6124800,78,3135,renamed,3144
7949,6124800,79,3148,renamed,3157
7950,6124800,71,3267,renamed,3281
7951,6124800,69,3290,renamed,3304
7952,6124800,76,3308,renamed,3290
7953,6124800,77,3211,renamed,3190
7954,6124800,63,3208,renamed,3187
7955,6124800,79,3169,renamed,3148
7956,6124800,80,3206,renamed,3187
7957,6124800,41,3100,renamed,3110
7958,6124800,78,3155,renamed,3135
7959,6134400,72,3283,renamed,3301
7960,6134400,70,3260,renamed,3244
7961,6134400,66,3151,renamed,3163
7962,6134400,78,3144,renamed,3155
7963,6134400,79,3188,renamed,3169
7964,6134400,80,3223,renamed,3206
7965,6140000,76,3289,renamed,3308
7966,6140000,77,3197,renamed,3211
7967,6140000,52,2978,renamed,2983
7968,6140000,64,3155,renamed,3134
7969,6140000,75,3188,renamed,3202
7970,6140000,61,3155,renamed,3135
7971,6144000,72,3266,renamed,3283
7972,6144000,68,3197,renamed,3210
7973,6144000,80,3210,renamed,3223
7974,6144000,79,3177,renamed,3188
7975,6144000,76,3304,renamed,3289
7976,6144000,67,3182,renamed,3194
7977,6144000,70,3277,renamed,3260
7978,6144000,77,3216,renamed,3197
7979,6144000,78,3133,renamed,3144
7980,6153600,69,3274,renamed,3290
7981,6153600,80,3198,renamed,3210
7982,6153600,50,2786,renamed,2788
7983,6153600,79,3197,renamed,3177
7984,6153600,77,3203,renamed,3216
7985,6153600,75,3177,renamed,3188
7986,6153600,76,3289,renamed,3304
7987,6153600,62,3188,renamed,3198
7988,6160000,68,3218,renamed,3197
7989,6160000,81,3304,stored,
7990,6160000,46,2884,renamed,2887
7991,6160000,80,3218,renamed,3198
7992,6160000,65,3102,renamed,3110
7993,6163200,78,3124,renamed,3133
7994,6163200,47,2698,renamed,2699
7995,6163200,77,3192,renamed,3203
7996,6163200,79,3187,renamed,3197
7997,6163200,76,3306,renamed,3289
7998,6163200,78,3116,renamed,3124
7999,6163200,80,3207,renamed,3218
8000,6163200,44,3342,renamed,3359
8001,6163200,81,3321,renamed,3304
8002,6163200,60,3199,renamed,3209
8003,6163200,73,3287,renamed,3301
8004,6163200,77,3214,renamed,3192
8005,6172800,78,3109,renamed,3116
8006,6172800,79,3178,renamed,3187
8007,6172800,54,3083,renamed,3057
8008,6172800,80,3196,renamed,3207
8009,6172800,60,3189,renamed,3199
8010,6172800,81,3307,renamed,3321
8011,6172800,76,3323,renamed,3306
8012,6172800,78,3102,renamed,3109
8013,6172800,77,3235,renamed,3214
8014,6180000,62,3178,renamed,3188
8015,6180000,79,3169,renamed,3178
8016,6182400,42,3045,renamed,3050
8017,6182400,71,3255,renamed,3267
8018,6182400,76,3309,renamed,3323
8019,6182400,81,3295,renamed,3307
8020,6182400,73,3276,renamed,3287
8021,6182400,52,3007,renamed,2978
8022,6182400,80,3188,renamed,3196
8023,6182400,79,3162,renamed,3169
8024,6182400,74,3285,renamed,3296
8025,6182400,78,3128,renamed,3102
8026,6192000,71,3245,renamed,3255
8027,6192000,81,3283,renamed,3295
8028,6192000,42,3041,renamed,3045
8029,6192000,80,3181,renamed,3188
8030,6192000,73,3266,renamed,3276
8031,6192000,77,3258,renamed,3235
8032,6192000,78,3122,renamed,3128
8033,6192000,79,3187,renamed,3162
8034,6192000,68,3209,renamed,3218
8035,6200000,43,3124,renamed,3130
8036,6200000,45,3172,renamed,3147
8037,6200000,81,3271,renamed,3283
8038,6201600,79,3210,renamed,3187
8039,6201600,70,3295,renamed,3277
8040,6201600,80,3203,renamed,3181
8041,6201600,71,3263,renamed,3245
8042,6201600,76,3293,renamed,3309
8043,6201600,44,3356,renamed,3342
8044,6201600,78,3114,renamed,3122
8045,6201600,80,3192,renamed,3203
8046,6201600,77,3245,renamed,3258
8047,6211200,49,2948,renamed,2919
8048,6211200,81,3287,renamed,3271
8049,6211200,79,3228,renamed,3210
8050,6211200,70,3278,renamed,3295
8051,6211200,76,3277,renamed,3293
8052,6211200,80,3181,renamed,3192
8053,6211200,63,3197,renamed,3208
8054,6211200,77,3233,renamed,3245
8055,6211200,79,3217,renamed,3228
8056,6211200,78,3138,renamed,3114
8057,6211200,71,3250,renamed,3263
8058,6220000,81,3304,renamed,3287
8059,6220800,74,3271,renamed,3285
8060,6220800,80,3172,renamed,3181
8061,6220800,76,3264,renamed,3277
8062,6220800,79,3207,renamed,3217
8063,6220800,56,3317,renamed,3299
8064,6220800,64,3147,renamed,3155
8065,6220800,81,3291,renamed,3304
8066,6220800,53,2957,renamed,2928
8067,6220800,74,3258,renamed,3271
8068,6230400,80,3164,renamed,3172
8069,6230400,79,3198,renamed,3207
8070,6230400,50,2785,renamed,2786
8071,6230400,70,3266,renamed,3278
8072,6230400,78,3163,renamed,3138
8073,6230400,81,3309,renamed,3291
8074,6230400,44,3340,renamed,3356
8075,6230400,77,3223,renamed,3233
8076,6230400,61,3148,renamed,3155
8077,6230400,79,3220,renamed,3198
8078,6230400,80,3156,renamed,3164
8079,6240000,68,3230,renamed,3209
8080,6240000,64,3139,renamed,3147
8081,6240000,78,3155,renamed,3163
8082,6240000,81,3295,renamed,3309
8083,6240000,58,2969,renamed,2972
8084,6240000,79,3211,renamed,3220
8085,6240000,76,3253,renamed,3264
8086,6240000,80,3180,renamed,3156
8087,6240000,77,3213,renamed,3223
8088,6240000,75,3169,renamed,3177
8089,6240000,66,3175,renamed,3151
8090,6240000,82,3353,stored,
8091,6249600,54,3078,renamed,3083
8092,6249600,73,3255,renamed,3266
8093,6249600,63,3220,renamed,3197
8094,6249600,81,3313,renamed,3295
8095,6249600,76,3241,renamed,3253
8096,6249600,65,3096,renamed,3102
8097,6249600,43,3148,renamed,3124
8098,6249600,62,3169,renamed,3178
8099,6249600,70,3254,renamed,3266
8100,6249600,82,3337,renamed,3353
8101,6249600,65,3090,renamed,3096
8102,6249600,79,3202,renamed,3211
8103,6249600,72,3255,renamed,3266
8104,6249600,61,3173,renamed,3148
8105,6260000,80,3172,renamed,3180
8106,6260000,81,3300,renamed,3313
8107,6260000,79,3225,renamed,3202
8108,6260000,82,3323,renamed,3337
8109,6260000,78,3179,renamed,3155
8110,6260000,44,3356,renamed,3340
8111,6260000,64,3162,renamed,3139
8112,6260000,77,3232,renamed,3213
8113,6260000,80,3192,renamed,3172
8114,6260000,82,3336,renamed,3323
8115,6260000,71,3235,renamed,3250
8116,6268800,54,3070,renamed,3078
8117,6268800,81,3284,renamed,3300
8118,6268800,80,3181,renamed,3192
8119,6268800,69,3260,renamed,3274
8120,6268800,44,3339,renamed,3356
8121,6268800,79,3245,renamed,3225
8122,6268800,78,3200,renamed,3179
8123,6268800,60,3209,renamed,3189
8124,6268800,82,3318,renamed,3336
8125,6278400,63,3208,renamed,3220
8126,6280000,80,3171,renamed,3181
8127,6280000,81,3270,renamed,3284
8128,6280000,64,3154,renamed,3162
8129,6280000,69,3279,renamed,3260
8130,6280000,79,3264,renamed,3245
8131,6280000,77,3220,renamed,3232
8132,6280000,60,3198,renamed,3209
8133,6280000,56,3302,renamed,3317
8134,6280000,78,3191,renamed,3200
8135,6280000,82,3335,renamed,3318
8136,6280000,76,3260,renamed,3241
8137,6288000,80,3162,renamed,3171
8138,6288000,79,3251,renamed,3264
8139,6288000,81,3258,renamed,3270
8140,6288000,77,3241,renamed,3220
8141,6288000,71,3224,renamed,3235
8142,6288000,82,3320,renamed,3335
8143,6288000,75,3161,renamed,3169
8144,6288000,80,3155,renamed,3162
8145,6297600,78,3183,renamed,3191
8146,6297600,73,3276,renamed,3255
8147,6297600,81,3278,renamed,3258
8148,6297600,82,3306,renamed,3320
8149,6297600,76,3249,renamed,3260
8150,6297600,79,3241,renamed,3251
8151,6297600,77,3231,renamed,3241
8152,6300000,80,3148,renamed,3155
8153,6300000,78,3176,renamed,3183
8154,6300000,58,2998,renamed,2969
8155,6300000,81,3267,renamed,3278
8156,6300000,66,3168,renamed,3175
8157,6300000,69,3268,renamed,3279
8158,6300000,57,3117,renamed,3090
8159,6307200,59,3118,renamed,3124
8160,6307200,82,3294,renamed,3306
8161,6307200,44,3357,renamed,3339
8162,6307200,78,3168,renamed,3176
8163,6307200,68,3252,renamed,3230
8164,6307200,79,3231,renamed,3241
8165,6307200,59,3112,renamed,3118
8166,6307200,82,3282,renamed,3294
8167,6307200,81,3257,renamed,3267
8168,6307200,64,3179,renamed,3154
8169,6307200,76,3239,renamed,3249
8170,6316800,62,3162,renamed,3169
8171,6316800,80,3173,renamed,3148
8172,6320000,81,3246,renamed,3257
8173,6320000,71,3215,renamed,3224
8174,6320000,69,3288,renamed,3268
8175,6320000,82,3301,renamed,3282
8176,6320000,78,3160,renamed,3168
8177,6320000,79,3221,renamed,3231
8178,6320000,73,3295,renamed,3276
8179,6326400,78,3183,renamed,3160
8180,6326400,80,3164,renamed,3173
8181,6326400,77,3220,renamed,3231
8182,6326400,79,3211,renamed,3221
8183,6326400,82,3318,renamed,3301
8184,6326400,76,3258,renamed,3239
8185,6326400,81,3234,renamed,3246
8186,6326400,53,2985,renamed,2957
8187,6326400,78,3173,renamed,3183
8188,6326400,70,3241,renamed,3254
8189,6326400,83,3322,stored,
8190,6326400,55,2827,renamed,2829
8191,6326400,80,3186,renamed,3164
8192,6336000,61,3163,renamed,3173
8193,6336000,79,3200,renamed,3211
8194,6336000,64,3170,renamed,3179
8195,6336000,82,3334,renamed,3318
8196,6340000,83,3306,renamed,3322
8197,6340000,56,3288,renamed,3302
8198,6340000,63,3229,renamed,3208
8199,6340000,67,3203,renamed,3182
8200,6340000,81,3252,renamed,3234
8201,6340000,79,3219,renamed,3200
8202,6345600,44,3368,renamed,3357
8203,6345600,82,3315,renamed,3334
8204,6345600,69,3272,renamed,3288
8205,6345600,78,3163,renamed,3173
8206,6345600,61,3184,renamed,3163
8207,6345600,81,3238,renamed,3252
8208,6345600,83,3321,renamed,3306
8209,6345600,72,3241,renamed,3255
8210,6345600,64,3190,renamed,3170
8211,6345600,58,3024,renamed,2998
8212,6355200,41,3121,renamed,3100
8213,6355200,82,3296,renamed,3315
8214,6355200,43,3167,renamed,3148
8215,6355200,81,3253,renamed,3238
8216,6355200,80,3172,renamed,3186
8217,6360000,63,3213,renamed,3229
8218,6360000,83,3302,renamed,3321
8219,6360000,79,3205,renamed,3219
8220,6364800,78,3152,renamed,3163
8221,6364800,81,3270,renamed,3253
8222,6364800,54,3093,renamed,3070
8223,6364800,82,3278,renamed,3296
8224,6364800,60,3185,renamed,3198
8225,6364800,83,3285,renamed,3302
8226,6364800,79,3193,renamed,3205
8227,6364800,80,3162,renamed,3172
8228,6364800,78,3174,renamed,3152
8229,6364800,82,3263,renamed,3278
8230,6364800,81,3256,renamed,3270
8231,6374400,75,3152,renamed,3161
8232,6374400,83,3272,renamed,3285
8233,6374400,80,3154,renamed,3162
8234,6374400,77,3241,renamed,3220
8235,6374400,74,3276,renamed,3258
8236,6374400,42,3036,renamed,3041
8237,6374400,79,3214,renamed,3193
8238,6374400,18,3057,renamed,3063
8239,6380000,73,3280,renamed,3295
8240,6380000,63,3233,renamed,3213
8241,6380000,82,3249,renamed,3263
8242,6380000,45,3193,renamed,3172
8243,6384000,83,3288,renamed,3272
8244,6384000,80,3144,renamed,3154
8245,6384000,76,3244,renamed,3258
8246,6384000,81,3243,renamed,3256
8247,6384000,79,3203,renamed,3214
8248,6384000,68,3240,renamed,3252
8249,6384000,83,3305,renamed,3288
8250,6384000,42,3062,renamed,3036
8251,6384000,18,3051,renamed,3057
8252,6384000,80,3135,renamed,3144
8253,6393600,81,3230,renamed,3243
8254,6393600,60,3175,renamed,3185
8255,6393600,82,3237,renamed,3249
8256,6393600,79,3193,renamed,3203
8257,6393600,43,3159,renamed,3167
8258,6393600,71,3206,renamed,3215
8259,6400000,83,3293,renamed,3305
8260,6400000,81,3221,renamed,3230
8261,6400000,44,3384,renamed,3368
8262,6400000,73,3299,renamed,3280
8263,6400000,60,3167,renamed,3175
8264,6400000,82,3227,renamed,3237
8265,6403200,56,3307,renamed,3288
8266,6403200,57,3111,renamed,3117
8267,6403200,74,3264,renamed,3276
8268,6403200,63,3223,renamed,3233
8269,6403200,80,3129,renamed,3135
8270,6403200,68,3262,renamed,3240
8271,6403200,83,3281,renamed,3293
8272,6403200,69,3261,renamed,3272
8273,6403200,82,3218,renamed,3227
8274,6403200,81,3213,renamed,3221
8275,6412800,80,3124,renamed,3129
8276,6412800,65,3086,renamed,3090
8277,6412800,60,3192,renamed,3167
8278,6412800,44,3369,renamed,3384
8279,6412800,56,3327,renamed,3307
8280,6412800,61,3208,renamed,3184
8281,6412800,83,3269,renamed,3281
8282,6412800,82,3240,renamed,3218
8283,6412800,68,3251,renamed,3262
8284,6412800,42,3089,renamed,3062
8285,6412800,75,3144,renamed,3152
8286,6420000,80,3117,renamed,3124
8287,6420000,79,3184,renamed,3193
8288,6420000,56,3313,renamed,3327
8289,6420000,84,3375,stored,
8290,6422400,81,3235,renamed,3213
8291,6422400,64,3212,renamed,3190
8292,6422400,66,3190,renamed,3168
8293,6422400,83,3286,renamed,3269
8294,6422400,42,3082,renamed,3089
8295,6422400,82,3258,renamed,3240
8296,6422400,53,2980,renamed,2985
8297,6422400,74,3250,renamed,3264
8298,6422400,57,3134,renamed,3111
8299,6432000,81,3252,renamed,3235
8300,6432000,80,3138,renamed,3117
8301,6432000,84,3384,renamed,3375
8302,6432000,60,3178,renamed,3192
8303,6432000,83,3299,renamed,3286
8304,6432000,42,3073,renamed,3082
8305,6432000,82,3272,renamed,3258
8306,6432000,52,3000,renamed,3007
8307,6432000,81,3236,renamed,3252
8308,6432000,56,3325,renamed,3313
8309,6432000,78,3161,renamed,3174
8310,6440000,84,3394,renamed,3384
8311,6441600,57,3154,renamed,3134
8312,6441600,80,3157,renamed,3138
8313,6441600,83,3310,renamed,3299
8314,6441600,62,3148,renamed,3162
8315,6441600,69,3243,renamed,3261
8316,6441600,79,3170,renamed,3184
8317,6441600,81,3221,renamed,3236
8318,6441600,82,3286,renamed,3272
8319,6441600,84,3403,renamed,3394
8320,6441600,58,3017,renamed,3024
8321,6441600,80,3176,renamed,3157
8322,6451200,64,3197,renamed,3212
8323,6451200,83,3322,renamed,3310
8324,6451200,60,3164,renamed,3178
8325,6451200,54,3114,renamed,3093
8326,6451200,35,2428,renamed,2396
8327,6451200,84,3379,renamed,3403
8328,6451200,75,3162,renamed,3144
8329,6451200,58,3008,renamed,3017
8330,6451200,71,3221,renamed,3206
8331,6451200,68,3232,renamed,3251
8332,6451200,80,3162,renamed,3176
8333,6451200,53,2974,renamed,2980
8334,6460000,50,2814,renamed,2785
8335,6460800,83,3301,renamed,3322
8336,6460800,76,3227,renamed,3244
8337,6460800,81,3206,renamed,3221
8338,6460800,65,3108,renamed,3086
8339,6460800,80,3180,renamed,3162
8340,6460800,82,3267,renamed,3286
8341,6460800,84,3357,renamed,3379
8342,6460800,55,2824,renamed,2827
8343,6460800,77,3226,renamed,3241
8344,6470400,43,3179,renamed,3159
8345,6470400,78,3180,renamed,3161
8346,6470400,83,3313,renamed,3301
8347,6470400,65,3097,renamed,3108
8348,6470400,80,3167,renamed,3180
8349,6470400,57,3142,renamed,3154
8350,6470400,73,3312,renamed,3299
8351,6470400,84,3336,renamed,3357
8352,6470400,74,3266,renamed,3250
8353,6470400,82,3251,renamed,3267
8354,6470400,83,3326,renamed,3313
8355,6470400,61,3194,renamed,3208
8356,6480000,59,3103,renamed,3112
8357,6480000,71,3238,renamed,3221
8358,6480000,81,3223,renamed,3206
8359,6480000,69,3227,renamed,3243
8360,6480000,38,2628,renamed,2597
8361,6480000,83,3306,renamed,3326
8362,6480000,84,3316,renamed,3336
8363,6480000,44,3380,renamed,3369
8364,6480000,75,3181,renamed,3162
8365,6489600,80,3154,renamed,3167
8366,6489600,41,3141,renamed,3121
8367,6489600,63,3208,renamed,3223
8368,6489600,82,3235,renamed,3251
8369,6489600,73,3294,renamed,3312
8370,6489600,84,3299,renamed,3316
8371,6489600,83,3321,renamed,3306
8372,6489600,80,3144,renamed,3154
8373,6489600,75,3170,renamed,3181
8374,6489600,78,3170,renamed,3180
8375,6489600,81,3211,renamed,3223
8376,6489600,82,3254,renamed,3235
8377,6489600,79,3191,renamed,3170
8378,6500000,64,3185,renamed,3197
8379,6500000,49,2944,renamed,2948
8380,6500000,65,3089,renamed,3097
8381,6500000,83,3305,renamed,3321
8382,6500000,84,3285,renamed,3299
8383,6500000,69,3247,renamed,3227
8384,6500000,63,3197,renamed,3208
8385,6500000,71,3257,renamed,3238
8386,6500000,52,2995,renamed,3000
8387,6500000,81,3231,renamed,3211
8388,6508800,82,3271,renamed,3254
8389,6508800,84,3269,renamed,3285
8390,6508800,83,3319,renamed,3305
8391,6508800,54,3136,renamed,3114
8392,6508800,18,3044,renamed,3051
8393,6508800,85,3257,stored,
8394,6508800,80,3133,renamed,3144
8395,6508800,79,3210,renamed,3191
8396,6508800,41,3130,renamed,3141
8397,6508800,82,3286,renamed,3271
8398,6508800,66,3177,renamed,3190
8399,6508800,83,3301,renamed,3319
8400,6508800,84,3254,renamed,3269
8401,6508800,77,3244,renamed,3226
8402,6518400,72,3227,renamed,3241
8403,6520000,85,3243,renamed,3257
8404,6520000,45,3182,renamed,3193
8405,6520000,84,3272,renamed,3254
8406,6520000,63,3217,renamed,3197
8407,6520000,81,3218,renamed,3231
8408,6520000,79,3198,renamed,3210
8409,6520000,82,3271,renamed,3286
8410,6520000,83,3317,renamed,3301
8411,6520000,73,3310,renamed,3294
8412,6528000,67,3222,renamed,3203
8413,6528000,85,3259,renamed,3243
8414,6528000,63,3203,renamed,3217
8415,6528000,84,3287,renamed,3272
8416,6528000,81,3234,renamed,3218
8417,6528000,82,3254,renamed,3271
8418,6528000,83,3329,renamed,3317
8419,6528000,66,3195,renamed,3177
8420,6528000,70,3255,renamed,3241
8421,6537600,85,3241,renamed,3259
8422,6537600,42,3064,renamed,3073
8423,6537600,84,3300,renamed,3287
8424,6537600,73,3321,renamed,3310
8425,6540000,77,3258,renamed,3244
8426,6540000,83,3308,renamed,3329
8427,6540000,82,3237,renamed,3254
8428,6540000,43,3166,renamed,3179
8429,6540000,80,3122,renamed,3133
8430,6540000,83,3290,renamed,3308
8431,6540000,81,3220,renamed,3234
8432,6547200,82,3224,renamed,3237
8433,6547200,84,3315,renamed,3300
8434,6547200,85,3228,renamed,3241
8435,6547200,41,3152,renamed,3130
8436,6547200,83,3274,renamed,3290
8437,6547200,77,3244,renamed,3258
8438,6547200,79,3218,renamed,3198
8439,6547200,58,3003,renamed,3008
8440,6547200,82,3212,renamed,3224
8441,6547200,80,3114,renamed,3122
8442,6556800,52,3022,renamed,2995
8443,6556800,85,3215,renamed,3228
8444,6556800,83,3290,renamed,3274
8445,6556800,81,3207,renamed,3220
8446,6560000,84,3299,renamed,3315
8447,6560000,73,3305,renamed,3321
8448,6560000,72,3247,renamed,3227
8449,6560000,85,3204,renamed,3215
8450,6560000,68,3251,renamed,3232
8451,6560000,82,3200,renamed,3212
8452,6560000,59,3096,renamed,3103
8453,6560000,83,3307,renamed,3290
8454,6566400,80,3106,renamed,3114
8455,6566400,81,3196,renamed,3207
8456,6566400,84,3285,renamed,3299
8457,6566400,71,3245,renamed,3257
8458,6566400,85,3195,renamed,3204
8459,6566400,54,3129,renamed,3136
8460,6566400,72,3237,renamed,3247
8461,6566400,79,3209,renamed,3218
8462,6566400,83,3295,renamed,3307
8463,6576000,63,3195,renamed,3203
8464,6576000,84,3305,renamed,3285
8465,6576000,82,3223,renamed,3200
8466,6576000,85,3186,renamed,3195
8467,6576000,81,3218,renamed,3196
8468,6580000,83,3312,renamed,3295
8469,6580000,58,2999,renamed,3003
8470,6580000,79,3230,renamed,3209
8471,6580000,80,3130,renamed,3106
8472,6580000,52,3048,renamed,3022
8473,6580000,85,3174,renamed,3186
8474,6585600,82,3240,renamed,3223
8475,6585600,40,2820,renamed,2822
8476,6585600,84,3318,renamed,3305
8477,6585600,60,3183,renamed,3164
8478,6585600,81,3203,renamed,3218
8479,6585600,85,3162,renamed,3174
8480,6585600,83,3325,renamed,3312
8481,6585600,68,3266,renamed,3251
8482,6585600,74,3279,renamed,3266
8483,6585600,72,3251,renamed,3237
8484,6595200,84,3328,renamed,3318
8485,6595200,82,3222,renamed,3240
8486,6595200,81,3188,renamed,3203
8487,6595200,83,3336,renamed,3325
8488,6595200,45,3168,renamed,3182
8489,6595200,85,3149,renamed,3162
8490,6600000,42,3056,renamed,3064
8491,6600000,78,3188,renamed,3170
8492,6600000,80,3119,renamed,3130
8493,6600000,83,3316,renamed,3336
8494,6600000,86,3256,stored,
8495,6600000,79,3216,renamed,3230
8496,6604800,82,3239,renamed,3222
8497,6604800,85,3138,renamed,3149
8498,6604800,84,3310,renamed,3328
8499,6604800,63,3184,renamed,3195
8500,6604800,80,3142,renamed,3119
8501,6604800,81,3207,renamed,3188
8502,6604800,69,3262,renamed,3247
8503,6604800,75,3158,renamed,3170
8504,6604800,86,3240,renamed,3256
8505,6614400,45,3187,renamed,3168
8506,6614400,62,3137,renamed,3148
8507,6614400,85,3128,renamed,3138
8508,6614400,84,3323,renamed,3310
8509,6614400,67,3208,renamed,3222
8510,6614400,72,3267,renamed,3251
8511,6614400,68,3281,renamed,3266
8512,6620000,86,3225,renamed,3240
8513,6620000,82,3255,renamed,3239
8514,6620000,83,3328,renamed,3316
8515,6620000,85,3147,renamed,3128
8516,6624000,80,3129,renamed,3142
8517,6624000,50,2811,renamed,2814
8518,6624000,81,3192,renamed,3207
8519,6624000,84,3304,renamed,3323
8520,6624000,85,3136,renamed,3147
8521,6624000,86,3242,renamed,3225
8522,6624000,83,3340,renamed,3328
8523,6624000,62,3126,renamed,3137
8524,6624000,80,3149,renamed,3129
8525,6633600,81,3209,renamed,3192
8526,6633600,85,3154,renamed,3136
8527,6633600,82,3267,renamed,3255
8528,6633600,84,3283,renamed,3304
8529,6633600,86,3255,renamed,3242
8530,6633600,83,3349,renamed,3340
8531,6633600,57,3159,renamed,3142
8532,6633600,77,3225,renamed,3244
8533,6640000,61,3178,renamed,3194
8534,6640000,86,3268,renamed,3255
8535,6640000,80,3135,renamed,3149
8536,6643200,78,3204,renamed,3188
8537,6643200,85,3140,renamed,3154
8538,6643200,65,3078,renamed,3089
8539,6643200,68,3262,renamed,3281
8540,6643200,84,3265,renamed,3283
8541,6643200,86,3252,renamed,3268
8542,6643200,67,3195,renamed,3208
8543,6643200,57,3179,renamed,3159
8544,6643200,85,3160,renamed,3140
8545,6643200,82,3281,renamed,3267
8546,6643200,41,3140,renamed,3152
8547,6643200,58,2993,renamed,2999
8548,6643200,83,3360,renamed,3349
8549,6652800,43,3153,renamed,3166
8550,6652800,63,3171,renamed,3184
8551,6652800,86,3237,renamed,3252
8552,6652800,45,3206,renamed,3187
8553,6652800,85,3179,renamed,3160
8554,6652800,41,3159,renamed,3140
8555,6652800,84,3278,renamed,3265
8556,6660000,83,3369,renamed,3360
8557,6660000,73,3285,renamed,3305
8558,6662400,71,3259,renamed,3245
8559,6662400,42,3046,renamed,3056
8560,6662400,85,3165,renamed,3179
8561,6662400,86,3221,renamed,3237
8562,6662400,83,3379,renamed,3369
8563,6662400,82,3294,renamed,3281
8564,6662400,84,3260,renamed,3278
8565,6662400,61,3196,renamed,3178
8566,6662400,41,3146,renamed,3159
8567,6672000,75,3146,renamed,3158
8568,6672000,85,3183,renamed,3165
8569,6672000,48,2763,renamed,2765
8570,6672000,83,3388,renamed,3379
8571,6672000,84,3243,renamed,3260
8572,6672000,81,3195,renamed,3209
8573,6672000,86,3207,renamed,3221
8574,6672000,82,3277,renamed,3294
8575,6672000,80,3156,renamed,3135
8576,6680000,74,3293,renamed,3279
8577,6680000,85,3170,renamed,3183
8578,6681600,84,3228,renamed,3243
8579,6681600,59,3119,renamed,3096
8580,6681600,86,3224,renamed,3207
8581,6681600,83,3366,renamed,3388
8582,6681600,82,3261,renamed,3277
8583,6681600,64,3173,renamed,3185
8584,6681600,81,3183,renamed,3195
8585,6681600,80,3177,renamed,3156
8586,6681600,78,3192,renamed,3204
8587,6681600,84,3215,renamed,3228
8588,6681600,85,3160,renamed,3170
8589,6691200,70,3242,renamed,3255
8590,6691200,43,3145,renamed,3153
8591,6691200,62,3119,renamed,3126
8592,6691200,41,3169,renamed,3146
8593,6691200,69,3249,renamed,3262
8594,6691200,87,3327,stored,
8595,6691200,86,3244,renamed,3224
8596,6691200,83,3379,renamed,3366
8597,6691200,43,3167,renamed,3145
8598,6691200,41,3189,renamed,3169
8599,6691200,82,3276,renamed,3261
8600,6700000,85,3179,renamed,3160
8601,6700800,84,3230,renamed,3215
8602,6700800,81,3168,renamed,3183
8603,6700800,64,3160,renamed,3173
8604,6700800,87,3307,renamed,3327
8605,6700800,86,3229,renamed,3244
8606,6700800,77,3211,renamed,3225
8607,6700800,56,3338,renamed,3325
8608,6700800,70,3228,renamed,3242
8609,6700800,84,3217,renamed,3230
8610,6700800,85,3169,renamed,3179
8611,6710400,87,3292,renamed,3307
8612,6710400,68,3280,renamed,3262
8613,6710400,74,3309,renamed,3293
8614,6710400,83,3360,renamed,3379
8615,6710400,87,3277,renamed,3292
8616,6710400,77,3200,renamed,3211
8617,6710400,86,3249,renamed,3229
8618,6710400,41,3210,renamed,3189
8619,6710400,85,3159,renamed,3169
8620,6710400,63,3192,renamed,3171
8621,6710400,84,3204,renamed,3217
8622,6720000,84,3193,renamed,3204
8623,6720000,68,3296,renamed,3280
8624,6720000,77,3188,renamed,3200
8625,6720000,57,3169,renamed,3179
8626,6720000,87,3263,renamed,3277
8627,6720000,86,3268,renamed,3249
8628,6720000,85,3150,renamed,3159
8629,6720000,73,3302,renamed,3285
8630,6720000,83,3342,renamed,3360
8631,6720000,82,3293,renamed,3276
8632,6720000,84,3182,renamed,3193
8633,6720000,87,3250,renamed,3263
8634,6729600,86,3255,renamed,3268
8635,6729600,49,2941,renamed,2944
8636,6729600,74,3326,renamed,3309
8637,6729600,57,3191,renamed,3169
8638,6729600,70,3216,renamed,3228
8639,6729600,87,3237,renamed,3250
8640,6729600,85,3142,renamed,3150
8641,6729600,68,3313,renamed,3296
8642,6729600,62,3142,renamed,3119
8643,6740000,76,3245,renamed,3227
8644,6740000,83,3324,renamed,3342
8645,6740000,44,3361,renamed,3380
8646,6740000,67,3215,renamed,3195
8647,6740000,86,3241,renamed,3255
8648,6740000,87,3255,renamed,3237
8649,6740000,84,3202,renamed,3182
8650,6740000,85,3132,renamed,3142
8651,6740000,61,3184,renamed,3196
8652,6740000,76,3232,renamed,3245
8653,6748800,83,3338,renamed,3324
8654,6748800,82,3308,renamed,3293
8655,6748800,57,3210,renamed,3191
8656,6748800,86,3257,renamed,3241
8657,6748800,74,3337,renamed,3326
8658,6748800,52,3040,renamed,3048
8659,6748800,87,3239,renamed,3255
8660,6748800,85,3152,renamed,3132
8661,6748800,84,3188,renamed,3202
8662,6748800,86,3272,renamed,3257
8663,6748800,82,3320,renamed,3308
8664,6748800,45,3191,renamed,3206
8665,6748800,83,3349,renamed,3338
8666,6758400,18,3067,renamed,3044
8667,6758400,66,3210,renamed,3195
8668,6760000,41,3193,renamed,3210
8669,6760000,81,3154,renamed,3168
8670,6760000,43,3154,renamed,3167
8671,6760000,86,3255,renamed,3272
8672,6760000,85,3141,renamed,3152
8673,6760000,72,3251,renamed,3267
8674,6760000,87,3225,renamed,3239
8675,6760000,84,3208,renamed,3188
8676,6768000,82,3333,renamed,3320
8677,6768000,41,3180,renamed,3193
8678,6768000,83,3330,renamed,3349
8679,6768000,74,3350,renamed,3337
8680,6768000,87,3212,renamed,3225
8681,6768000,86,3241,renamed,3255
8682,6768000,62,3133,renamed,3142
8683,6768000,85,3163,renamed,3141
8684,6768000,84,3227,renamed,3208
8685,6768000,69,3235,renamed,3249
8686,6768000,77,3177,renamed,3188
8687,6768000,82,3316,renamed,3333
8688,6777600,87,3201,renamed,3212
8689,6780000,83,3345,renamed,3330
8690,6780000,61,3174,renamed,3184
8691,6780000,78,3213,renamed,3192
8692,6780000,86,3259,renamed,3241
8693,6780000,18,3091,renamed,3067
8694,6780000,88,3253,stored,
8695,6780000,43,3143,renamed,3154
8696,6780000,84,3244,renamed,3227
8697,6780000,83,3356,renamed,3345
8698,6780000,87,3218,renamed,3201
8699,6787200,86,3242,renamed,3259
8700,6787200,82,3297,renamed,3316
8701,6787200,85,3152,renamed,3163
8702,6787200,69,3221,renamed,3235
8703,6787200,71,3275,renamed,3259
8704,6787200,74,3362,renamed,3350
8705,6787200,88,3238,renamed,3253
8706,6787200,87,3205,renamed,3218
8707,6787200,86,3228,renamed,3242
8708,6787200,84,3262,renamed,3244
8709,6796800,85,3173,renamed,3152
8710,6796800,73,3315,renamed,3302
8711,6796800,65,3069,renamed,3078
8712,6796800,86,3244,renamed,3228
8713,6796800,88,3253,renamed,3238
8714,6800000,58,3017,renamed,2993
8715,6800000,83,3334,renamed,3356
8716,6800000,54,3117,renamed,3129
8717,6800000,87,3191,renamed,3205
8718,6800000,85,3161,renamed,3173
8719,6800000,61,3162,renamed,3174
8720,6800000,73,3298,renamed,3315
8721,6800000,67,3203,renamed,3215
8722,6806400,71,3261,renamed,3275
8723,6806400,69,3210,renamed,3221
8724,6806400,86,3232,renamed,3244
8725,6806400,87,3182,renamed,3191
8726,6806400,88,3242,renamed,3253
8727,6806400,85,3184,renamed,3161
8728,6806400,80,3168,renamed,3177
8729,6806400,84,3281,renamed,3262
8730,6806400,88,3230,renamed,3242
8731,6806400,83,3319,renamed,3334
8732,6806400,61,3185,renamed,3162
8733,6806400,66,3200,renamed,3210
8734,6816000,87,3173,renamed,3182
8735,6816000,78,3203,renamed,3213
8736,6816000,77,3200,renamed,3177
8737,6816000,86,3221,renamed,3232
8738,6820000,54,3141,renamed,3117
8739,6820000,88,3219,renamed,3230
8740,6820000,67,3193,renamed,3203
8741,6820000,85,3206,renamed,3184
8742,6820000,84,3267,renamed,3281
8743,6820000,87,3164,renamed,3173
8744,6820000,44,3345,renamed,3361
8745,6820000,80,3160,renamed,3168
8746,6825600,83,3306,renamed,3319
8747,6825600,68,3331,renamed,3313
8748,6825600,86,3242,renamed,3221
8749,6825600,41,3171,renamed,3180
8750,6825600,88,3209,renamed,3219
8751,6825600,87,3187,renamed,3164
8752,6825600,52,3035,renamed,3040
8753,6825600,64,3183,renamed,3160
8754,6825600,42,3041,renamed,3046
8755,6825600,85,3196,renamed,3206
8756,6825600,57,3200,renamed,3210
8757,6825600,86,3231,renamed,3242
8758,6835200,88,3200,renamed,3209
8759,6835200,84,3287,renamed,3267
8760,6835200,83,3323,renamed,3306
8761,6835200,85,3186,renamed,3196
8762,6835200,68,3347,renamed,3331
8763,6840000,52,3030,renamed,3035
8764,6840000,87,3177,renamed,3187
8765,6840000,84,3274,renamed,3287
8766,6840000,78,3194,renamed,3203
8767,6840000,86,3221,renamed,3231
8768,6840000,44,3361,renamed,3345
8769,6840000,88,3191,renamed,3200
8770,6840000,63,3184,renamed,3192
8771,6844800,45,3183,renamed,3191
8772,6844800,56,3355,renamed,3338
8773,6844800,67,3185,renamed,3193
8774,6844800,85,3178,renamed,3186
8775,6844800,82,3316,renamed,3297
8776,6844800,87,3169,renamed,3177
8777,6844800,86,3212,renamed,3221
8778,6844800,85,3171,renamed,3178
8779,6844800,88,3183,renamed,3191
8780,6844800,84,3264,renamed,3274
8781,6854400,83,3311,renamed,3323
8782,6854400,86,3205,renamed,3212
8783,6854400,87,3194,renamed,3169
8784,6854400,74,3348,renamed,3362
8785,6854400,65,3096,renamed,3069
8786,6854400,82,3334,renamed,3316
8787,6854400,44,3376,renamed,3361
8788,6860000,56,3370,renamed,3355
8789,6860000,55,2822,renamed,2824
8790,6864000,86,3195,renamed,3205
8791,6864000,84,3283,renamed,3264
8792,6864000,74,3362,renamed,3348
8793,6864000,88,3173,renamed,3183
8794,6864000,87,3184,renamed,3194
8795,6864000,89,3330,stored,
8796,6864000,85,3193,renamed,3171
8797,6864000,87,3174,renamed,3184
8798,6864000,69,3199,renamed,3210
8799,6864000,83,3297,renamed,3311
8800,6864000,52,3026,renamed,3030
8801,6864000,80,3183,renamed,3160
8802,6864000,88,3195,renamed,3173
8803,6864000,86,3215,renamed,3195
8804,6864000,51,2779,renamed,2781
8805,6873600,72,3268,renamed,3251
8806,6873600,89,3312,renamed,3330
8807,6873600,83,3312,renamed,3297
8808,6873600,87,3163,renamed,3174
8809,6873600,76,3219,renamed,3232
8810,6880000,56,3382,renamed,3370
8811,6880000,85,3182,renamed,3193
8812,6880000,69,3188,renamed,3199
8813,6883200,89,3296,renamed,3312
8814,6883200,88,3185,renamed,3195
8815,6883200,61,3207,renamed,3185
8816,6883200,86,3234,renamed,3215
8817,6883200,79,3204,renamed,3216
8818,6883200,87,3153,renamed,3163
8819,6883200,71,3248,renamed,3261
8820,6883200,69,3178,renamed,3188
8821,6883200,78,3185,renamed,3194
8822,6883200,89,3283,renamed,3296
8823,6883200,86,3224,renamed,3234
8824,6883200,58,3013,renamed,3017
8825,6883200,88,3177,renamed,3185
8826,6892800,85,3175,renamed,3182
8827,6892800,87,3147,renamed,3153
8828,6892800,44,3392,renamed,3376
8829,6892800,84,3272,renamed,3283
8830,6892800,89,3272,renamed,3283
8831,6892800,41,3165,renamed,3171
8832,6892800,64,3207,renamed,3183
8833,6892800,56,3397,renamed,3382
8834,6902400,87,3171,renamed,3147
8835,6902400,86,3244,renamed,3224
8836,6902400,66,3220,renamed,3200
8837,6902400,88,3167,renamed,3177
8838,6902400,67,3206,renamed,3185
8839,6902400,89,3257,renamed,3272
8840,6902400,74,3375,renamed,3362
8841,6902400,87,3161,renamed,3171
8842,6902400,68,3360,renamed,3347
8843,6902400,73,3282,renamed,3298
8844,6902400,78,3175,renamed,3185
8845,6902400,86,3232,renamed,3244
8846,6902400,88,3189,renamed,3167
8847,6912000,62,3125,renamed,3133
8848,6912000,85,3165,renamed,3175
8849,6912000,89,3275,renamed,3257
8850,6912000,83,3296,renamed,3312
8851,6912000,76,3208,renamed,3219
8852,6912000,72,3256,renamed,3268
8853,6912000,64,3228,renamed,3207
8854,6912000,51,2778,renamed,2779
8855,6920000,88,3179,renamed,3189
8856,6921600,71,3267,renamed,3248
8857,6921600,87,3183,renamed,3161
8858,6921600,89,3260,renamed,3275
8859,6921600,84,3258,renamed,3272
8860,6921600,86,3221,renamed,3232
8861,6921600,85,3157,renamed,3165
8862,6921600,88,3170,renamed,3179
8863,6921600,83,3283,renamed,3296
8864,6921600,82,3320,renamed,3334
8865,6921600,87,3175,renamed,3183
8866,6931200,68,3376,renamed,3360
8867,6931200,72,3276,renamed,3256
8868,6931200,56,3410,renamed,3397
8869,6931200,89,3248,renamed,3260
8870,6931200,86,3211,renamed,3221
8871,6931200,73,3270,renamed,3282
8872,6931200,88,3163,renamed,3170
8873,6931200,61,3199,renamed,3207
8874,6931200,87,3199,renamed,3175
8875,6931200,76,3199,renamed,3208
8876,6931200,85,3150,renamed,3157
8877,6931200,66,3242,renamed,3220
8878,6940800,54,3165,renamed,3141
8879,6940800,78,3197,renamed,3175
8880,6940800,86,3200,renamed,3211
8881,6940800,89,3236,renamed,3248
8882,6940800,87,3189,renamed,3199
8883,6940800,43,3136,renamed,3143
8884,6940800,69,3200,renamed,3178
8885,6940800,88,3154,renamed,3163
8886,6940800,85,3142,renamed,3150
8887,6940800,73,3258,renamed,3270
8888,6950400,67,3197,renamed,3206
8889,6950400,89,3226,renamed,3236
8890,6950400,62,3119,renamed,3125
8891,6950400,64,3219,renamed,3228
8892,6950400,86,3192,renamed,3200
8893,6950400,70,3239,renamed,3216
8894,6950400,83,3302,renamed,3283
8895,6950400,90,3356,stored,
8896,6950400,88,3178,renamed,3154
8897,6950400,89,3215,renamed,3226
8898,6950400,56,3422,renamed,3410
8899,6950400,79,3194,renamed,3204
8900,6950400,68,3359,renamed,3376
8901,6960000,45,3206,renamed,3183
8902,6960000,72,3263,renamed,3276
8903,6960000,89,3205,renamed,3215
8904,6960000,90,3341,renamed,3356
8905,6960000,87,3181,renamed,3189
8906,6960000,59,3113,renamed,3119
8907,6960000,85,3167,renamed,3142
8908,6960000,84,3247,renamed,3258
8909,6960000,88,3170,renamed,3178
8910,6960000,86,3184,renamed,3192
8911,6960000,65,3091,renamed,3096
8912,6969600,89,3197,renamed,3205
8913,6969600,87,3174,renamed,3181
8914,6969600,59,3108,renamed,3113
8915,6969600,90,3329,renamed,3341
8916,6969600,89,3190,renamed,3197
8917,6969600,86,3209,renamed,3184
8918,6969600,85,3161,renamed,3167
8919,6969600,88,3164,renamed,3170
8920,6969600,84,3239,renamed,3247
8921,6969600,66,3234,renamed,3242
8922,6979200,87,3168,renamed,3174
8923,6980000,90,3319,renamed,3329
8924,6980000,70,3263,renamed,3239
8925,6980000,44,3409,renamed,3392
8926,6980000,77,3193,renamed,3200
8927,6980000,57,3193,renamed,3200
8928,6980000,68,3347,renamed,3359
8929,6980000,90,3309,renamed,3319
8930,6980000,87,3194,renamed,3168
8931,6980000,88,3189,renamed,3164
8932,6980000,89,3214,renamed,3190
8933,6988800,82,3307,renamed,3320
8934,6988800,53,2971,renamed,2974
8935,6988800,86,3201,renamed,3209
8936,6988800,71,3288,renamed,3267
8937,6988800,90,3327,renamed,3309
8938,6988800,87,3185,renamed,3194
8939,6988800,44,3422,renamed,3409
8940,6988800,89,3235,renamed,3214
8941,6988800,88,3210,renamed,3189
8942,6988800,86,3190,renamed,3201
8943,6988800,85,3183,renamed,3161
8944,6998400,56,3432,renamed,3422
8945,6998400,90,3340,renamed,3327
8946,7000000,87,3173,renamed,3185
8947,7000000,52,3020,renamed,3026
8948,7000000,61,3188,renamed,3199
8949,7000000,89,3223,renamed,3235
8950,7000000,88,3199,renamed,3210
8951,7000000,85,3174,renamed,3183
8952,7000000,74,3358,renamed,3375
8953,7000000,86,3212,renamed,3190
8954,7000000,90,3324,renamed,3340
8955,7008000,77,3184,renamed,3193
8956,7008000,73,3278,renamed,3258
8957,7008000,41,3157,renamed,3165
8958,7008000,88,3190,renamed,3199
8959,7008000,89,3213,renamed,3223
8960,7008000,69,3191,renamed,3200
8961,7008000,87,3196,renamed,3173
8962,7008000,82,3294,renamed,3307
8963,7008000,86,3203,renamed,3212
8964,7008000,85,3167,renamed,3174
8965,7017600,46,2882,renamed,2884
8966,7017600,89,3205,renamed,3213
8967,7017600,90,3312,renamed,3324
8968,7017600,45,3229,renamed,3206
8969,7017600,83,3321,renamed,3302
8970,7017600,79,3185,renamed,3194
8971,7020000,63,3207,renamed,3184
8972,7020000,73,3296,renamed,3278
8973,7020000,90,3297,renamed,3312
8974,7020000,81,3146,renamed,3154
8975,7020000,88,3181,renamed,3190
8976,7020000,89,3196,renamed,3205
8977,7027200,84,3229,renamed,3239
8978,7027200,87,3188,renamed,3196
8979,7027200,86,3195,renamed,3203
8980,7027200,77,3208,renamed,3184
8981,7027200,44,3435,renamed,3422
8982,7027200,88,3204,renamed,3181
8983,7027200,89,3217,renamed,3196
8984,7027200,64,3208,renamed,3219
8985,7027200,63,3197,renamed,3207
8986,7027200,90,3283,renamed,3297
8987,7027200,87,3179,renamed,3188
8988,7027200,56,3444,renamed,3432
8989,7036800,85,3159,renamed,3167
8990,7036800,64,3199,renamed,3208
8991,7036800,86,3186,renamed,3195
8992,7036800,87,3171,renamed,3179
8993,7040000,84,3220,renamed,3229
8994,7040000,89,3209,renamed,3217
8995,7040000,88,3196,renamed,3204
8996,7040000,91,3405,stored,
8997,7040000,83,3340,renamed,3321
8998,7040000,76,3191,renamed,3199
8999,7040000,90,3303,renamed,3283
9000,7040000,85,3152,renamed,3159
9001,7040000,87,3164,renamed,3171
9002,7046400,86,3179,renamed,3186
9003,7046400,89,3232,renamed,3209
9004,7046400,66,3224,renamed,3234
9005,7046400,91,3389,renamed,3405
9006,7046400,43,3130,renamed,3136
9007,7046400,45,3252,renamed,3229
9008,7046400,88,3219,renamed,3196
9009,7046400,90,3290,renamed,3303
9010,7046400,86,3171,renamed,3179
9011,7046400,89,3223,renamed,3232
9012,7046400,91,3374,renamed,3389
9013,7046400,42,3038,renamed,3041
9014,7056000,90,3280,renamed,3290
9015,7056000,87,3158,renamed,3164
9016,7056000,89,3216,renamed,3223
9017,7056000,91,3361,renamed,3374
9018,7056000,85,3147,renamed,3152
9019,7056000,74,3347,renamed,3358
9020,7060000,44,3421,renamed,3435
9021,7060000,91,3351,renamed,3361
9022,7060000,90,3273,renamed,3280
9023,7060000,62,3147,renamed,3119
9024,7060000,88,3213,renamed,3219
9025,7060000,70,3287,renamed,3263
9026,7065600,84,3244,renamed,3220
9027,7065600,91,3339,renamed,3351
9028,7065600,89,3209,renamed,3216
9029,7065600,87,3184,renamed,3158
9030,7065600,88,3206,renamed,3213
9031,7065600,44,3436,renamed,3421
9032,7065600,89,3202,renamed,3209
9033,7065600,73,3316,renamed,3296
9034,7065600,90,3263,renamed,3273
9035,7065600,86,3165,renamed,3171
9036,7065600,91,3357,renamed,3339
9037,7065600,87,3208,renamed,3184
9038,7075200,89,3224,renamed,3202
9039,7075200,82,3281,renamed,3294
9040,7075200,62,3140,renamed,3147
9041,7075200,48,2762,renamed,2763
9042,7075200,91,3342,renamed,3357
9043,7075200,85,3141,renamed,3147
9044,7080000,88,3198,renamed,3206
9045,7080000,61,3181,renamed,3188
9046,7080000,83,3358,renamed,3340
9047,7080000,18,3117,renamed,3091
9048,7080000,56,3425,renamed,3444
9049,7084800,68,3364,renamed,3347
9050,7084800,44,3417,renamed,3436
9051,7084800,41,3150,renamed,3157
9052,7084800,88,3190,renamed,3198
9053,7084800,62,3134,renamed,3140
9054,7084800,72,3284,renamed,3263
9055,7084800,90,3253,renamed,3263
9056,7084800,91,3329,renamed,3342
9057,7084800,89,3216,renamed,3224
9058,7084800,86,3159,renamed,3165
9059,7084800,87,3201,renamed,3208
9060,7094400,88,3184,renamed,3190
9061,7094400,73,3306,renamed,3316
9062,7094400,91,3319,renamed,3329
9063,7094400,85,3137,renamed,3141
9064,7094400,90,3246,renamed,3253
9065,7094400,82,3304,renamed,3281
9066,7100000,46,2881,renamed,2882
9067,7100000,89,3209,renamed,3216
9068,7100000,72,3306,renamed,3284
9069,7100000,91,3308,renamed,3319
9070,7100000,52,3017,renamed,3020
9071,7100000,66,3217,renamed,3224
9072,7104000,89,3203,renamed,3209
9073,7104000,91,3299,renamed,3308
9074,7104000,70,3279,renamed,3287
9075,7104000,90,3270,renamed,3246
9076,7104000,55,2821,renamed,2822
9077,7104000,88,3178,renamed,3184
9078,7104000,74,3367,renamed,3347
9079,7104000,87,3226,renamed,3201
9080,7104000,82,3293,renamed,3304
9081,7113600,76,3184,renamed,3191
9082,7113600,75,3141,renamed,3146
9083,7113600,91,3289,renamed,3299
9084,7113600,90,3292,renamed,3270
9085,7113600,68,3382,renamed,3364
9086,7113600,62,3128,renamed,3134
9087,7113600,89,3196,renamed,3203
9088,7113600,88,3172,renamed,3178
9089,7113600,91,3279,renamed,3289
9090,7120000,87,3219,renamed,3226
9091,7120000,84,3236,renamed,3244
9092,7123200,40,2851,renamed,2820
9093,7123200,90,3282,renamed,3292
9094,7123200,77,3201,renamed,3208
9095,7123200,72,3296,renamed,3306
9096,7123200,89,3190,renamed,3196
9097,7123200,92,3448,stored,
9098,7123200,79,3179,renamed,3185
9099,7123200,88,3167,renamed,3172
9100,7123200,64,3224,renamed,3199
9101,7123200,91,3301,renamed,3279
9102,7123200,61,3174,renamed,3181
9103,7123200,77,3194,renamed,3201
9104,7123200,90,3273,renamed,3282
9105,7132800,86,3154,renamed,3159
9106,7132800,89,3184,renamed,3190
9107,7132800,56,3441,renamed,3425
9108,7132800,91,3322,renamed,3301
9109,7132800,89,3177,renamed,3184
9110,7132800,92,3462,renamed,3448
9111,7132800,87,3211,renamed,3219
9112,7132800,88,3161,renamed,3167
9113,7132800,90,3294,renamed,3273
9114,7132800,60,3176,renamed,3183
9115,7140000,71,3308,renamed,3288
9116,7140000,86,3178,renamed,3154
9117,7142400,61,3166,renamed,3174
9118,7142400,91,3308,renamed,3322
9119,7142400,92,3443,renamed,3462
9120,7142400,89,3201,renamed,3177
9121,7142400,73,3294,renamed,3306
9122,7142400,79,3172,renamed,3179
9123,7142400,72,3315,renamed,3296
9124,7142400,77,3217,renamed,3194
9125,7142400,90,3281,renamed,3294
9126,7142400,68,3396,renamed,3382
9127,7142400,92,3454,renamed,3443
9128,7142400,89,3191,renamed,3201
9129,7152000,44,3429,renamed,3417
9130,7152000,91,3294,renamed,3308
9131,7152000,55,2820,renamed,2821
9132,7152000,88,3153,renamed,3161
9133,7152000,61,3158,renamed,3166
9134,7152000,92,3435,renamed,3454
9135,7152000,89,3183,renamed,3191
9136,7152000,74,3353,renamed,3367
9137,7152000,90,3302,renamed,3281
9138,7160000,65,3086,renamed,3091
9139,7161600,88,3147,renamed,3153
9140,7161600,91,3283,renamed,3294
9141,7161600,73,3284,renamed,3294
9142,7161600,82,3314,renamed,3293
9143,7161600,81,3140,renamed,3146
9144,7161600,92,3418,renamed,3435
9145,7161600,64,3247,renamed,3224
9146,7161600,89,3176,renamed,3183
9147,7161600,86,3171,renamed,3178
9148,7161600,84,3259,renamed,3236
9149,7161600,45,3242,renamed,3252
9150,7161600,72,3303,renamed,3315
9151,7161600,83,3345,renamed,3358
9152,7161600,91,3274,renamed,3283
9153,7161600,92,3403,renamed,3418
9154,7171200,74,3342,renamed,3353
9155,7171200,90,3324,renamed,3302
9156,7171200,80,3177,renamed,3183
9157,7171200,72,3294,renamed,3303
9158,7171200,89,3171,renamed,3176
9159,7171200,91,3266,renamed,3274
9160,7171200,88,3143,renamed,3147
9161,7171200,68,3384,renamed,3396
9162,7180000,77,3211,renamed,3217
9163,7180800,90,3315,renamed,3324
9164,7180800,71,3331,renamed,3308
9165,7180800,88,3139,renamed,3143
9166,7180800,92,3422,renamed,3403
9167,7180800,64,3271,renamed,3247
9168,7180800,85,3163,renamed,3137
9169,7180800,89,3196,renamed,3171
9170,7180800,90,3303,renamed,3315
9171,7180800,91,3256,renamed,3266
9172,7190400,88,3133,renamed,3139
9173,7190400,80,3202,renamed,3177
9174,7190400,68,3399,renamed,3384
9175,7190400,83,3331,renamed,3345
9176,7190400,72,3313,renamed,3294
9177,7190400,71,3317,renamed,3331
9178,7190400,65,3081,renamed,3086
9179,7190400,91,3246,renamed,3256
9180,7190400,73,3273,renamed,3284
9181,7190400,89,3189,renamed,3196
9182,7190400,92,3406,renamed,3422
9183,7190400,45,3265,renamed,3242
9184,7190400,82,3303,renamed,3314
9185,7200000,56,3455,renamed,3441
9186,7200000,44,3443,renamed,3429
9187,7200000,69,3183,renamed,3191
9188,7200000,71,3305,renamed,3317
9189,7200000,91,3237,renamed,3246
9190,7200000,90,3323,renamed,3303
9191,7200000,64,3292,renamed,3271
9192,7200000,56,3436,renamed,3455
9193,7200000,70,3299,renamed,3279
9194,7200000,85,3156,renamed,3163
9195,7200000,92,3420,renamed,3406
9196,7209600,58,3009,renamed,3013
9197,7209600,90,3310,renamed,3323
9198,7209600,93,3382,stored,
9199,7209600,66,3239,renamed,3217
9200,7209600,91,3258,renamed,3237
9201,7209600,74,3357,renamed,3342
9202,7209600,89,3210,renamed,3189
9203,7209600,54,3155,renamed,3165
9204,7209600,92,3400,renamed,3420
9205,7209600,93,3365,renamed,3382
9206,7209600,69,3174,renamed,3183
9207,7209600,63,3188,renamed,3197
9208,7209600,90,3328,renamed,3310
9209,7209600,76,3175,renamed,3184
9210,7219200,65,3076,renamed,3081
9211,7220000,59,3133,renamed,3108
9212,7220000,56,3416,renamed,3436
9213,7220000,60,3168,renamed,3176
9214,7220000,93,3350,renamed,3365
9215,7220000,82,3291,renamed,3303
9216,7220000,86,3195,renamed,3171
9217,7220000,91,3247,renamed,3258
9218,7220000,92,3384,renamed,3400
9219,7220000,62,3123,renamed,3128
9220,7220000,63,3212,renamed,3188
9221,7228800,49,2970,renamed,2941
9222,7228800,93,3335,renamed,3350
9223,7228800,92,3368,renamed,3384
9224,7228800,93,3322,renamed,3335
9225,7228800,50,2810,renamed,2811
9226,7228800,88,3127,renamed,3133
9227,7228800,84,3250,renamed,3259
9228,7228800,89,3234,renamed,3210
9229,7228800,90,3315,renamed,3328
9230,7228800,91,3238,renamed,3247
9231,7238400,70,3288,renamed,3299
9232,7238400,93,3311,renamed,3322
9233,7238400,92,3356,renamed,3368
9234,7238400,88,3123,renamed,3127
9235,7238400,91,3231,renamed,3238
9236,7240000,83,3352,renamed,3331
9237,7240000,90,3335,renamed,3315
9238,7240000,93,3300,renamed,3311
9239,7240000,61,3153,renamed,3158
9240,7240000,88,3118,renamed,3123
9241,7240000,91,3224,renamed,3231
9242,7240000,92,3344,renamed,3356
9243,7240000,93,3322,renamed,3300
9244,7240000,76,3200,renamed,3175
9245,7248000,89,3226,renamed,3234
9246,7248000,60,3162,renamed,3168
9247,7248000,88,3113,renamed,3118
9248,7248000,65,3072,renamed,3076
9249,7248000,90,3354,renamed,3335
9250,7248000,74,3344,renamed,3357
9251,7248000,59,3128,renamed,3133
9252,7248000,83,3340,renamed,3352
9253,7248000,92,3363,renamed,3344
9254,7248000,93,3311,renamed,3322
9255,7257600,91,3217,renamed,3224
9256,7257600,90,3342,renamed,3354
9257,7260000,70,3310,renamed,3288
9258,7260000,84,3242,renamed,3250
9259,7260000,89,3219,renamed,3226
9260,7260000,80,3196,renamed,3202
9261,7260000,52,3015,renamed,3017
9262,7260000,57,3218,renamed,3193
9263,7260000,58,3006,renamed,3009
9264,7260000,71,3326,renamed,3305
9265,7260000,54,3149,renamed,3155
9266,7267200,43,3156,renamed,3130
9267,7267200,56,3430,renamed,3416
9268,7267200,69,3167,renamed,3174
9269,7267200,93,3299,renamed,3311
9270,7267200,61,3178,renamed,3153
9271,7267200,92,3348,renamed,3363
9272,7267200,74,3361,renamed,3344
9273,7267200,44,3455,renamed,3443
9274,7267200,92,3363,renamed,3348
9275,7276800,91,3207,renamed,3217
9276,7276800,93,3286,renamed,3299
9277,7276800,79,3195,renamed,3172
9278,7276800,90,3327,renamed,3342
9279,7276800,89,3209,renamed,3219
9280,7280000,83,3326,renamed,3340
9281,7280000,54,3142,renamed,3149
9282,7280000,84,3233,renamed,3242
9283,7280000,86,3188,renamed,3195
9284,7280000,92,3349,renamed,3363
9285,7280000,93,3276,renamed,3286
9286,7280000,87,3204,renamed,3211
9287,7280000,52,3012,renamed,3015
9288,7286400,18,3144,renamed,3117
9289,7286400,41,3144,renamed,3150
9290,7286400,44,3469,renamed,3455
9291,7286400,90,3315,renamed,3327
9292,7286400,93,3266,renamed,3276
9293,7286400,56,3414,renamed,3430
9294,7286400,92,3338,renamed,3349
9295,7286400,80,3190,renamed,3196
9296,7286400,78,3191,renamed,3197
9297,7286400,88,3109,renamed,3113
9298,7286400,89,3234,renamed,3209
9299,7286400,94,3441,stored,
9300,7286400,90,3305,renamed,3315
9301,7286400,91,3201,renamed,3207
9302,7286400,93,3258,renamed,3266
9303,7296000,61,3173,renamed,3178
9304,7296000,62,3119,renamed,3123
9305,7300000,94,3427,renamed,3441
9306,7300000,89,3259,renamed,3234
9307,7300000,92,3359,renamed,3338
9308,7300000,74,3349,renamed,3361
9309,7300000,91,3195,renamed,3201
9310,7300000,88,3105,renamed,3109
9311,7300000,87,3198,renamed,3204
9312,7300000,78,3186,renamed,3191
9313,7305600,93,3251,renamed,3258
9314,7305600,50,2809,renamed,2810
9315,7305600,73,3266,renamed,3273
9316,7305600,54,3138,renamed,3142
9317,7305600,43,3152,renamed,3156
9318,7305600,74,3371,renamed,3349
9319,7305600,89,3252,renamed,3259
9320,7305600,51,2809,renamed,2778
9321,7305600,91,3189,renamed,3195
9322,7305600,54,3134,renamed,3138
9323,7305600,68,3386,renamed,3399
9324,7305600,92,3349,renamed,3359
9325,7305600,94,3414,renamed,3427
9326,7315200,72,3336,renamed,3313
9327,7315200,93,3244,renamed,3251
9328,7315200,91,3184,renamed,3189
9329,7315200,90,3297,renamed,3305
9330,7320000,82,3284,renamed,3291
9331,7320000,68,3376,renamed,3386
9332,7320000,44,3456,renamed,3469
9333,7320000,94,3404,renamed,3414
9334,7320000,57,3245,renamed,3218
9335,7320000,91,3180,renamed,3184
9336,7320000,78,3213,renamed,3186
9337,7324800,92,3339,renamed,3349
9338,7324800,90,3290,renamed,3297
9339,7324800,93,3269,renamed,3244
9340,7324800,89,3245,renamed,3252
9341,7324800,91,3175,renamed,3180
9342,7324800,44,3473,renamed,3456
9343,7324800,66,3233,renamed,3239
9344,7324800,72,3327,renamed,3336
9345,7324800,67,3192,renamed,3197
9346,7324800,94,3423,renamed,3404
9347,7334400,77,3205,renamed,3211
9348,7334400,92,3330,renamed,3339
9349,7334400,93,3262,renamed,3269
9350,7334400,68,3396,renamed,3376
9351,7334400,91,3202,renamed,3175
9352,7340000,72,3347,renamed,3327
9353,7340000,88,3132,renamed,3105
9354,7340000,82,3274,renamed,3284
9355,7340000,90,3310,renamed,3290
9356,7340000,78,3236,renamed,3213
9357,7340000,94,3405,renamed,3423
9358,7340000,87,3190,renamed,3198
9359,7344000,81,3165,renamed,3140
9360,7344000,63,3203,renamed,3212
9361,7344000,92,3317,renamed,3330
9362,7344000,93,3283,renamed,3262
9363,7344000,94,3419,renamed,3405
9364,7344000,61,3165,renamed,3173
9365,7344000,43,3176,renamed,3152
9366,7344000,67,3183,renamed,3192
9367,7344000,79,3186,renamed,3195
9368,7344000,44,3483,renamed,3473
9369,7344000,56,3426,renamed,3414
9370,7353600,54,3127,renamed,3134
9371,7353600,74,3385,renamed,3371
9372,7353600,93,3300,renamed,3283
9373,7353600,92,3332,renamed,3317
9374,7353600,91,3191,renamed,3202
9375,7353600,94,3429,renamed,3419
9376,7353600,86,3208,renamed,3188
9377,7360000,90,3324,renamed,3310
9378,7360000,59,3118,renamed,3128
9379,7360000,94,3407,renamed,3429
9380,7360000,82,3259,renamed,3274
9381,7360000,41,3166,renamed,3144
9382,7363200,69,3187,renamed,3167
9383,7363200,70,3293,renamed,3310
9384,7363200,94,3386,renamed,3407
9385,7363200,90,3308,renamed,3324
9386,7363200,93,3286,renamed,3300
9387,7363200,63,3193,renamed,3203
9388,7363200,92,3348,renamed,3332
9389,7363200,91,3212,renamed,3191
9390,7363200,18,3166,renamed,3144
9391,7363200,84,3220,renamed,3233
9392,7363200,94,3367,renamed,3386
9393,7363200,93,3272,renamed,3286
9394,7372800,89,3233,renamed,3245
9395,7372800,49,2967,renamed,2970
9396,7372800,80,3181,renamed,3190
9397,7372800,79,3208,renamed,3186
9398,7372800,92,3363,renamed,3348
9399,7372800,94,3350,renamed,3367
9400,7372800,95,3335,stored,
9401,7380000,66,3253,renamed,3233
9402,7380000,70,3309,renamed,3293
9403,7380000,83,3310,renamed,3326
9404,7382400,84,3209,renamed,3220
9405,7382400,93,3290,renamed,3272
9406,7382400,90,3323,renamed,3308
9407,7382400,91,3200,renamed,3212
9408,7382400,94,3333,renamed,3350
9409,7382400,82,3277,renamed,3259
9410,7382400,64,3308,renamed,3292
9411,7382400,45,3251,renamed,3265
9412,7382400,58,3001,renamed,3006
9413,7382400,95,3319,renamed,3335
9414,7382400,60,3153,renamed,3162
9415,7382400,88,3125,renamed,3132
9416,7392000,52,3008,renamed,3012
9417,7392000,67,3174,renamed,3183
9418,7392000,92,3347,renamed,3363
9419,7392000,90,3310,renamed,3323
9420,7392000,93,3279,renamed,3290
9421,7392000,95,3307,renamed,3319
9422,7392000,94,3321,renamed,3333
9423,7392000,93,3270,renamed,3279
9424,7392000,91,3225,renamed,3200
9425,7392000,89,3225,renamed,3233
9426,7392000,70,3298,renamed,3309
9427,7400000,92,3366,renamed,3347
9428,7400000,57,3236,renamed,3245
9429,7400000,67,3199,renamed,3174
9430,7401600,94,3309,renamed,3321
9431,7401600,72,3334,renamed,3347
9432,7401600,57,3228,renamed,3236
9433,7401600,93,3261,renamed,3270
9434,7401600,95,3297,renamed,3307
9435,7401600,92,3354,renamed,3366
9436,7401600,91,3219,renamed,3225
9437,7401600,94,3300,renamed,3309
9438,7401600,66,3246,renamed,3253
9439,7401600,56,3413,renamed,3426
9440,7401600,88,3122,renamed,3125
9441,7401600,95,3290,renamed,3297
9442,7401600,80,3208,renamed,3181
9443,7411200,61,3192,renamed,3165
9444,7411200,94,3291,renamed,3300
9445,7411200,40,2850,renamed,2851
9446,7411200,93,3254,renamed,3261
9447,7411200,92,3343,renamed,3354
9448,7411200,95,3313,renamed,3290
9449,7411200,63,3187,renamed,3193
9450,7411200,44,3467,renamed,3483
9451,7411200,93,3247,renamed,3254
9452,7411200,91,3245,renamed,3219
9453,7411200,52,3006,renamed,3008
9454,7411200,82,3269,renamed,3277
9455,7420800,91,3238,renamed,3245
9456,7420800,94,3283,renamed,3291
9457,7420800,92,3334,renamed,3343
9458,7420800,90,3333,renamed,3310
9459,7420800,95,3304,renamed,3313
9460,7420800,49,2965,renamed,2967
9461,7420800,93,3241,renamed,3247
9462,7420800,75,3137,renamed,3141
9463,7420800,59,3115,renamed,3118
9464,7420800,89,3220,renamed,3225
9465,7430400,91,3232,renamed,3238
9466,7430400,63,3183,renamed,3187
9467,7430400,44,3454,renamed,3467
9468,7430400,81,3161,renamed,3165
9469,7430400,94,3277,renamed,3283
9470,7430400,72,3357,renamed,3334
9471,7430400,74,3375,renamed,3385
9472,7430400,73,3260,renamed,3266
9473,7430400,75,3134,renamed,3137
9474,7430400,95,3328,renamed,3304
9475,7430400,93,3235,renamed,3241
9476,7430400,81,3189,renamed,3161
9477,7440000,72,3347,renamed,3357
9478,7440000,70,3321,renamed,3298
9479,7440000,62,3115,renamed,3119
9480,7440000,94,3269,renamed,3277
9481,7440000,95,3319,renamed,3328
9482,7440000,92,3325,renamed,3334
9483,7440000,44,3471,renamed,3454
9484,7440000,91,3226,renamed,3232
9485,7440000,77,3200,renamed,3205
9486,7440000,84,3204,renamed,3209
9487,7440000,93,3229,renamed,3235
9488,7449600,92,3317,renamed,3325
9489,7449600,95,3311,renamed,3319
9490,7449600,94,3294,renamed,3269
9491,7449600,69,3182,renamed,3187
9492,7449600,52,3004,renamed,3006
9493,7449600,91,3221,renamed,3226
9494,7449600,90,3325,renamed,3333
9495,7449600,68,3416,renamed,3396
9496,7449600,44,3457,renamed,3471
9497,7449600,95,3303,renamed,3311
9498,7459200,18,3162,renamed,3166
9499,7460000,94,3287,renamed,3294
9500,7460000,45,3277,renamed,3251
9501,7460000,96,3499,stored,
9502,7460000,61,3187,renamed,3192
9503,7460000,93,3224,renamed,3229
9504,7460000,92,3309,renamed,3317
9505,7460000,56,3402,renamed,3413
9506,7460000,74,3397,renamed,3375
9507,7460000,71,3318,renamed,3326
9508,7468800,68,3436,renamed,3416
9509,7468800,82,3262,renamed,3269
9510,7468800,49,2995,renamed,2965
9511,7468800,78,3230,renamed,3236
9512,7468800,95,3295,renamed,3303
9513,7468800,96,3483,renamed,3499
9514,7468800,94,3280,renamed,3287
9515,7468800,92,3302,renamed,3309
9516,7468800,90,3317,renamed,3325
9517,7468800,68,3455,renamed,3436
9518,7468800,93,3219,renamed,3224
9519,7478400,91,3247,renamed,3221
9520,7478400,56,3390,renamed,3402
9521,7480000,95,3288,renamed,3295
9522,7480000,92,3295,renamed,3302
9523,7480000,94,3274,renamed,3280
9524,7480000,93,3214,renamed,3219
9525,7480000,90,3310,renamed,3317
9526,7480000,96,3470,renamed,3483
9527,7480000,81,3185,renamed,3189
9528,7480000,61,3183,renamed,3187
9529,7480000,91,3274,renamed,3247
9530,7488000,66,3272,renamed,3246
9531,7488000,96,3456,renamed,3470
9532,7488000,89,3215,renamed,3220
9533,7488000,94,3268,renamed,3274
9534,7488000,74,3418,renamed,3397
9535,7488000,18,3158,renamed,3162
9536,7488000,95,3312,renamed,3288
9537,7488000,93,3208,renamed,3214
9538,7488000,92,3287,renamed,3295
9539,7488000,94,3292,renamed,3268
9540,7488000,44,3473,renamed,3457
9541,7488000,88,3118,renamed,3122
9542,7497600,95,3333,renamed,3312
9543,7497600,93,3201,renamed,3208
9544,7497600,96,3440,renamed,3456
9545,7497600,74,3404,renamed,3418
9546,7500000,92,3279,renamed,3287
9547,7500000,91,3267,renamed,3274
9548,7500000,69,3177,renamed,3182
9549,7500000,89,3210,renamed,3215
9550,7500000,96,3458,renamed,3440
9551,7500000,62,3112,renamed,3115
9552,7500000,94,3284,renamed,3292
9553,7507200,95,3324,renamed,3333
9554,7507200,79,3234,renamed,3208
9555,7507200,93,3196,renamed,3201
9556,7507200,92,3272,renamed,3279
9557,7507200,95,3315,renamed,3324
9558,7507200,81,3181,renamed,3185
9559,7507200,44,3489,renamed,3473
9560,7507200,94,3277,renamed,3284
9561,7507200,45,3301,renamed,3277
9562,7507200,91,3260,renamed,3267
9563,7507200,96,3443,renamed,3458
9564,7516800,68,3441,renamed,3455
9565,7516800,59,3112,renamed,3115
9566,7520000,95,3307,renamed,3315
9567,7520000,57,3254,renamed,3228
9568,7520000,93,3191,renamed,3196
9569,7520000,44,3504,renamed,3489
9570,7520000,89,3236,renamed,3210
9571,7520000,41,3161,renamed,3166
9572,7520000,94,3269,renamed,3277
9573,7520000,87,3216,renamed,3190
9574,7520000,96,3427,renamed,3443
9575,7520000,63,3178,renamed,3183
9576,7526400,95,3298,renamed,3307
9577,7526400,75,3130,renamed,3134
9578,7526400,45,3323,renamed,3301
9579,7526400,93,3185,renamed,3191
9580,7526400,89,3260,renamed,3236
9581,7526400,92,3263,renamed,3272
9582,7526400,77,3194,renamed,3200
9583,7526400,94,3261,renamed,3269
9584,7526400,96,3413,renamed,3427
9585,7536000,91,3253,renamed,3260
9586,7536000,95,3290,renamed,3298
9587,7536000,96,3401,renamed,3413
9588,7536000,44,3488,renamed,3504
9589,7536000,40,2881,renamed,2850
9590,7540000,65,3069,renamed,3072
9591,7540000,93,3180,renamed,3185
9592,7540000,43,3172,renamed,3176
9593,7540000,94,3255,renamed,3261
9594,7540000,95,3283,renamed,3290
9595,7540000,68,3429,renamed,3441
9596,7540000,57,3248,renamed,3254
9597,7545600,96,3422,renamed,3401
9598,7545600,92,3288,renamed,3263
9599,7545600,95,3275,renamed,3283
9600,7545600,93,3175,renamed,3180
9601,7545600,74,3423,renamed,3404
9602,7545600,97,3472,stored,
9603,7545600,49,3025,renamed,2995
9604,7545600,76,3194,renamed,3200
9605,7545600,94,3278,renamed,3255
9606,7545600,96,3407,renamed,3422
9607,7545600,55,2819,renamed,2820
9608,7555200,93,3169,renamed,3175
9609,7555200,70,3311,renamed,3321
9610,7555200,97,3456,renamed,3472
9611,7555200,95,3298,renamed,3275
9612,7555200,96,3394,renamed,3407
9613,7555200,79,3227,renamed,3234
9614,7560000,42,3067,renamed,3038
9615,7560000,43,3198,renamed,3172
9616,7560000,94,3299,renamed,3278
9617,7560000,62,3107,renamed,3112
9618,7560000,91,3244,renamed,3253
9619,7560000,70,3330,renamed,3311
9620,7564800,55,2818,renamed,2819
9621,7564800,96,3378,renamed,3394
9622,7564800,97,3438,renamed,3456
9623,7564800,41,3186,renamed,3161
9624,7564800,94,3288,renamed,3299
9625,7564800,95,3287,renamed,3298
9626,7564800,46,2880,renamed,2881
9627,7564800,49,3022,renamed,3025
9628,7564800,92,3278,renamed,3288
9629,7564800,54,3122,renamed,3127
9630,7564800,93,3164,renamed,3169
9631,7574400,60,3179,renamed,3153
9632,7574400,96,3364,renamed,3378
9633,7574400,78,3223,renamed,3230
9634,7574400,95,3278,renamed,3287
9635,7574400,88,3114,renamed,3118
9636,7574400,67,3193,renamed,3199
9637,7574400,97,3454,renamed,3438
9638,7580000,96,3352,renamed,3364
9639,7580000,82,3285,renamed,3262
9640,7580000,81,3175,renamed,3181
9641,7584000,64,3298,renamed,3308
9642,7584000,79,3251,renamed,3227
9643,7584000,90,3330,renamed,3310
9644,7584000,97,3436,renamed,3454
9645,7584000,74,3408,renamed,3423
9646,7584000,89,3283,renamed,3260
9647,7584000,63,3172,renamed,3178
9648,7584000,77,3187,renamed,3194
9649,7584000,95,3300,renamed,3278
9650,7584000,57,3239,renamed,3248
9651,7584000,79,3242,renamed,3251
9652,7584000,96,3340,renamed,3352
9653,7593600,88,3141,renamed,3114
9654,7593600,94,3278,renamed,3288
9655,7593600,97,3420,renamed,3436
9656,7593600,66,3294,renamed,3272
9657,7593600,57,3231,renamed,3239
9658,7600000,74,3393,renamed,3408
9659,7600000,56,3407,renamed,3390
9660,7600000,96,3359,renamed,3340
9661,7600000,97,3404,renamed,3420
9662,7600000,94,3268,renamed,3278
9663,7603200,95,3321,renamed,3300
9664,7603200,71,3306,renamed,3318
9665,7603200,64,3288,renamed,3298
9666,7603200,93,3189,renamed,3164
9667,7603200,96,3346,renamed,3359
9668,7603200,63,3197,renamed,3172
9669,7603200,91,3265,renamed,3244
9670,7603200,59,3106,renamed,3112
9671,7603200,97,3387,renamed,3404
9672,7612800,94,3258,renamed,3268
9673,7612800,95,3309,renamed,3321
9674,7612800,96,3364,renamed,3346
9675,7612800,45,3341,renamed,3323
9676,7612800,74,3377,renamed,3393
9677,7612800,92,3267,renamed,3278
9678,7612800,89,3273,renamed,3283
9679,7612800,97,3373,renamed,3387
9680,7612800,81,3200,renamed,3175
9681,7612800,59,3101,renamed,3106
9682,7620000,97,3390,renamed,3373
9683,7620000,95,3297,renamed,3309
9684,7620000,93,3182,renamed,3189
9685,7622400,64,3278,renamed,3288
9686,7622400,96,3382,renamed,3364
9687,7622400,94,3279,renamed,3258
9688,7622400,89,3262,renamed,3273
9689,7622400,92,3257,renamed,3267
9690,7622400,97,3375,renamed,3390
9691,7622400,90,3349,renamed,3330
9692,7622400,88,3135,renamed,3141
9693,7622400,95,3286,renamed,3297
9694,7622400,69,3171,renamed,3177
9695,7632000,97,3362,renamed,3375
9696,7632000,93,3176,renamed,3182
9697,7632000,96,3369,renamed,3382
9698,7632000,64,3301,renamed,3278
9699,7632000,43,3192,renamed,3198
9700,7632000,74,3364,renamed,3377
9701,7632000,95,3277,renamed,3286
9702,7632000,94,3271,renamed,3279
9703,7632000,98,3467,stored,
9704,7632000,90,3339,renamed,3349
9705,7632000,96,3389,renamed,3369
9706,7640000,68,3445,renamed,3429
9707,7641600,52,3033,renamed,3004
9708,7641600,70,3318,renamed,3330
9709,7641600,83,3299,renamed,3310
9710,7641600,97,3350,renamed,3362
9711,7641600,98,3481,renamed,3467
9712,7641600,96,3406,renamed,3389
9713,7641600,89,3253,renamed,3262
9714,7641600,45,3329,renamed,3341
9715,7641600,95,3268,renamed,3277
9716,7641600,93,3202,renamed,3176
9717,7641600,97,3338,renamed,3350
9718,7641600,94,3262,renamed,3271
9719,7651200,98,3464,renamed,3481
9720,7651200,96,3393,renamed,3406
9721,7651200,59,3098,renamed,3101
9722,7651200,18,3154,renamed,3158
9723,7651200,81,3195,renamed,3200
9724,7651200,44,3473,renamed,3488
9725,7651200,97,3329,renamed,3338
9726,7651200,43,3188,renamed,3192
9727,7651200,98,3451,renamed,3464
9728,7651200,95,3262,renamed,3268
9729,7660000,96,3384,renamed,3393
9730,7660800,94,3257,renamed,3262
9731,7660800,92,3252,renamed,3257
9732,7660800,41,3183,renamed,3186
9733,7660800,74,3387,renamed,3364
9734,7660800,90,3331,renamed,3339
9735,7660800,93,3229,renamed,3202
9736,7660800,97,3352,renamed,3329
9737,7660800,98,3437,renamed,3451
9738,7660800,94,3251,renamed,3257
9739,7660800,96,3374,renamed,3384
9740,7660800,95,3256,renamed,3262
9741,7660800,97,3344,renamed,3352
9742,7670400,92,3247,renamed,3252
9743,7670400,80,3204,renamed,3208
9744,7670400,98,3426,renamed,3437
9745,7670400,88,3164,renamed,3135
9746,7670400,54,3151,renamed,3122
9747,7670400,57,3257,renamed,3231
9748,7670400,97,3334,renamed,3344
9749,7670400,96,3363,renamed,3374
9750,7670400,87,3242,renamed,3216
9751,7670400,83,3290,renamed,3299
9752,7670400,86,3202,renamed,3208
9753,7680000,95,3249,renamed,3256
9754,7680000,98,3444,renamed,3426
9755,7680000,96,3383,renamed,3363
9756,7680000,88,3159,renamed,3164
9757,7680000,97,3354,renamed,3334
9758,7680000,71,3327,renamed,3306
9759,7680000,67,3217,renamed,3193
9760,7680000,94,3272,renamed,3251
9761,7680000,69,3163,renamed,3171
9762,7680000,98,3426,renamed,3444
9763,7680000,95,3240,renamed,3249
9764,7689600,96,3368,renamed,3383
9765,7689600,55,2817,renamed,2818
9766,7689600,74,3373,renamed,3387
9767,7689600,98,3411,renamed,3426
9768,7689600,97,3343,renamed,3354
9769,7689600,83,3282,renamed,3290
9770,7689600,94,3295,renamed,3272
9771,7689600,73,3283,renamed,3260
9772,7689600,44,3486,renamed,3473
9773,7689600,96,3354,renamed,3368
9774,7699200,95,3232,renamed,3240
9775,7700000,71,3347,renamed,3327
9776,7700000,82,3306,renamed,3285
9777,7700000,70,3306,renamed,3318
9778,7700000,96,3341,renamed,3354
9779,7700000,98,3426,renamed,3411
9780,7700000,97,3361,renamed,3343
9781,7700000,94,3283,renamed,3295
9782,7700000,58,2998,renamed,3001
9783,7700000,63,3189,renamed,3197
9784,7700000,95,3224,renamed,3232
9785,7708800,87,3264,renamed,3242
9786,7708800,80,3196,renamed,3204
9787,7708800,90,3319,renamed,3331
9788,7708800,98,3441,renamed,3426
9789,7708800,68,3458,renamed,3445
9790,7708800,41,3206,renamed,3183
9791,7708800,92,3236,renamed,3247
9792,7708800,97,3346,renamed,3361
9793,7708800,63,3212,renamed,3189
9794,7708800,98,3453,renamed,3441
9795,7708800,94,3270,renamed,3283
9796,7708800,45,3346,renamed,3329
9797,7708800,60,3201,renamed,3179
9798,7708800,95,3243,renamed,3224
9799,7718400,98,3431,renamed,3453
9800,7718400,96,3325,renamed,3341
9801,7720000,44,3464,renamed,3486
9802,7720000,95,3233,renamed,3243
9803,7720000,81,3218,renamed,3195
9804,7720000,99,3347,stored,
9805,7720000,64,3288,renamed,3301
9806,7720000,61,3175,renamed,3183
9807,7720000,95,3223,renamed,3233
9808,7720000,60,3193,renamed,3201
9809,7720000,97,3363,renamed,3346
9810,7720000,99,3333,renamed,3347
9811,7728000,98,3414,renamed,3431
9812,7728000,94,3260,renamed,3270
9813,7728000,96,3344,renamed,3325
9814,7728000,67,3209,renamed,3217
9815,7728000,70,3325,renamed,3306
9816,7728000,95,3214,renamed,3223
9817,7728000,92,3258,renamed,3236
9818,7728000,84,3226,renamed,3204
9819,7728000,99,3349,renamed,3333
9820,7728000,98,3395,renamed,3414
9821,7728000,97,3347,renamed,3363
9822,7737600,59,3092,renamed,3098
9823,7737600,96,3330,renamed,3344
9824,7740000,77,3180,renamed,3187
9825,7740000,44,3476,renamed,3464
9826,7740000,46,2910,renamed,2880
9827,7740000,98,3378,renamed,3395
9828,7740000,56,3390,renamed,3407
9829,7740000,99,3335,renamed,3349
9830,7740000,45,3333,renamed,3346
9831,7740000,96,3318,renamed,3330
9832,7740000,42,3063,renamed,3067
9833,7740000,97,3335,renamed,3347
9834,7747200,73,3274,renamed,3283
9835,7747200,98,3366,renamed,3378
9836,7747200,99,3325,renamed,3335
9837,7747200,95,3208,renamed,3214
9838,7747200,56,3379,renamed,3390
9839,7747200,89,3247,renamed,3253
9840,7747200,97,3326,renamed,3335
9841,7747200,68,3475,renamed,3458
9842,7747200,44,3492,renamed,3476
9843,7756800,96,3309,renamed,3318
9844,7756800,85,3152,renamed,3156
9845,7756800,77,3175,renamed,3180
9846,7756800,57,3251,renamed,3257
9847,7760000,99,3317,renamed,3325
9848,7760000,97,3318,renamed,3326
9849,7760000,98,3357,renamed,3366
9850,7760000,96,3302,renamed,3309
9851,7760000,95,3235,renamed,3208
9852,7760000,63,3207,renamed,3212
9853,7760000,94,3285,renamed,3260
9854,7760000,73,3267,renamed,3274
9855,7766400,99,3309,renamed,3317
9856,7766400,98,3348,renamed,3357
9857,7766400,64,3281,renamed,3288
9858,7766400,96,3295,renamed,3302
9859,7766400,98,3340,renamed,3348
9860,7766400,95,3230,renamed,3235
9861,7766400,97,3311,renamed,3318
9862,7766400,79,3237,renamed,3242
9863,7766400,94,3279,renamed,3285
9864,7766400,99,3303,renamed,3309
9865,7766400,96,3289,renamed,3295
9866,7776000,93,3225,renamed,3229
9867,7776000,98,3333,renamed,3340
9868,7776000,97,3337,renamed,3311
9869,7776000,67,3236,renamed,3209
9870,7776000,91,3259,renamed,3265
9871,7780000,95,3225,renamed,3230
9872,7780000,79,3232,renamed,3237
9873,7780000,44,3509,renamed,3492
9874,7780000,98,3325,renamed,3333
9875,7780000,97,3329,renamed,3337
9876,7780000,66,3319,renamed,3294
9877,7785600,99,3327,renamed,3303
9878,7785600,82,3298,renamed,3306
9879,7785600,96,3282,renamed,3289
9880,7785600,68,3461,renamed,3475
9881,7785600,97,3321,renamed,3329
9882,7785600,62,3104,renamed,3107
9883,7785600,18,3151,renamed,3154
9884,7785600,80,3192,renamed,3196
9885,7785600,98,3349,renamed,3325
9886,7785600,44,3524,renamed,3509
9887,7785600,99,3318,renamed,3327
9888,7795200,97,3313,renamed,3321
9889,7795200,96,3306,renamed,3282
9890,7795200,95,3250,renamed,3225
9891,7795200,69,3189,renamed,3163
9892,7795200,84,3250,renamed,3226
9893,7800000,99,3307,renamed,3318
9894,7800000,74,3360,renamed,3373
9895,7800000,98,3337,renamed,3349
9896,7800000,94,3270,renamed,3279
9897,7804800,95,3243,renamed,3250
9898,7804800,80,3187,renamed,3192
9899,7804800,97,3304,renamed,3313
9900,7804800,96,3328,renamed,3306
9901,7804800,85,3147,renamed,3152
9902,7804800,98,3327,renamed,3337
9903,7804800,99,3329,renamed,3307
9904,7804800,100,3446,stored,
9905,7804800,93,3249,renamed,3225
9906,7804800,97,3294,renamed,3304
9907,7804800,86,3195,renamed,3202
9908,7804800,96,3317,renamed,3328
9909,7804800,95,3236,renamed,3243
9910,7804800,100,3431,renamed,3446
9911,7814400,94,3263,renamed,3270
9912,7814400,99,3320,renamed,3329
9913,7814400,61,3171,renamed,3175
9914,7814400,82,3290,renamed,3298
9915,7814400,97,3287,renamed,3294
9916,7814400,81,3244,renamed,3218
9917,7820000,100,3418,renamed,3431
9918,7820000,98,3319,renamed,3327
9919,7820000,96,3309,renamed,3317
9920,7820000,95,3231,renamed,3236
9921,7824000,94,3257,renamed,3263
9922,7824000,69,3185,renamed,3189
9923,7824000,93,3244,renamed,3249
9924,7824000,99,3313,renamed,3320
9925,7824000,98,3312,renamed,3319
9926,7824000,97,3312,renamed,3287
9927,7824000,100,3407,renamed,3418
9928,7824000,73,3261,renamed,3267
9929,7824000,96,3302,renamed,3309
9930,7824000,95,3227,renamed,3231
9931,7833600,99,3307,renamed,3313
9932,7833600,94,3283,renamed,3257
9933,7833600,86,3222,renamed,3195
9934,7833600,60,3220,renamed,3193
9935,7833600,18,3147,renamed,3151
9936,7833600,98,3303,renamed,3312
9937,7833600,99,3299,renamed,3307
9938,7833600,100,3396,renamed,3407
9939,7833600,88,3155,renamed,3159
9940,7833600,98,3296,renamed,3303
9941,7840000,97,3305,renamed,3312
9942,7843200,96,3326,renamed,3302
9943,7843200,95,3253,renamed,3227
9944,7843200,73,3285,renamed,3261
9945,7843200,99,3290,renamed,3299
9946,7843200,87,3256,renamed,3264
9947,7843200,86,3216,renamed,3222
9948,7843200,67,3261,renamed,3236
9949,7843200,100,3383,renamed,3396
9950,7843200,99,3282,renamed,3290
9951,7843200,96,3317,renamed,3326
9952,7843200,97,3297,renamed,3305
9953,7852800,63,3233,renamed,3207
9954,7852800,98,3318,renamed,3296
9955,7852800,45,3322,renamed,3333
9956,7852800,68,3476,renamed,3461
9957,7852800,44,3505,renamed,3524
9958,7852800,100,3371,renamed,3383
9959,7852800,96,3308,renamed,3317
9960,7860000,88,3151,renamed,3155
9961,7860000,74,3380,renamed,3360
9962,7860000,95,3246,renamed,3253
9963,7860000,97,3289,renamed,3297
9964,7860000,99,3274,renamed,3282
9965,7862400,98,3340,renamed,3318
9966,7862400,64,3273,renamed,3281
9967,7862400,67,3254,renamed,3261
9968,7862400,99,3267,renamed,3274
9969,7862400,91,3252,renamed,3259
9970,7862400,95,3240,renamed,3246
9971,7862400,100,3361,renamed,3371
9972,7862400,96,3331,renamed,3308
9973,7862400,56,3399,renamed,3379
9974,7862400,98,3330,renamed,3340
9975,7862400,97,3281,renamed,3289
9976,7862400,99,3260,renamed,3267
9977,7872000,94,3276,renamed,3283
9978,7872000,44,3520,renamed,3505
9979,7872000,70,3347,renamed,3325
9980,7872000,100,3380,renamed,3361
9981,7872000,74,3398,renamed,3380
9982,7872000,98,3349,renamed,3330
9983,7872000,84,3241,renamed,3250
9984,7880000,87,3247,renamed,3256
9985,7880000,61,3165,renamed,3171
9986,7880000,86,3209,renamed,3216
9987,7880000,80,3212,renamed,3187
9988,7880000,100,3366,renamed,3380
9989,7881600,99,3282,renamed,3260
9990,7881600,43,3181,renamed,3188
9991,7881600,98,3336,renamed,3349
9992,7881600,73,3275,renamed,3285
9993,7881600,100,3353,renamed,3366
9994,7881600,97,3272,renamed,3281
9995,7881600,60,3214,renamed,3220
9996,7881600,82,3312,renamed,3290
9997,7881600,84,3264,renamed,3241
9998,7881600,96,3350,renamed,3331
9999,7891200,99,3271,renamed,3282
10000,7891200,100,3340,renamed,3353
10001,7891200,81,3236,renamed,3244
10002,7891200,57,3274,renamed,3251
10003,7891200,98,3354,renamed,3336
10004,7891200,71,3333,renamed,3347
10005,7891200,101,3396,stored,
10006,7891200,91,3273,renamed,3252
10007,7891200,97,3261,renamed,3272
10008,7891200,82,3330,renamed,3312
10009,7891200,41,3228,renamed,3206
10010,7891200,101,3378,renamed,3396
10011,7891200,98,3370,renamed,3354
10012,7900000,99,3259,renamed,3271
10013,7900800,100,3326,renamed,3340
10014,7900800,96,3336,renamed,3350
10015,7900800,57,3264,renamed,3274
10016,7900800,44,3530,renamed,3520
10017,7900800,74,3382,renamed,3398
10018,7900800,60,3206,renamed,3214
10019,7900800,101,3364,renamed,3378
10020,7900800,52,3062,renamed,3033
10021,7900800,66,3307,renamed,3319
10022,7900800,100,3314,renamed,3326
10023,7910400,41,3220,renamed,3228
10024,7910400,81,3228,renamed,3236
10025,7910400,99,3251,renamed,3259
10026,7910400,76,3188,renamed,3194
10027,7910400,73,3267,renamed,3275
10028,7910400,98,3389,renamed,3370
10029,7910400,96,3325,renamed,3336
10030,7910400,59,3088,renamed,3092
10031,7910400,97,3284,renamed,3261
10032,7910400,101,3352,renamed,3364
10033,7910400,86,3203,renamed,3209
10034,7910400,100,3304,renamed,3314
10035,7910400,99,3275,renamed,3251
10036,7920000,83,3304,renamed,3282
10037,7920000,81,3220,renamed,3228
10038,7920000,98,3406,renamed,3389
10039,7920000,66,3327,renamed,3307
10040,7920000,101,3338,renamed,3352
10041,7920000,97,3304,renamed,3284
10042,7920000,100,3322,renamed,3304
10043,7920000,95,3260,renamed,3240
10044,7920000,59,3082,renamed,3088
10045,7920000,73,3255,renamed,3267
10046,7929600,101,3324,renamed,3338
10047,7929600,99,3264,renamed,3275
10048,7929600,67,3275,renamed,3254
10049,7929600,78,3213,renamed,3223
10050,7929600,53,2968,renamed,2971
10051,7929600,72,3333,renamed,3347
10052,7929600,100,3310,renamed,3322
10053,7929600,86,3196,renamed,3203
10054,7929600,98,3421,renamed,3406
10055,7939200,96,3313,renamed,3325
10056,7940000,101,3312,renamed,3324
10057,7940000,99,3286,renamed,3264
10058,7940000,95,3250,renamed,3260
10059,7940000,97,3293,renamed,3304
10060,7940000,100,3299,renamed,3310
10061,7940000,60,3230,renamed,3206
10062,7940000,94,3297,renamed,3276
10063,7940000,98,3404,renamed,3421
10064,7940000,70,3365,renamed,3347
10065,7940000,99,3275,renamed,3286
10066,7940000,101,3300,renamed,3312
10067,7940000,92,3280,renamed,3258
10068,7948800,96,3301,renamed,3313
10069,7948800,100,3288,renamed,3299
10070,7948800,97,3313,renamed,3293
10071,7948800,49,3019,renamed,3022
10072,7948800,67,3295,renamed,3275
10073,7948800,101,3288,renamed,3300
10074,7948800,98,3388,renamed,3404
10075,7948800,68,3457,renamed,3476
10076,7948800,100,3278,renamed,3288
10077,7948800,44,3510,renamed,3530
10078,7948800,99,3298,renamed,3275
10079,7948800,86,3189,renamed,3196
10080,7948800,95,3242,renamed,3250
10081,7960000,82,3350,renamed,3330
10082,7960000,101,3278,renamed,3288
10083,7960000,69,3179,renamed,3185
10084,7960000,97,3303,renamed,3313
10085,7960000,98,3406,renamed,3388
10086,7960000,91,3264,renamed,3273
10087,7960000,67,3316,renamed,3295
10088,7960000,83,3293,renamed,3304
10089,7968000,74,3369,renamed,3382
10090,7968000,100,3300,renamed,3278
10091,7968000,101,3299,renamed,3278
10092,7968000,99,3287,renamed,3298
10093,7968000,92,3270,renamed,3280
10094,7968000,81,3212,renamed,3220
10095,7968000,98,3392,renamed,3406
10096,7968000,97,3293,renamed,3303
10097,7968000,83,3284,renamed,3293
10098,7977600,100,3322,renamed,3300
10099,7977600,68,3441,renamed,3457
10100,7980000,101,3321,renamed,3299
10101,7980000,70,3383,renamed,3365
10102,7980000,95,3234,renamed,3242
10103,7980000,82,3368,renamed,3350
10104,7980000,41,3243,renamed,3220
10105,7980000,62,3099,renamed,3104
10106,7980000,102,3383,stored,
10107,7980000,99,3276,renamed,3287
10108,7980000,75,3124,renamed,3130
10109,7987200,94,3317,renamed,3297
10110,7987200,98,3376,renamed,3392
10111,7987200,73,3276,renamed,3255
10112,7987200,69,3171,renamed,3179
10113,7987200,100,3309,renamed,3322
10114,7987200,101,3340,renamed,3321
10115,7987200,102,3367,renamed,3383
10116,7987200,77,3199,renamed,3175
10117,7987200,96,3289,renamed,3301
10118,7996800,99,3265,renamed,3276
10119,7996800,101,3358,renamed,3340
10120,7996800,90,3337,renamed,3319
10121,7996800,96,3277,renamed,3289
10122,7996800,98,3360,renamed,3376
10123,7996800,102,3352,renamed,3367
10124,7996800,97,3282,renamed,3293
10125,7996800,100,3298,renamed,3309
10126,8000000,101,3376,renamed,3358
10127,8000000,95,3256,renamed,3234
10128,8000000,97,3271,renamed,3282
10129,8000000,83,3304,renamed,3284
10130,8000000,99,3254,renamed,3265
10131,8000000,98,3346,renamed,3360
10132,8000000,100,3318,renamed,3298
10133,8006400,68,3423,renamed,3441
10134,8006400,102,3339,renamed,3352
10135,8006400,90,3325,renamed,3337
10136,8006400,101,3363,renamed,3376
10137,8006400,46,2909,renamed,2910
10138,8006400,56,3416,renamed,3399
10139,8006400,87,3239,renamed,3247
10140,8006400,99,3277,renamed,3254
10141,8006400,97,3261,renamed,3271
10142,8006400,102,3358,renamed,3339
10143,8006400,100,3306,renamed,3318
10144,8016000,101,3350,renamed,3363
10145,8020000,74,3387,renamed,3369
10146,8020000,68,3437,renamed,3423
10147,8020000,102,3375,renamed,3358
10148,8020000,64,3262,renamed,3273
10149,8020000,100,3294,renamed,3306
10150,8020000,99,3267,renamed,3277
10151,8020000,98,3333,renamed,3346
10152,8020000,101,3338,renamed,3350
10153,8025600,97,3283,renamed,3261
10154,8025600,45,3341,renamed,3322
10155,8025600,42,3059,renamed,3063
10156,8025600,96,3297,renamed,3277
10157,8025600,85,3140,renamed,3147
10158,8025600,102,3360,renamed,3375
10159,8025600,100,3283,renamed,3294
10160,8025600,93,3235,renamed,3244
10161,8025600,74,3373,renamed,3387
10162,8025600,52,3059,renamed,3062
10163,8035200,101,3327,renamed,3338
10164,8035200,79,3225,renamed,3232
10165,8035200,83,3326,renamed,3304
10166,8035200,100,3305,renamed,3283
10167,8035200,75,3119,renamed,3124
10168,8035200,102,3347,renamed,3360
10169,8035200,91,3255,renamed,3264
10170,8040000,99,3289,renamed,3267
10171,8040000,101,3315,renamed,3327
10172,8040000,102,3335,renamed,3347
10173,8040000,64,3285,renamed,3262
10174,8044800,98,3321,renamed,3333
10175,8044800,100,3295,renamed,3305
10176,8044800,48,2761,renamed,2762
10177,8044800,67,3306,renamed,3316
10178,8044800,97,3274,renamed,3283
10179,8044800,56,3403,renamed,3416
10180,8044800,102,3325,renamed,3335
10181,8044800,101,3306,renamed,3315
10182,8044800,70,3403,renamed,3383
10183,8044800,98,3312,renamed,3321
10184,8044800,100,3287,renamed,3295
10185,8054400,99,3281,renamed,3289
10186,8054400,66,3349,renamed,3327
10187,8054400,70,3421,renamed,3403
10188,8060000,97,3297,renamed,3274
10189,8060000,56,3389,renamed,3403
10190,8060000,78,3206,renamed,3213
10191,8060000,102,3346,renamed,3325
10192,8060000,91,3247,renamed,3255
10193,8060000,90,3314,renamed,3325
10194,8060000,101,3297,renamed,3306
10195,8064000,100,3279,renamed,3287
10196,8064000,101,3289,renamed,3297
10197,8064000,68,3454,renamed,3437
10198,8064000,102,3366,renamed,3346
10199,8064000,82,3356,renamed,3368
10200,8064000,74,3361,renamed,3373
10201,8064000,73,3299,renamed,3276
10202,8064000,44,3522,renamed,3510
10203,8073600,45,3329,renamed,3341
10204,8073600,52,3087,renamed,3059
10205,8073600,100,3269,renamed,3279
10206,8073600,63,3225,renamed,3233
10207,8073600,103,3427,stored,
10208,8073600,60,3253,renamed,3230
10209,8073600,102,3383,renamed,3366
10210,8073600,77,3222,renamed,3199
10211,8073600,101,3277,renamed,3289
10212,8073600,99,3270,renamed,3281
10213,8073600,60,3274,renamed,3253
10214,8080000,98,3299,renamed,3312
10215,8080000,100,3258,renamed,3269
10216,8080000,92,3290,renamed,3270
10217,8083200,97,3315,renamed,3297
10218,8083200,102,3366,renamed,3383
10219,8083200,57,3284,renamed,3264
10220,8083200,103,3408,renamed,3427
10221,8083200,60,3293,renamed,3274
10222,8083200,101,3295,renamed,3277
10223,8083200,45,3344,renamed,3329
10224,8083200,100,3245,renamed,3258
10225,8083200,99,3257,renamed,3270
10226,8083200,70,3433,renamed,3421
10227,8083200,56,3371,renamed,3389
10228,8092800,103,3390,renamed,3408
10229,8092800,75,3113,renamed,3119
10230,8092800,102,3351,renamed,3366
10231,8092800,101,3284,renamed,3295
10232,8092800,99,3248,renamed,3257
10233,8092800,74,3348,renamed,3361
10234,8092800,92,3311,renamed,3290
10235,8092800,52,3083,renamed,3087
10236,8092800,100,3267,renamed,3245
10237,8102400,77,3244,renamed,3222
10238,8102400,93,3225,renamed,3235
10239,8102400,83,3343,renamed,3326
10240,8102400,94,3303,renamed,3317
10241,8102400,103,3374,renamed,3390
10242,8102400,66,3366,renamed,3349
10243,8102400,90,3301,renamed,3314
10244,8102400,102,3337,renamed,3351
10245,8102400,57,3273,renamed,3284
10246,8102400,66,3352,renamed,3366
10247,8102400,100,3258,renamed,3267
10248,8102400,101,3275,renamed,3284
10249,8112000,103,3361,renamed,3374
10250,8112000,70,3419,renamed,3433
10251,8112000,99,3241,renamed,3248
10252,8112000,85,3167,renamed,3140
10253,8112000,102,3326,renamed,3337
10254,8112000,103,3350,renamed,3361
10255,8112000,100,3251,renamed,3258
10256,8112000,74,3338,renamed,3348
10257,8112000,98,3291,renamed,3299
10258,8120000,84,3257,renamed,3264
10259,8120000,83,3365,renamed,3343
10260,8120000,97,3306,renamed,3315
10261,8121600,101,3268,renamed,3275
10262,8121600,102,3348,renamed,3326
10263,8121600,52,3080,renamed,3083
10264,8121600,100,3244,renamed,3251
10265,8121600,103,3340,renamed,3350
10266,8121600,98,3284,renamed,3291
10267,8121600,68,3441,renamed,3454
10268,8121600,99,3236,renamed,3241
10269,8121600,81,3207,renamed,3212
10270,8131200,44,3537,renamed,3522
10271,8131200,103,3331,renamed,3340
10272,8131200,87,3234,renamed,3239
10273,8131200,102,3371,renamed,3348
10274,8131200,70,3438,renamed,3419
10275,8131200,101,3261,renamed,3268
10276,8131200,69,3167,renamed,3171
10277,8131200,73,3322,renamed,3299
10278,8131200,98,3276,renamed,3284
10279,8131200,66,3373,renamed,3352
10280,8131200,103,3352,renamed,3331
10281,8140800,102,3358,renamed,3371
10282,8140800,100,3237,renamed,3244
10283,8140800,101,3284,renamed,3261
10284,8140800,77,3236,renamed,3244
10285,8140800,74,3358,renamed,3338
10286,8140800,52,3076,renamed,3080
10287,8140800,68,3455,renamed,3441
10288,8140800,100,3229,renamed,3237
10289,8140800,99,3228,renamed,3236
10290,8140800,102,3376,renamed,3358
10291,8140800,101,3274,renamed,3284
10292,8150400,100,3221,renamed,3229
10293,8150400,103,3370,renamed,3352
10294,8150400,98,3266,renamed,3276
10295,8150400,91,3238,renamed,3247
10296,8150400,97,3296,renamed,3306
10297,8150400,56,3389,renamed,3371
10298,8150400,86,3182,renamed,3189
10299,8150400,102,3363,renamed,3376
10300,8150400,89,3239,renamed,3247
10301,8150400,66,3361,renamed,3373
10302,8160000,103,3358,renamed,3370
10303,8160000,58,2996,renamed,2998
10304,8160000,70,3455,renamed,3438
10305,8160000,101,3266,renamed,3274
10306,8160000,102,3352,renamed,3363
10307,8160000,99,3253,renamed,3228
10308,8160000,104,3447,stored,
10309,8160000,100,3214,renamed,3221
10310,8160000,94,3294,renamed,3303
10311,8160000,89,3232,renamed,3239
10312,8160000,63,3250,renamed,3225
10313,8160000,103,3346,renamed,3358
10314,8160000,68,3440,renamed,3455
10315,8160000,70,3471,renamed,3455
10316,8169600,59,3110,renamed,3082
10317,8169600,102,3340,renamed,3352
10318,8169600,104,3431,renamed,3447
10319,8169600,57,3265,renamed,3273
10320,8169600,76,3214,renamed,3188
10321,8169600,44,3548,renamed,3537
10322,8169600,101,3257,renamed,3266
10323,8169600,100,3207,renamed,3214
10324,8169600,103,3335,renamed,3346
10325,8169600,102,3330,renamed,3340
10326,8180000,101,3250,renamed,3257
10327,8180000,104,3418,renamed,3431
10328,8180000,99,3247,renamed,3253
10329,8180000,42,3088,renamed,3059
10330,8180000,94,3286,renamed,3294
10331,8180000,56,3377,renamed,3389
10332,8180000,104,3406,renamed,3418
10333,8180000,77,3230,renamed,3236
10334,8180000,103,3327,renamed,3335
10335,8180000,73,3314,renamed,3322
10336,8180000,44,3562,renamed,3548
10337,8180000,91,3232,renamed,3238
10338,8188800,79,3220,renamed,3225
10339,8188800,66,3383,renamed,3361
10340,8188800,67,3329,renamed,3306
10341,8188800,104,3393,renamed,3406
10342,8188800,103,3349,renamed,3327
10343,8188800,100,3201,renamed,3207
10344,8188800,101,3274,renamed,3250
10345,8188800,102,3319,renamed,3330
10346,8188800,94,3277,renamed,3286
10347,8188800,99,3271,renamed,3247
10348,8198400,70,3485,renamed,3471
10349,8198400,74,3376,renamed,3358
10350,8200000,103,3336,renamed,3349
10351,8200000,83,3383,renamed,3365
10352,8200000,66,3399,renamed,3383
10353,8200000,98,3286,renamed,3266
10354,8200000,102,3306,renamed,3319
10355,8200000,104,3377,renamed,3393
10356,8200000,101,3264,renamed,3274
10357,8200000,99,3292,renamed,3271
10358,8208000,100,3224,renamed,3201
10359,8208000,103,3322,renamed,3336
10360,8208000,83,3398,renamed,3383
10361,8208000,96,3315,renamed,3297
10362,8208000,94,3264,renamed,3277
10363,8208000,63,3239,renamed,3250
10364,8208000,103,3308,renamed,3322
10365,8208000,104,3362,renamed,3377
10366,8208000,68,3423,renamed,3440
10367,8217600,66,3384,renamed,3399
10368,8217600,102,3326,renamed,3306
10369,8217600,101,3255,renamed,3264
10370,8220000,41,3235,renamed,3243
10371,8220000,86,3176,renamed,3182
10372,8220000,63,3231,renamed,3239
10373,8220000,62,3095,renamed,3099
10374,8220000,102,3316,renamed,3326
10375,8220000,100,3217,renamed,3224
10376,8220000,103,3299,renamed,3308
10377,8220000,104,3351,renamed,3362
10378,8227200,99,3284,renamed,3292
10379,8227200,101,3280,renamed,3255
10380,8227200,98,3278,renamed,3286
10381,8227200,55,2816,renamed,2817
10382,8227200,93,3250,renamed,3225
10383,8227200,94,3256,renamed,3264
10384,8227200,97,3318,renamed,3296
10385,8227200,102,3336,renamed,3316
10386,8227200,43,3205,renamed,3181
10387,8227200,48,2760,renamed,2761
10388,8236800,70,3496,renamed,3485
10389,8236800,88,3175,renamed,3151
10390,8236800,63,3251,renamed,3231
10391,8236800,62,3089,renamed,3095
10392,8236800,73,3300,renamed,3314
10393,8240000,93,3270,renamed,3250
10394,8240000,82,3370,renamed,3356
10395,8240000,104,3334,renamed,3351
10396,8240000,102,3321,renamed,3336
10397,8240000,68,3404,renamed,3423
10398,8240000,103,3287,renamed,3299
10399,8240000,18,3141,renamed,3147
10400,8246400,78,3198,renamed,3206
10401,8246400,53,2966,renamed,2968
10402,8246400,101,3300,renamed,3280
10403,8246400,104,3351,renamed,3334
10404,8246400,97,3305,renamed,3318
10405,8246400,100,3208,renamed,3217
10406,8246400,52,3071,renamed,3076
10407,8246400,92,3330,renamed,3311
10408,8246400,102,3338,renamed,3321
10409,8246400,105,3349,stored,
10410,8246400,41,3225,renamed,3235
10411,8246400,100,3199,renamed,3208
10412,8256000,103,3275,renamed,3287
10413,8256000,82,3355,renamed,3370
10414,8256000,104,3338,renamed,3351
10415,8256000,101,3289,renamed,3300
10416,8256000,99,3305,renamed,3284
10417,8260000,105,3367,renamed,3349
10418,8260000,102,3325,renamed,3338
10419,8260000,68,3388,renamed,3404
10420,8260000,81,3231,renamed,3207
10421,8260000,104,3325,renamed,3338
10422,8260000,100,3192,renamed,3199
10423,8260000,83,3414,renamed,3398
10424,8265600,105,3353,renamed,3367
10425,8265600,103,3265,renamed,3275
10426,8265600,56,3364,renamed,3377
10427,8265600,92,3350,renamed,3330
10428,8265600,74,3393,renamed,3376
10429,8265600,102,3343,renamed,3325
10430,8265600,101,3308,renamed,3289
10431,8265600,82,3370,renamed,3355
10432,8265600,104,3310,renamed,3325
10433,8275200,103,3284,renamed,3265
10434,8275200,105,3337,renamed,3353
10435,8275200,92,3365,renamed,3350
10436,8275200,66,3397,renamed,3384
10437,8275200,100,3182,renamed,3192
10438,8275200,102,3358,renamed,3343
10439,8275200,98,3264,renamed,3278
10440,8275200,104,3296,renamed,3310
10441,8280000,103,3271,renamed,3284
10442,8280000,105,3353,renamed,3337
10443,8280000,101,3325,renamed,3308
10444,8284800,100,3173,renamed,3182
10445,8284800,96,3331,renamed,3315
10446,8284800,104,3282,renamed,3296
10447,8284800,102,3342,renamed,3358
10448,8284800,103,3259,renamed,3271
10449,8284800,54,3175,renamed,3151
10450,8284800,105,3337,renamed,3353
10451,8284800,53,2994,renamed,2966
10452,8284800,101,3310,renamed,3325
10453,8284800,92,3349,renamed,3365
10454,8284800,68,3402,renamed,3388
10455,8294400,100,3195,renamed,3173
10456,8294400,104,3268,renamed,3282
10457,8294400,103,3247,renamed,3259
10458,8294400,105,3322,renamed,3337
10459,8294400,102,3328,renamed,3342
10460,8294400,100,3187,renamed,3195
10461,8294400,98,3254,renamed,3264
10462,8300000,101,3298,renamed,3310
10463,8300000,99,3294,renamed,3305
10464,8304000,104,3259,renamed,3268
10465,8304000,103,3239,renamed,3247
10466,8304000,78,3192,renamed,3198
10467,8304000,105,3312,renamed,3322
10468,8304000,73,3322,renamed,3300
10469,8304000,75,3109,renamed,3113
10470,8304000,104,3251,renamed,3259
10471,8304000,63,3274,renamed,3251
10472,8304000,44,3541,renamed,3562
10473,8304000,74,3410,renamed,3393
10474,8304000,101,3288,renamed,3298
10475,8313600,103,3231,renamed,3239
10476,8313600,104,3243,renamed,3251
10477,8313600,102,3349,renamed,3328
10478,8313600,105,3302,renamed,3312
10479,8313600,54,3201,renamed,3175
10480,8313600,93,3261,renamed,3270
10481,8313600,100,3181,renamed,3187
10482,8320000,101,3309,renamed,3288
10483,8320000,56,3351,renamed,3364
10484,8320000,104,3266,renamed,3243
10485,8320000,78,3185,renamed,3192
10486,8320000,103,3223,renamed,3231
10487,8320000,100,3175,renamed,3181
10488,8323200,102,3337,renamed,3349
10489,8323200,105,3292,renamed,3302
10490,8323200,64,3276,renamed,3285
10491,8323200,74,3427,renamed,3410
10492,8323200,101,3330,renamed,3309
10493,8323200,96,3319,renamed,3331
10494,8323200,76,3238,renamed,3214
10495,8323200,73,3310,renamed,3322
10496,8323200,70,3508,renamed,3496
10497,8323200,104,3256,renamed,3266
10498,8332800,105,3282,renamed,3292
10499,8332800,101,3319,renamed,3330
10500,8332800,46,2939,renamed,2909
10501,8332800,102,3325,renamed,3337
10502,8332800,103,3215,renamed,3223
10503,8332800,104,3248,renamed,3256
10504,8340000,100,3200,renamed,3175
10505,8340000,52,3067,renamed,3071
10506,8340000,105,3272,renamed,3282
10507,8340000,98,3245,renamed,3254
10508,8340000,60,3283,renamed,3293
10509,8342400,80,3205,renamed,3212
10510,8342400,106,3446,stored,
10511,8342400,41,3218,renamed,3225
10512,8342400,101,3340,renamed,3319
10513,8342400,103,3208,renamed,3215
10514,8342400,104,3240,renamed,3248
10515,8342400,18,3136,renamed,3141
10516,8342400,66,3384,renamed,3397
10517,8342400,73,3332,renamed,3310
10518,8342400,97,3295,renamed,3305
10519,8342400,105,3295,renamed,3272
10520,8342400,63,3265,renamed,3274
10521,8342400,75,3105,renamed,3109
10522,8342400,102,3345,renamed,3325
10523,8352000,103,3201,renamed,3208
10524,8352000,70,3489,renamed,3508
10525,8352000,106,3431,renamed,3446
10526,8352000,104,3233,renamed,3240
10527,8352000,105,3287,renamed,3295
10528,8352000,45,3334,renamed,3344
10529,8352000,91,3257,renamed,3232
10530,8352000,104,3226,renamed,3233
10531,8360000,102,3366,renamed,3345
10532,8361600,68,3389,renamed,3402
10533,8361600,83,3401,renamed,3414
10534,8361600,106,3448,renamed,3431
10535,8361600,103,3195,renamed,3201
10536,8361600,92,3339,renamed,3349
10537,8361600,105,3279,renamed,3287
10538,8361600,102,3356,renamed,3366
10539,8361600,104,3221,renamed,3226
10540,8361600,103,3222,renamed,3195
10541,8371200,74,3414,renamed,3427
10542,8371200,71,3324,renamed,3333
10543,8371200,52,3065,renamed,3067
10544,8371200,44,3554,renamed,3541
10545,8371200,106,3434,renamed,3448
10546,8371200,90,3324,renamed,3301
10547,8371200,85,3162,renamed,3167
10548,8371200,102,3346,renamed,3356
10549,8371200,93,3254,renamed,3261
10550,8371200,106,3421,renamed,3434
10551,8371200,104,3216,renamed,3221
10552,8371200,70,3475,renamed,3489
10553,8380000,103,3249,renamed,3222
10554,8380000,105,3272,renamed,3279
10555,8380800,56,3342,renamed,3351
10556,8380800,104,3211,renamed,3216
10557,8380800,92,3362,renamed,3339
10558,8380800,78,3212,renamed,3185
10559,8380800,102,3336,renamed,3346
10560,8380800,105,3265,renamed,3272
10561,8380800,106,3409,renamed,3421
10562,8380800,66,3374,renamed,3384
10563,8390400,102,3328,renamed,3336
10564,8390400,100,3196,renamed,3200
10565,8390400,103,3244,renamed,3249
10566,8390400,104,3238,renamed,3211
10567,8390400,106,3428,renamed,3409
10568,8390400,101,3331,renamed,3340
10569,8390400,105,3258,renamed,3265
10570,8390400,71,3316,renamed,3324
10571,8390400,106,3416,renamed,3428
10572,8390400,64,3270,renamed,3276
10573,8390400,94,3251,renamed,3256
10574,8400000,83,3391,renamed,3401
10575,8400000,102,3321,renamed,3328
10576,8400000,97,3320,renamed,3295
10577,8400000,85,3190,renamed,3162
10578,8400000,101,3322,renamed,3331
10579,8400000,44,3567,renamed,3554
10580,8400000,105,3283,renamed,3258
10581,8400000,106,3403,renamed,3416
10582,8400000,42,3085,renamed,3088
10583,8400000,81,3225,renamed,3231
10584,8409600,98,3270,renamed,3245
10585,8409600,83,3379,renamed,3391
10586,8409600,70,3490,renamed,3475
10587,8409600,104,3231,renamed,3238
10588,8409600,105,3275,renamed,3283
10589,8409600,106,3391,renamed,3403
10590,8409600,73,3323,renamed,3332
10591,8409600,103,3238,renamed,3244
10592,8409600,101,3314,renamed,3322
10593,8409600,102,3313,renamed,3321
10594,8419200,66,3395,renamed,3374
10595,8420000,105,3268,renamed,3275
10596,8420000,106,3380,renamed,3391
10597,8420000,82,3361,renamed,3370
10598,8420000,103,3233,renamed,3238
10599,8420000,104,3257,renamed,3231
10600,8420000,101,3337,renamed,3314
10601,8420000,45,3325,renamed,3334
10602,8420000,97,3312,renamed,3320
10603,8420000,99,3287,renamed,3294
10604,8420000,105,3262,renamed,3268
10605,8428800,106,3370,renamed,3380
10606,8428800,103,3228,renamed,3233
10607,8428800,101,3329,renamed,3337
10608,8428800,102,3306,renamed,3313
10609,8428800,104,3283,renamed,3257
10610,8428800,107,3514,stored,
10611,8428800,106,3391,renamed,3370
10612,8428800,99,3280,renamed,3287
10613,8428800,100,3191,renamed,3196
10614,8428800,103,3223,renamed,3228
10615,8428800,105,3287,renamed,3262
10616,8428800,101,3320,renamed,3329
10617,8438400,102,3298,renamed,3306
10618,8438400,107,3498,renamed,3514
10619,8440000,104,3277,renamed,3283
10620,8440000,105,3281,renamed,3287
10621,8440000,103,3218,renamed,3223
10622,8440000,76,3264,renamed,3238
10623,8440000,106,3381,renamed,3391
10624,8440000,107,3514,renamed,3498
10625,8440000,101,3312,renamed,3320
10626,8448000,45,3317,renamed,3325
10627,8448000,66,3385,renamed,3395
10628,8448000,74,3404,renamed,3414
10629,8448000,73,3347,renamed,3323
10630,8448000,105,3306,renamed,3281
10631,8448000,104,3270,renamed,3277
10632,8448000,93,3248,renamed,3254
10633,8448000,106,3371,renamed,3381
10634,8448000,103,3213,renamed,3218
10635,8448000,102,3291,renamed,3298
10636,8448000,107,3530,renamed,3514
10637,8457600,90,3316,renamed,3324
10638,8457600,105,3299,renamed,3306
10639,8457600,74,3394,renamed,3404
10640,8460000,99,3305,renamed,3280
10641,8460000,82,3352,renamed,3361
10642,8460000,92,3353,renamed,3362
10643,8460000,105,3292,renamed,3299
10644,8460000,106,3393,renamed,3371
10645,8460000,100,3187,renamed,3191
10646,8460000,83,3369,renamed,3379
10647,8460000,107,3515,renamed,3530
10648,8460000,103,3209,renamed,3213
10649,8467200,82,3375,renamed,3352
10650,8467200,91,3251,renamed,3257
10651,8467200,106,3383,renamed,3393
10652,8467200,93,3243,renamed,3248
10653,8467200,104,3265,renamed,3270
10654,8467200,60,3309,renamed,3283
10655,8467200,105,3285,renamed,3292
10656,8467200,72,3356,renamed,3333
10657,8467200,107,3499,renamed,3515
10658,8467200,102,3284,renamed,3291
10659,8467200,106,3374,renamed,3383
10660,8476800,54,3197,renamed,3201
10661,8476800,103,3236,renamed,3209
10662,8476800,104,3259,renamed,3265
10663,8476800,106,3365,renamed,3374
10664,8480000,107,3516,renamed,3499
10665,8480000,68,3379,renamed,3389
10666,8480000,71,3340,renamed,3316
10667,8480000,62,3086,renamed,3089
10668,8480000,74,3414,renamed,3394
10669,8480000,107,3499,renamed,3516
10670,8480000,105,3278,renamed,3285
10671,8480000,106,3356,renamed,3365
10672,8486400,91,3245,renamed,3251
10673,8486400,66,3406,renamed,3385
10674,8486400,76,3258,renamed,3264
10675,8486400,107,3484,renamed,3499
10676,8486400,99,3329,renamed,3305
10677,8486400,83,3390,renamed,3369
10678,8486400,104,3252,renamed,3259
10679,8486400,71,3361,renamed,3340
10680,8486400,72,3376,renamed,3356
10681,8486400,107,3467,renamed,3484
10682,8486400,83,3378,renamed,3390
10683,8486400,87,3259,renamed,3234
10684,8486400,95,3279,renamed,3256
10685,8496000,105,3299,renamed,3278
10686,8496000,93,3234,renamed,3243
10687,8496000,66,3391,renamed,3406
10688,8500000,106,3344,renamed,3356
10689,8500000,89,3225,renamed,3232
10690,8500000,36,2468,renamed,2436
10691,8500000,107,3480,renamed,3467
10692,8500000,78,3204,renamed,3212
10693,8500000,104,3243,renamed,3252
10694,8505600,105,3289,renamed,3299
10695,8505600,72,3363,renamed,3376
10696,8505600,106,3333,renamed,3344
10697,8505600,45,3307,renamed,3317
10698,8505600,92,3342,renamed,3353
10699,8505600,100,3182,renamed,3187
10700,8505600,107,3495,renamed,3480
10701,8505600,106,3323,renamed,3333
10702,8505600,103,3230,renamed,3236
10703,8505600,104,3237,renamed,3243
10704,8505600,74,3402,renamed,3414
10705,8505600,105,3282,renamed,3289
10706,8505600,66,3381,renamed,3391
10707,8515200,102,3278,renamed,3284
10708,8515200,79,3215,renamed,3220
10709,8515200,96,3343,renamed,3319
10710,8515200,108,3504,stored,
10711,8515200,107,3480,renamed,3495
10712,8515200,105,3276,renamed,3282
10713,8520000,86,3172,renamed,3176
10714,8520000,104,3232,renamed,3237
10715,8520000,106,3316,renamed,3323
10716,8520000,102,3272,renamed,3278
10717,8524800,66,3372,renamed,3381
10718,8524800,108,3522,renamed,3504
10719,8524800,103,3257,renamed,3230
10720,8524800,101,3305,renamed,3312
10721,8524800,105,3270,renamed,3276
10722,8524800,107,3497,renamed,3480
10723,8524800,106,3339,renamed,3316
10724,8524800,99,3320,renamed,3329
10725,8524800,104,3226,renamed,3232
10726,8534400,108,3506,renamed,3522
10727,8534400,89,3251,renamed,3225
10728,8534400,86,3168,renamed,3172
10729,8534400,105,3263,renamed,3270
10730,8534400,107,3482,renamed,3497
10731,8534400,92,3334,renamed,3342
10732,8540000,103,3283,renamed,3257
10733,8540000,106,3361,renamed,3339
10734,8540000,67,3320,renamed,3329
10735,8540000,73,3337,renamed,3347
10736,8540000,104,3221,renamed,3226
10737,8544000,96,3334,renamed,3343
10738,8544000,108,3521,renamed,3506
10739,8544000,105,3256,renamed,3263
10740,8544000,101,3297,renamed,3305
10741,8544000,106,3352,renamed,3361
10742,8544000,49,3017,renamed,3019
10743,8544000,107,3468,renamed,3482
10744,8544000,103,3277,renamed,3283
10745,8544000,104,3217,renamed,3221
10746,8544000,90,3340,renamed,3316
10747,8553600,45,3300,renamed,3307
10748,8553600,60,3302,renamed,3309
10749,8553600,84,3252,renamed,3257
10750,8553600,107,3456,renamed,3468
10751,8553600,108,3507,renamed,3521
10752,8553600,97,3337,renamed,3312
10753,8553600,95,3273,renamed,3279
10754,8553600,89,3246,renamed,3251
10755,8560000,106,3345,renamed,3352
10756,8560000,70,3478,renamed,3490
10757,8560000,105,3252,renamed,3256
10758,8560000,104,3213,renamed,3217
10759,8563200,77,3226,renamed,3230
10760,8563200,53,3025,renamed,2994
10761,8563200,106,3338,renamed,3345
10762,8563200,108,3525,renamed,3507
10763,8563200,107,3444,renamed,3456
10764,8563200,104,3209,renamed,3213
10765,8563200,103,3303,renamed,3277
10766,8563200,105,3247,renamed,3252
10767,8563200,102,3266,renamed,3272
10768,8572800,56,3335,renamed,3342
10769,8572800,108,3541,renamed,3525
10770,8572800,107,3433,renamed,3444
10771,8572800,87,3285,renamed,3259
10772,8572800,83,3399,renamed,3378
10773,8572800,55,2815,renamed,2816
10774,8572800,95,3297,renamed,3273
10775,8580000,106,3328,renamed,3338
10776,8580000,60,3294,renamed,3302
10777,8580000,105,3241,renamed,3247
10778,8582400,108,3524,renamed,3541
10779,8582400,107,3421,renamed,3433
10780,8582400,77,3253,renamed,3226
10781,8582400,42,3114,renamed,3085
10782,8582400,41,3212,renamed,3218
10783,8582400,104,3203,renamed,3209
10784,8582400,106,3319,renamed,3328
10785,8582400,45,3292,renamed,3300
10786,8582400,93,3260,renamed,3234
10787,8582400,68,3398,renamed,3379
10788,8592000,107,3407,renamed,3421
10789,8592000,106,3341,renamed,3319
10790,8592000,108,3536,renamed,3524
10791,8592000,66,3359,renamed,3372
10792,8592000,97,3326,renamed,3337
10793,8592000,74,3389,renamed,3402
10794,8592000,56,3325,renamed,3335
10795,8592000,89,3271,renamed,3246
10796,8600000,77,3246,renamed,3253
10797,8601600,107,3394,renamed,3407
10798,8601600,45,3284,renamed,3292
10799,8601600,87,3278,renamed,3285
10800,8601600,106,3332,renamed,3341
10801,8601600,108,3519,renamed,3536
10802,8601600,64,3264,renamed,3270
10803,8601600,105,3236,renamed,3241
10804,8601600,104,3199,renamed,3203
10805,8601600,93,3255,renamed,3260
10806,8601600,107,3385,renamed,3394
10807,8611200,108,3505,renamed,3519
10808,8611200,103,3328,renamed,3303
10809,8611200,102,3261,renamed,3266
10810,8611200,70,3496,renamed,3478
10811,8611200,109,3524,stored,
10812,8611200,64,3289,renamed,3264
10813,8611200,107,3405,renamed,3385
10814,8611200,96,3325,renamed,3334
10815,8611200,77,3240,renamed,3246
10816,8611200,68,3387,renamed,3398
10817,8611200,90,3331,renamed,3340
10818,8620800,106,3324,renamed,3332
10819,8620800,108,3490,renamed,3505
10820,8620800,61,3193,renamed,3165
10821,8620800,73,3329,renamed,3337
10822,8620800,96,3317,renamed,3325
10823,8620800,40,2912,renamed,2881
10824,8620800,64,3282,renamed,3289
10825,8620800,76,3252,renamed,3258
10826,8620800,83,3419,renamed,3399
10827,8620800,109,3507,renamed,3524
10828,8620800,108,3475,renamed,3490
10829,8620800,66,3350,renamed,3359
10830,8630400,60,3288,renamed,3294
10831,8630400,107,3395,renamed,3405
10832,8630400,76,3247,renamed,3252
10833,8630400,106,3348,renamed,3324
10834,8630400,105,3231,renamed,3236
10835,8630400,104,3226,renamed,3199
10836,8630400,109,3492,renamed,3507
10837,8630400,108,3462,renamed,3475
10838,8630400,93,3250,renamed,3255
10839,8640000,86,3196,renamed,3168
10840,8640000,107,3385,renamed,3395
10841,8640000,106,3370,renamed,3348
10842,8640000,88,3171,renamed,3175
10843,8640000,109,3477,renamed,3492
10844,8640000,105,3226,renamed,3231
10845,8640000,108,3449,renamed,3462
10846,8640000,61,3189,renamed,3193
10847,8640000,96,3310,renamed,3317
10848,8640000,99,3313,renamed,3320
10849,8640000,107,3377,renamed,3385
10850,8649600,83,3440,renamed,3419
10851,8649600,109,3464,renamed,3477
10852,8649600,108,3438,renamed,3449
10853,8649600,44,3582,renamed,3567
10854,8649600,106,3362,renamed,3370
10855,8649600,45,3310,renamed,3284
10856,8649600,72,3354,renamed,3363
10857,8649600,89,3266,renamed,3271
10858,8649600,107,3369,renamed,3377
10859,8649600,70,3483,renamed,3496
10860,8659200,109,3453,renamed,3464
10861,8660000,66,3374,renamed,3350
10862,8660000,52,3063,renamed,3065
10863,8660000,64,3277,renamed,3282
10864,8660000,75,3134,renamed,3105
10865,8660000,82,3397,renamed,3375
10866,8660000,106,3383,renamed,3362
10867,8660000,107,3359,renamed,3369
10868,8660000,108,3456,renamed,3438
10869,8660000,109,3439,renamed,3453
10870,8660000,86,3191,renamed,3196
10871,8660000,79,3210,renamed,3215
10872,8668800,80,3200,renamed,3205
10873,8668800,105,3221,renamed,3226
10874,8668800,106,3373,renamed,3383
10875,8668800,107,3381,renamed,3359
10876,8668800,84,3246,renamed,3252
10877,8668800,109,3427,renamed,3439
10878,8668800,104,3221,renamed,3226
10879,8668800,108,3444,renamed,3456
10880,8668800,106,3364,renamed,3373
10881,8668800,66,3396,renamed,3374
10882,8668800,70,3469,renamed,3483
10883,8678400,107,3372,renamed,3381
10884,8680000,105,3217,renamed,3221
10885,8680000,41,3239,renamed,3212
10886,8680000,73,3352,renamed,3329
10887,8680000,109,3415,renamed,3427
10888,8680000,108,3462,renamed,3444
10889,8680000,92,3325,renamed,3334
10890,8680000,84,3240,renamed,3246
10891,8680000,83,3428,renamed,3440
10892,8680000,107,3363,renamed,3372
10893,8688000,66,3386,renamed,3396
10894,8688000,106,3356,renamed,3364
10895,8688000,109,3405,renamed,3415
10896,8688000,80,3228,renamed,3200
10897,8688000,56,3318,renamed,3325
10898,8688000,68,3409,renamed,3387
10899,8688000,109,3394,renamed,3405
10900,8688000,83,3417,renamed,3428
10901,8688000,108,3450,renamed,3462
10902,8688000,107,3386,renamed,3363
10903,8688000,105,3212,renamed,3217
10904,8688000,101,3291,renamed,3297
10905,8697600,102,3256,renamed,3261
10906,8700000,54,3193,renamed,3197
10907,8700000,106,3348,renamed,3356
10908,8700000,79,3206,renamed,3210
10909,8700000,76,3243,renamed,3247
10910,8700000,109,3386,renamed,3394
10911,8700000,108,3440,renamed,3450
10912,8700000,110,3582,stored,
10913,8700000,107,3378,renamed,3386
10914,8700000,81,3253,renamed,3225
10915,8707200,44,3596,renamed,3582
10916,8707200,106,3341,renamed,3348
10917,8707200,99,3307,renamed,3313
10918,8707200,105,3208,renamed,3212
10919,8707200,94,3247,renamed,3251
10920,8707200,104,3217,renamed,3221
10921,8707200,109,3378,renamed,3386
10922,8707200,64,3272,renamed,3277
10923,8707200,108,3461,renamed,3440
10924,8707200,90,3325,renamed,3331
10925,8707200,103,3353,renamed,3328
10926,8716800,67,3344,renamed,3320
10927,8716800,107,3369,renamed,3378
10928,8716800,110,3564,renamed,3582
10929,8716800,106,3365,renamed,3341
10930,8716800,108,3448,renamed,3461
10931,8720000,105,3204,renamed,3208
10932,8720000,109,3369,renamed,3378
10933,8720000,63,3260,renamed,3265
10934,8720000,104,3213,renamed,3217
10935,8720000,73,3376,renamed,3352
10936,8720000,110,3547,renamed,3564
10937,8720000,107,3361,renamed,3369
10938,8726400,90,3350,renamed,3325
10939,8726400,101,3316,renamed,3291
10940,8726400,109,3359,renamed,3369
10941,8726400,106,3356,renamed,3365
10942,8726400,66,3407,renamed,3386
10943,8726400,51,2808,renamed,2809
10944,8726400,107,3352,renamed,3361
10945,8726400,108,3466,renamed,3448
10946,8726400,110,3560,renamed,3547
10947,8726400,96,3302,renamed,3310
10948,8726400,109,3380,renamed,3359
10949,8726400,91,3269,renamed,3245
10950,8736000,108,3450,renamed,3466
10951,8736000,106,3376,renamed,3356
10952,8736000,101,3337,renamed,3316
10953,8736000,105,3197,renamed,3204
10954,8740000,109,3367,renamed,3380
10955,8740000,110,3570,renamed,3560
10956,8740000,108,3434,renamed,3450
10957,8740000,83,3403,renamed,3417
10958,8740000,102,3249,renamed,3256
10959,8740000,107,3342,renamed,3352
10960,8740000,106,3365,renamed,3376
10961,8745600,67,3366,renamed,3344
10962,8745600,109,3387,renamed,3367
10963,8745600,110,3550,renamed,3570
10964,8745600,76,3236,renamed,3243
10965,8745600,45,3332,renamed,3310
10966,8745600,105,3191,renamed,3197
10967,8745600,108,3450,renamed,3434
10968,8745600,107,3331,renamed,3342
10969,8745600,106,3384,renamed,3365
10970,8755200,94,3239,renamed,3247
10971,8755200,109,3374,renamed,3387
10972,8755200,105,3185,renamed,3191
10973,8755200,56,3309,renamed,3318
10974,8755200,110,3562,renamed,3550
10975,8760000,99,3329,renamed,3307
10976,8760000,65,3066,renamed,3069
10977,8760000,108,3434,renamed,3450
10978,8760000,78,3198,renamed,3204
10979,8760000,72,3374,renamed,3354
10980,8760000,107,3351,renamed,3331
10981,8760000,101,3325,renamed,3337
10982,8764800,109,3361,renamed,3374
10983,8764800,108,3450,renamed,3434
10984,8764800,69,3161,renamed,3167
10985,8764800,110,3541,renamed,3562
10986,8764800,82,3415,renamed,3397
10987,8764800,107,3339,renamed,3351
10988,8764800,106,3372,renamed,3384
10989,8764800,70,3484,renamed,3469
10990,8764800,109,3349,renamed,3361
10991,8764800,108,3435,renamed,3450
10992,8774400,110,3523,renamed,3541
10993,8774400,52,3061,renamed,3063
10994,8774400,105,3181,renamed,3185
10995,8774400,104,3208,renamed,3213
10996,8774400,67,3357,renamed,3366
10997,8774400,86,3187,renamed,3191
10998,8774400,102,3244,renamed,3249
10999,8780000,49,3047,renamed,3017
11000,8780000,110,3507,renamed,3523
11001,8780000,75,3131,renamed,3134
11002,8780000,109,3340,renamed,3349
11003,8780000,108,3454,renamed,3435
11004,8780000,89,3260,renamed,3266
11005,8784000,66,3427,renamed,3407
11006,8784000,108,3440,renamed,3454
11007,8784000,107,3361,renamed,3339
11008,8784000,74,3378,renamed,3389
11009,8784000,103,3344,renamed,3353
11010,8784000,59,3107,renamed,3110
11011,8784000,49,3077,renamed,3047
11012,8784000,82,3402,renamed,3415
11013,8784000,111,3489,stored,
11014,8784000,110,3522,renamed,3507
11015,8784000,90,3340,renamed,3350
11016,8784000,109,3331,renamed,3340
11017,8784000,89,3254,renamed,3260
11018,8793600,106,3362,renamed,3372
11019,8793600,108,3428,renamed,3440
11020,8793600,105,3177,renamed,3181
11021,8793600,107,3383,renamed,3361
11022,8793600,72,3395,renamed,3374
11023,8793600,73,3365,renamed,3376
11024,8793600,111,3505,renamed,3489
11025,8793600,103,3334,renamed,3344
11026,8800000,110,3505,renamed,3522
11027,8800000,109,3323,renamed,3331
11028,8803200,66,3415,renamed,3427
11029,8803200,60,3282,renamed,3288
11030,8803200,108,3417,renamed,3428
11031,8803200,96,3296,renamed,3302
11032,8803200,111,3492,renamed,3505
11033,8803200,76,3263,renamed,3236
11034,8803200,109,3316,renamed,3323
11035,8803200,110,3491,renamed,3505
11036,8803200,111,3480,renamed,3492
11037,8812800,82,3394,renamed,3402
11038,8812800,93,3246,renamed,3250
11039,8812800,107,3376,renamed,3383
11040,8812800,110,3480,renamed,3491
11041,8812800,109,3311,renamed,3316
11042,8812800,108,3409,renamed,3417
11043,8812800,90,3335,renamed,3340
11044,8812800,111,3471,renamed,3480
11045,8812800,66,3408,renamed,3415
11046,8812800,107,3401,renamed,3376
11047,8812800,110,3470,renamed,3480
11048,8812800,72,3388,renamed,3395
11049,8820000,44,3613,renamed,3596
11050,8820000,108,3402,renamed,3409
11051,8822400,98,3266,renamed,3270
11052,8822400,109,3307,renamed,3311
11053,8822400,111,3493,renamed,3471
11054,8822400,107,3394,renamed,3401
11055,8822400,106,3356,renamed,3362
11056,8822400,110,3461,renamed,3470
11057,8822400,105,3206,renamed,3177
11058,8822400,95,3292,renamed,3297
11059,8822400,111,3482,renamed,3493
11060,8822400,97,3321,renamed,3326
11061,8822400,108,3426,renamed,3402
11062,8832000,109,3302,renamed,3307
11063,8832000,59,3105,renamed,3107
11064,8832000,110,3482,renamed,3461
11065,8832000,91,3265,renamed,3269
11066,8832000,66,3431,renamed,3408
11067,8832000,44,3595,renamed,3613
11068,8832000,111,3471,renamed,3482
11069,8832000,106,3381,renamed,3356
11070,8832000,107,3386,renamed,3394
11071,8832000,110,3471,renamed,3482
11072,8840000,109,3297,renamed,3302
11073,8841600,102,3272,renamed,3244
11074,8841600,111,3460,renamed,3471
11075,8841600,82,3386,renamed,3394
11076,8841600,70,3473,renamed,3484
11077,8841600,59,3103,renamed,3105
11078,8841600,92,3351,renamed,3325
11079,8841600,74,3370,renamed,3378
11080,8841600,105,3203,renamed,3206
11081,8841600,111,3450,renamed,3460
11082,8841600,110,3491,renamed,3471
11083,8841600,75,3129,renamed,3131
11084,8851200,108,3417,renamed,3426
11085,8851200,109,3292,renamed,3297
11086,8851200,70,3463,renamed,3473
11087,8851200,107,3379,renamed,3386
11088,8851200,71,3355,renamed,3361
11089,8851200,104,3237,renamed,3208
11090,8851200,65,3064,renamed,3066
11091,8851200,110,3480,renamed,3491
11092,8851200,107,3372,renamed,3379
11093,8851200,111,3441,renamed,3450
11094,8851200,109,3288,renamed,3292
11095,8860800,92,3377,renamed,3351
11096,8860800,110,3469,renamed,3480
11097,8860800,108,3409,renamed,3417
11098,8860800,100,3211,renamed,3182
11099,8860800,106,3404,renamed,3381
11100,8860800,83,3394,renamed,3403
11101,8860800,105,3200,renamed,3203
11102,8860800,111,3431,renamed,3441
11103,8860800,52,3059,renamed,3061
11104,8860800,45,3326,renamed,3332
11105,8860800,56,3335,renamed,3309
11106,8870400,74,3362,renamed,3370
11107,8870400,111,3421,renamed,3431
11108,8870400,66,3422,renamed,3431
11109,8870400,104,3233,renamed,3237
11110,8870400,110,3490,renamed,3469
11111,8870400,109,3283,renamed,3288
11112,8870400,70,3452,renamed,3463
11113,8870400,107,3365,renamed,3372
11114,8870400,112,3593,stored,
11115,8870400,108,3401,renamed,3409
11116,8870400,111,3413,renamed,3421
11117,8870400,73,3359,renamed,3365
11118,8880000,110,3480,renamed,3490
11119,8880000,112,3579,renamed,3593
11120,8880000,81,3281,renamed,3253
11121,8880000,88,3169,renamed,3171
11122,8880000,109,3279,renamed,3283
11123,8880000,108,3425,renamed,3401
11124,8880000,97,3347,renamed,3321
11125,8880000,111,3404,renamed,3413
11126,8880000,68,3401,renamed,3409
11127,8880000,83,3386,renamed,3394
11128,8880000,86,3184,renamed,3187
11129,8889600,85,3187,renamed,3190
11130,8889600,112,3595,renamed,3579
11131,8889600,44,3579,renamed,3595
11132,8889600,109,3275,renamed,3279
11133,8889600,66,3445,renamed,3422
11134,8889600,112,3579,renamed,3595
11135,8889600,107,3359,renamed,3365
11136,8889600,111,3427,renamed,3404
11137,8889600,110,3469,renamed,3480
11138,8889600,73,3353,renamed,3359
11139,8889600,108,3417,renamed,3425
11140,8899200,61,3218,renamed,3189
11141,8900000,106,3396,renamed,3404
11142,8900000,105,3197,renamed,3200
11143,8900000,112,3564,renamed,3579
11144,8900000,110,3459,renamed,3469
11145,8900000,79,3203,renamed,3206
11146,8900000,111,3419,renamed,3427
11147,8900000,72,3413,renamed,3388
11148,8900000,99,3324,renamed,3329
11149,8900000,109,3302,renamed,3275
11150,8900000,74,3355,renamed,3362
11151,8900000,70,3473,renamed,3452
11152,8908800,111,3410,renamed,3419
11153,8908800,112,3549,renamed,3564
11154,8908800,81,3276,renamed,3281
11155,8908800,107,3353,renamed,3359
11156,8908800,92,3401,renamed,3377
11157,8908800,72,3435,renamed,3413
11158,8908800,60,3277,renamed,3282
11159,8908800,112,3534,renamed,3549
11160,8908800,79,3200,renamed,3203
11161,8908800,111,3432,renamed,3410
11162,8908800,108,3407,renamed,3417
11163,8908800,43,3201,renamed,3205
11164,8918400,66,3435,renamed,3445
11165,8918400,110,3449,renamed,3459
11166,8918400,95,3287,renamed,3292
11167,8920000,112,3521,renamed,3534
11168,8920000,111,3424,renamed,3432
11169,8920000,85,3185,renamed,3187
11170,8920000,68,3394,renamed,3401
11171,8920000,109,3298,renamed,3302
11172,8920000,60,3273,renamed,3277
11173,8920000,108,3400,renamed,3407
11174,8928000,73,3348,renamed,3353
11175,8928000,104,3230,renamed,3233
11176,8928000,111,3417,renamed,3424
11177,8928000,112,3542,renamed,3521
11178,8928000,98,3294,renamed,3266
11179,8928000,109,3325,renamed,3298
11180,8928000,66,3426,renamed,3435
11181,8928000,110,3439,renamed,3449
11182,8928000,108,3392,renamed,3400
11183,8937600,107,3347,renamed,3353
11184,8937600,112,3530,renamed,3542
11185,8937600,44,3596,renamed,3579
11186,8937600,111,3409,renamed,3417
11187,8937600,102,3299,renamed,3272
11188,8937600,110,3430,renamed,3439
11189,8940000,66,3418,renamed,3426
11190,8940000,76,3259,renamed,3263
11191,8940000,68,3387,renamed,3394
11192,8940000,46,2970,renamed,2939
11193,8940000,111,3401,renamed,3409
11194,8947200,109,3319,renamed,3325
11195,8947200,110,3421,renamed,3430
11196,8947200,89,3250,renamed,3254
11197,8947200,112,3549,renamed,3530
11198,8947200,44,3611,renamed,3596
11199,8947200,104,3226,renamed,3230
11200,8947200,92,3393,renamed,3401
11201,8947200,108,3384,renamed,3392
11202,8947200,110,3413,renamed,3421
11203,8947200,111,3394,renamed,3401
11204,8947200,107,3341,renamed,3347
11205,8956800,106,3389,renamed,3396
11206,8956800,97,3342,renamed,3347
11207,8956800,112,3568,renamed,3549
11208,8956800,109,3345,renamed,3319
11209,8956800,108,3407,renamed,3384
11210,8956800,107,3334,renamed,3341
11211,8960000,110,3404,renamed,3413
11212,8960000,111,3386,renamed,3394
11213,8960000,112,3553,renamed,3568
11214,8960000,110,3396,renamed,3404
11215,8960000,113,3606,stored,
11216,8960000,105,3194,renamed,3197
11217,8960000,53,3024,renamed,3025
11218,8960000,109,3339,renamed,3345
11219,8966400,106,3413,renamed,3389
11220,8966400,111,3410,renamed,3386
11221,8966400,108,3398,renamed,3407
11222,8966400,113,3589,renamed,3606
11223,8966400,99,3350,renamed,3324
11224,8966400,85,3182,renamed,3185
11225,8966400,44,3624,renamed,3611
11226,8966400,112,3538,renamed,3553
11227,8966400,111,3401,renamed,3410
11228,8966400,67,3350,renamed,3357
11229,8966400,72,3426,renamed,3435
11230,8976000,102,3294,renamed,3299
11231,8976000,96,3323,renamed,3296
11232,8976000,113,3573,renamed,3589
11233,8976000,68,3411,renamed,3387
11234,8980000,111,3392,renamed,3401
11235,8980000,112,3524,renamed,3538
11236,8980000,110,3388,renamed,3396
11237,8980000,71,3349,renamed,3355
11238,8980000,80,3256,renamed,3228
11239,8985600,97,3336,renamed,3342
11240,8985600,109,3364,renamed,3339
11241,8985600,68,3432,renamed,3411
11242,8985600,113,3556,renamed,3573
11243,8985600,64,3298,renamed,3272
11244,8985600,110,3409,renamed,3388
11245,8985600,108,3387,renamed,3398
11246,8985600,112,3508,renamed,3524
11247,8985600,111,3382,renamed,3392
11248,8985600,92,3384,renamed,3393
11249,8995200,109,3356,renamed,3364
11250,8995200,68,3453,renamed,3432
11251,8995200,113,3540,renamed,3556
11252,8995200,107,3358,renamed,3334
11253,8995200,74,3378,renamed,3355
11254,8995200,76,3284,renamed,3259
11255,9000000,105,3220,renamed,3194
11256,9000000,71,3369,renamed,3349
11257,9000000,113,3520,renamed,3540
11258,9000000,60,3265,renamed,3273
11259,9000000,109,3345,renamed,3356
11260,9000000,94,3264,renamed,3239
11261,9000000,97,3325,renamed,3336
11262,9004800,112,3491,renamed,3508
11263,9004800,108,3376,renamed,3387
11264,9004800,82,3406,renamed,3386
11265,9004800,111,3370,renamed,3382
11266,9004800,61,3212,renamed,3218
11267,9004800,110,3428,renamed,3409
11268,9004800,113,3502,renamed,3520
11269,9004800,111,3360,renamed,3370
11270,9004800,87,3271,renamed,3278
11271,9004800,109,3367,renamed,3345
11272,9004800,72,3413,renamed,3426
11273,9004800,101,3317,renamed,3325
11274,9014400,112,3476,renamed,3491
11275,9014400,108,3367,renamed,3376
11276,9014400,79,3196,renamed,3200
11277,9014400,68,3441,renamed,3453
11278,9014400,112,3464,renamed,3476
11279,9014400,111,3352,renamed,3360
11280,9014400,64,3292,renamed,3298
11281,9020000,113,3520,renamed,3502
11282,9020000,100,3207,renamed,3211
11283,9020000,111,3345,renamed,3352
11284,9024000,58,2995,renamed,2996
11285,9024000,113,3507,renamed,3520
11286,9024000,112,3484,renamed,3464
11287,9024000,95,3313,renamed,3287
11288,9024000,107,3350,renamed,3358
11289,9024000,79,3224,renamed,3196
11290,9024000,87,3265,renamed,3271
11291,9024000,111,3337,renamed,3345
11292,9024000,110,3417,renamed,3428
11293,9024000,113,3493,renamed,3507
11294,9024000,81,3271,renamed,3276
11295,9033600,112,3502,renamed,3484
11296,9033600,109,3359,renamed,3367
11297,9033600,111,3330,renamed,3337
11298,9033600,113,3480,renamed,3493
11299,9033600,42,3143,renamed,3114
11300,9033600,70,3491,renamed,3473
11301,9033600,110,3437,renamed,3417
11302,9033600,74,3368,renamed,3378
11303,9040000,111,3322,renamed,3330
11304,9040000,43,3197,renamed,3201
11305,9040000,112,3488,renamed,3502
11306,9043200,96,3316,renamed,3323
11307,9043200,95,3307,renamed,3313
11308,9043200,110,3427,renamed,3437
11309,9043200,93,3242,renamed,3246
11310,9043200,109,3352,renamed,3359
11311,9043200,83,3409,renamed,3386
11312,9043200,92,3375,renamed,3384
11313,9043200,113,3468,renamed,3480
11314,9043200,66,3409,renamed,3418
11315,9043200,61,3209,renamed,3212
11316,9043200,114,3584,stored,
11317,9043200,101,3311,renamed,3317
11318,9043200,111,3317,renamed,3322
11319,9043200,112,3477,renamed,3488
11320,9052800,108,3392,renamed,3367
11321,9052800,109,3345,renamed,3352
11322,9052800,80,3252,renamed,3256
11323,9052800,113,3458,renamed,3468
11324,9052800,112,3467,renamed,3477
11325,9052800,71,3394,renamed,3369
11326,9052800,114,3569,renamed,3584
11327,9052800,90,3361,renamed,3335
11328,9052800,97,3350,renamed,3325
11329,9052800,113,3447,renamed,3458
11330,9060000,111,3311,renamed,3317
11331,9060000,41,3235,renamed,3239
11332,9062400,110,3418,renamed,3427
11333,9062400,112,3457,renamed,3467
11334,9062400,73,3342,renamed,3348
11335,9062400,76,3280,renamed,3284
11336,9062400,114,3555,renamed,3569
11337,9062400,111,3306,renamed,3311
11338,9062400,81,3299,renamed,3271
11339,9062400,113,3438,renamed,3447
11340,9062400,69,3190,renamed,3161
11341,9062400,112,3447,renamed,3457
11342,9062400,110,3409,renamed,3418
11343,9072000,73,3336,renamed,3342
11344,9072000,68,3432,renamed,3441
11345,9072000,111,3301,renamed,3306
11346,9072000,110,3402,renamed,3409
11347,9072000,114,3573,renamed,3555
11348,9072000,113,3429,renamed,3438
11349,9072000,110,3395,renamed,3402
11350,9072000,109,3340,renamed,3345
11351,9072000,112,3439,renamed,3447
11352,9080000,108,3386,renamed,3392
11353,9080000,111,3297,renamed,3301
11354,9080000,70,3513,renamed,3491
11355,9081600,45,3321,renamed,3326
11356,9081600,67,3376,renamed,3350
11357,9081600,112,3430,renamed,3439
11358,9081600,62,3085,renamed,3086
11359,9081600,91,3261,renamed,3265
11360,9081600,61,3206,renamed,3209
11361,9081600,65,3063,renamed,3064
11362,9081600,113,3421,renamed,3429
11363,9081600,114,3591,renamed,3573
11364,9081600,109,3335,renamed,3340
11365,9081600,110,3388,renamed,3395
11366,9091200,112,3453,renamed,3430
11367,9091200,82,3398,renamed,3406
11368,9091200,71,3387,renamed,3394
11369,9091200,80,3248,renamed,3252
11370,9091200,43,3194,renamed,3197
11371,9091200,111,3324,renamed,3297
11372,9091200,114,3576,renamed,3591
11373,9091200,78,3195,renamed,3198
11374,9091200,57,3261,renamed,3265
11375,9091200,63,3256,renamed,3260
11376,9100000,113,3413,renamed,3421
11377,9100800,112,3445,renamed,3453
11378,9100800,101,3307,renamed,3311
11379,9100800,114,3563,renamed,3576
11380,9100800,82,3392,renamed,3398
11381,9100800,111,3320,renamed,3324
11382,9100800,78,3193,renamed,3195
11383,9100800,88,3199,renamed,3169
11384,9100800,113,3406,renamed,3413
11385,9100800,112,3437,renamed,3445
11386,9100800,110,3382,renamed,3388
11387,9100800,114,3552,renamed,3563
11388,9100800,93,3239,renamed,3242
11389,9100800,112,3431,renamed,3437
11390,9110400,79,3222,renamed,3224
11391,9110400,111,3348,renamed,3320
11392,9110400,80,3277,renamed,3248
11393,9110400,96,3343,renamed,3316
11394,9110400,64,3287,renamed,3292
11395,9110400,113,3398,renamed,3406
11396,9110400,114,3539,renamed,3552
11397,9110400,75,3127,renamed,3129
11398,9110400,109,3330,renamed,3335
11399,9110400,111,3343,renamed,3348
11400,9110400,112,3424,renamed,3431
11401,9120000,108,3380,renamed,3386
11402,9120000,113,3392,renamed,3398
11403,9120000,56,3362,renamed,3335
11404,9120000,92,3369,renamed,3375
11405,9120000,112,3448,renamed,3424
11406,9120000,114,3527,renamed,3539
11407,9120000,79,3219,renamed,3222
11408,9120000,111,3338,renamed,3343
11409,9120000,114,3516,renamed,3527
11410,9120000,64,3283,renamed,3287
11411,9129600,113,3386,renamed,3392
11412,9129600,110,3376,renamed,3382
11413,9129600,112,3441,renamed,3448
11414,9129600,109,3326,renamed,3330
11415,9129600,45,3349,renamed,3321
11416,9129600,61,3204,renamed,3206
11417,9129600,115,3639,stored,
11418,9129600,114,3506,renamed,3516
11419,9129600,44,3640,renamed,3624
11420,9129600,112,3433,renamed,3441
11421,9129600,84,3237,renamed,3240
11422,9129600,72,3406,renamed,3413
11423,9140000,111,3365,renamed,3338
11424,9140000,113,3380,renamed,3386
11425,9140000,114,3496,renamed,3506
11426,9140000,115,3624,renamed,3639
11427,9140000,110,3371,renamed,3376
11428,9140000,77,3237,renamed,3240
11429,9140000,112,3427,renamed,3433
11430,9140000,109,3322,renamed,3326
11431,9140000,84,3235,renamed,3237
11432,9140000,56,3358,renamed,3362
11433,9140000,114,3488,renamed,3496
11434,9140000,115,3612,renamed,3624
11435,9140000,111,3361,renamed,3365
11436,9148800,94,3262,renamed,3264
11437,9148800,115,3601,renamed,3612
11438,9148800,113,3376,renamed,3380
11439,9148800,96,3371,renamed,3343
11440,9148800,97,3346,renamed,3350
11441,9148800,112,3422,renamed,3427
11442,9148800,69,3188,renamed,3190
11443,9148800,115,3590,renamed,3601
11444,9148800,44,3628,renamed,3640
11445,9148800,114,3482,renamed,3488
11446,9148800,106,3440,renamed,3413
11447,9158400,113,3403,renamed,3376
11448,9158400,92,3396,renamed,3369
11449,9160000,81,3295,renamed,3299
11450,9160000,112,3416,renamed,3422
11451,9160000,115,3578,renamed,3590
11452,9160000,64,3280,renamed,3283
11453,9160000,113,3398,renamed,3403
11454,9160000,111,3388,renamed,3361
11455,9160000,86,3182,renamed,3184
11456,9160000,40,2943,renamed,2912
11457,9160000,114,3473,renamed,3482
11458,9160000,67,3370,renamed,3376
11459,9160000,103,3329,renamed,3334
11460,9160000,61,3202,renamed,3204
11461,9168000,106,3433,renamed,3440
11462,9168000,82,3386,renamed,3392
11463,9168000,97,3342,renamed,3346
11464,9168000,114,3465,renamed,3473
11465,9168000,115,3567,renamed,3578
11466,9168000,112,3411,renamed,3416
11467,9168000,114,3458,renamed,3465
11468,9168000,93,3237,renamed,3239
11469,9168000,75,3126,renamed,3127
11470,9168000,111,3384,renamed,3388
11471,9168000,113,3393,renamed,3398
11472,9168000,59,3102,renamed,3103
11473,9168000,44,3647,renamed,3628
11474,9177600,115,3557,renamed,3567
11475,9177600,43,3192,renamed,3194
11476,9180000,108,3376,renamed,3380
11477,9180000,114,3452,renamed,3458
11478,9180000,113,3420,renamed,3393
11479,9180000,115,3547,renamed,3557
11480,9180000,112,3437,renamed,3411
11481,9180000,109,3318,renamed,3322
11482,9180000,101,3304,renamed,3307
11483,9180000,111,3379,renamed,3384
11484,9180000,63,3254,renamed,3256
11485,9180000,115,3537,renamed,3547
11486,9187200,56,3354,renamed,3358
11487,9187200,71,3383,renamed,3387
11488,9187200,114,3446,renamed,3452
11489,9187200,113,3415,renamed,3420
11490,9187200,97,3339,renamed,3342
11491,9187200,112,3432,renamed,3437
11492,9187200,115,3529,renamed,3537
11493,9187200,111,3375,renamed,3379
11494,9187200,114,3441,renamed,3446
11495,9187200,115,3522,renamed,3529
11496,9187200,112,3428,renamed,3432
11497,9187200,113,3442,renamed,3415
11498,9187200,80,3275,renamed,3277
11499,9187200,105,3218,renamed,3220
11500,9196800,65,3062,renamed,3063
11501,9196800,114,3436,renamed,3441
11502,9196800,113,3437,renamed,3442
11503,9196800,115,3515,renamed,3522
11504,9196800,111,3403,renamed,3375
11505,9200000,114,3431,renamed,3436
11506,9200000,112,3423,renamed,3428
11507,9200000,64,3278,renamed,3280
11508,9200000,72,3402,renamed,3406
11509,9200000,110,3368,renamed,3371
11510,9200000,114,3426,renamed,3431
11511,9200000,106,3428,renamed,3433
11512,9200000,62,3116,renamed,3085
11513,9200000,42,3142,renamed,3143
11514,9206400,44,3665,renamed,3647
11515,9206400,115,3507,renamed,3515
11516,9206400,112,3418,renamed,3423
11517,9206400,54,3191,renamed,3193
11518,9206400,116,3713,stored,
11519,9206400,114,3421,renamed,3426
11520,9206400,63,3252,renamed,3254
11521,9206400,113,3432,renamed,3437
11522,9206400,116,3698,renamed,3713
11523,9206400,69,3187,renamed,3188
11524,9206400,103,3326,renamed,3329
11525,9206400,115,3501,renamed,3507
11526,9206400,44,3684,renamed,3665
11527,9206400,116,3684,renamed,3698
11528,9206400,56,3351,renamed,3354
11529,9216000,115,3495,renamed,3501
11530,9216000,112,3414,renamed,3418
11531,9216000,114,3448,renamed,3421
11532,9220000,115,3489,renamed,3495
11533,9220000,113,3427,renamed,3432
11534,9220000,74,3396,renamed,3368
11535,9220000,116,3670,renamed,3684
11536,9220000,106,3423,renamed,3428
11537,9220000,112,3410,renamed,3414
11538,9220000,44,3702,renamed,3684
11539,9220000,115,3482,renamed,3489
11540,9225600,112,3406,renamed,3410
11541,9225600,116,3657,renamed,3670
11542,9225600,93,3235,renamed,3237
11543,9225600,113,3423,renamed,3427
11544,9225600,110,3365,renamed,3368
11545,9225600,66,3405,renamed,3409
11546,9225600,111,3399,renamed,3403
11547,9225600,114,3444,renamed,3448
11548,9225600,116,3646,renamed,3657
11549,9225600,113,3419,renamed,3423
11550,9225600,107,3348,renamed,3350
11551,9225600,115,3477,renamed,3482
11552,9225600,77,3236,renamed,3237
11553,9235200,82,3383,renamed,3386
11554,9235200,44,3721,renamed,3702
11555,9235200,112,3403,renamed,3406
11556,9235200,114,3440,renamed,3444
11557,9235200,76,3278,renamed,3280
11558,9240000,116,3636,renamed,3646
11559,9240000,113,3416,renamed,3419
11560,9240000,70,3539,renamed,3513
11561,9240000,69,3218,renamed,3187
11562,9240000,106,3419,renamed,3423
11563,9244800,109,3315,renamed,3318
11564,9244800,89,3248,renamed,3250
11565,9244800,115,3472,renamed,3477
11566,9244800,87,3263,renamed,3265
11567,9244800,114,3436,renamed,3440
11568,9244800,116,3656,renamed,3636
11569,9244800,100,3206,renamed,3207
11570,9244800,114,3431,renamed,3436
11571,9244800,70,3563,renamed,3539
11572,9244800,112,3430,renamed,3403
11573,9244800,114,3425,renamed,3431
11574,9244800,83,3404,renamed,3409
11575,9244800,115,3465,renamed,3472
11576,9244800,116,3643,renamed,3656
11577,9244800,113,3411,renamed,3416
11578,9254400,111,3395,renamed,3399
11579,9254400,114,3420,renamed,3425
11580,9254400,112,3425,renamed,3430
11581,9254400,110,3362,renamed,3365
11582,9254400,115,3460,renamed,3465
11583,9254400,83,3400,renamed,3404
11584,9254400,99,3347,renamed,3350
11585,9260000,116,3632,renamed,3643
11586,9260000,71,3380,renamed,3383
11587,9260000,66,3402,renamed,3405
11588,9260000,115,3456,renamed,3460
11589,9264000,113,3408,renamed,3411
11590,9264000,114,3417,renamed,3420
11591,9264000,108,3405,renamed,3376
11592,9264000,73,3365,renamed,3336
11593,9264000,115,3451,renamed,3456
11594,9264000,112,3420,renamed,3425
11595,9264000,79,3217,renamed,3219
11596,9264000,116,3621,renamed,3632
11597,9264000,67,3398,renamed,3370
11598,9264000,101,3301,renamed,3304
11599,9273600,114,3412,renamed,3417
11600,9273600,99,3344,renamed,3347
11601,9273600,73,3362,renamed,3365
11602,9273600,115,3446,renamed,3451
11603,9273600,114,3408,renamed,3412
11604,9273600,68,3428,renamed,3432
11605,9273600,72,3430,renamed,3402
11606,9273600,116,3610,renamed,3621
11607,9273600,90,3358,renamed,3361
11608,9273600,113,3404,renamed,3408
11609,9273600,112,3416,renamed,3420
11610,9280000,103,3323,renamed,3326
11611,9280000,114,3404,renamed,3408
11612,9280000,116,3601,renamed,3610
11613,9280000,115,3442,renamed,3446
11614,9283200,111,3392,renamed,3395
11615,9283200,113,3401,renamed,3404
11616,9283200,56,3380,renamed,3351
11617,9283200,114,3400,renamed,3404
11618,9283200,117,3746,stored,
11619,9283200,116,3592,renamed,3601
11620,9283200,115,3438,renamed,3442
11621,9283200,112,3412,renamed,3416
11622,9283200,114,3397,renamed,3400
11623,9283200,91,3259,renamed,3261
11624,9292800,93,3234,renamed,3235
11625,9292800,44,3738,renamed,3721
11626,9292800,113,3397,renamed,3401
11627,9292800,117,3731,renamed,3746
11628,9292800,60,3263,renamed,3265
11629,9292800,116,3584,renamed,3592
11630,9292800,78,3224,renamed,3193
11631,9292800,108,3401,renamed,3405
11632,9292800,113,3393,renamed,3397
11633,9300000,117,3717,renamed,3731
11634,9300000,44,3724,renamed,3738
11635,9300000,115,3434,renamed,3438
11636,9300000,114,3394,renamed,3397
11637,9300000,68,3425,renamed,3428
11638,9302400,116,3577,renamed,3584
11639,9302400,112,3409,renamed,3412
11640,9302400,117,3706,renamed,3717
11641,9302400,113,3391,renamed,3393
11642,9302400,96,3369,renamed,3371
11643,9302400,115,3431,renamed,3434
11644,9302400,114,3392,renamed,3394
11645,9302400,109,3313,renamed,3315
11646,9302400,116,3571,renamed,3577
11647,9302400,56,3409,renamed,3380
11648,9312000,67,3395,renamed,3398
11649,9312000,103,3321,renamed,3323
11650,9312000,117,3695,renamed,3706
11651,9312000,100,3205,renamed,3206
11652,9312000,85,3181,renamed,3182
11653,9312000,115,3428,renamed,3431
11654,9312000,110,3360,renamed,3362
11655,9312000,44,3744,renamed,3724
11656,9312000,107,3346,renamed,3348
11657,9312000,116,3565,renamed,3571
11658,9312000,67,3424,renamed,3395
11659,9320000,112,3406,renamed,3409
11660,9321600,73,3360,renamed,3362
11661,9321600,115,3425,renamed,3428
11662,9321600,113,3388,renamed,3391
11663,9321600,117,3715,renamed,3695
11664,9321600,45,3347,renamed,3349
11665,9321600,114,3389,renamed,3392
11666,9321600,112,3403,renamed,3406
11667,9321600,116,3558,renamed,3565
11668,9321600,101,3299,renamed,3301
11669,9321600,111,3389,renamed,3392
11670,9321600,56,3406,renamed,3409
11671,9331200,94,3261,renamed,3262
11672,9331200,92,3393,renamed,3396
11673,9331200,115,3422,renamed,3425
11674,9331200,117,3704,renamed,3715
11675,9331200,114,3387,renamed,3389
11676,9331200,113,3386,renamed,3388
11677,9331200,116,3584,renamed,3558
11678,9331200,115,3419,renamed,3422
11679,9331200,88,3230,renamed,3199
11680,9331200,107,3344,renamed,3346
11681,9331200,112,3400,renamed,3403
11682,9340000,117,3692,renamed,3704
11683,9340800,90,3387,renamed,3358
11684,9340800,44,3730,renamed,3744
11685,9340800,115,3415,renamed,3419
11686,9340800,116,3576,renamed,3584
11687,9340800,113,3383,renamed,3386
11688,9340800,80,3273,renamed,3275
11689,9340800,114,3384,renamed,3387
11690,9340800,115,3412,renamed,3415
11691,9340800,117,3681,renamed,3692
11692,9340800,64,3277,renamed,3278
11693,9340800,116,3570,renamed,3576
11694,9350400,67,3421,renamed,3424
11695,9350400,113,3381,renamed,3383
11696,9350400,117,3672,renamed,3681
11697,9350400,105,3217,renamed,3218
11698,9350400,64,3308,renamed,3277
11699,9350400,70,3557,renamed,3563
11700,9350400,75,3125,renamed,3126
11701,9350400,54,3190,renamed,3191
11702,9350400,115,3409,renamed,3412
11703,9350400,114,3382,renamed,3384
11704,9350400,115,3406,renamed,3409
11705,9350400,116,3564,renamed,3570
11706,9350400,117,3663,renamed,3672
11707,9350400,44,3750,renamed,3730
11708,9360000,72,3427,renamed,3430
11709,9360000,117,3654,renamed,3663
11710,9360000,113,3379,renamed,3381
11711,9360000,100,3204,renamed,3205
11712,9360000,115,3403,renamed,3406
11713,9360000,116,3559,renamed,3564
11714,9360000,117,3646,renamed,3654
11715,9360000,65,3094,renamed,3062
11716,9360000,114,3411,renamed,3382
11717,9360000,113,3408,renamed,3379
11718,9360000,112,3396,renamed,3400
11719,9360000,118,3759,stored,
11720,9360000,107,3341,renamed,3344
11721,9360000,109,3342,renamed,3313
11722,9369600,45,3344,renamed,3347
11723,9369600,117,3635,renamed,3646
11724,9369600,116,3582,renamed,3559
11725,9369600,118,3742,renamed,3759
11726,9369600,91,3257,renamed,3259
11727,9369600,115,3399,renamed,3403
11728,9369600,114,3407,renamed,3411
11729,9369600,44,3735,renamed,3750
11730,9379200,101,3297,renamed,3299
11731,9380000,113,3405,renamed,3408
11732,9380000,118,3728,renamed,3742
11733,9380000,117,3626,renamed,3635
11734,9380000,66,3399,renamed,3402
11735,9380000,116,3575,renamed,3582
11736,9380000,117,3618,renamed,3626
11737,9380000,115,3396,renamed,3399
11738,9380000,109,3340,renamed,3342
11739,9380000,56,3403,renamed,3406
11740,9380000,114,3404,renamed,3407
11741,9380000,106,3416,renamed,3419
11742,9380000,118,3717,renamed,3728
11743,9388800,57,3260,renamed,3261
11744,9388800,117,3611,renamed,3618
11745,9388800,116,3570,renamed,3575
11746,9388800,115,3394,renamed,3396
11747,9388800,84,3266,renamed,3235
11748,9388800,44,3754,renamed,3735
11749,9388800,18,3135,renamed,3136
11750,9388800,95,3305,renamed,3307
11751,9388800,115,3391,renamed,3394
11752,9388800,83,3397,renamed,3400
11753,9398400,116,3595,renamed,3570
11754,9398400,74,3393,renamed,3396
11755,9398400,118,3705,renamed,3717
11756,9398400,71,3377,renamed,3380
11757,9400000,117,3603,renamed,3611
11758,9400000,118,3725,renamed,3705
11759,9400000,99,3342,renamed,3344
11760,9400000,82,3412,renamed,3383
11761,9400000,116,3587,renamed,3595
11762,9400000,114,3432,renamed,3404
11763,9400000,117,3594,renamed,3603
11764,9400000,115,3388,renamed,3391
11765,9400000,89,3246,renamed,3248
11766,9400000,72,3454,renamed,3427
11767,9408000,60,3261,renamed,3263
11768,9408000,118,3741,renamed,3725
11769,9408000,83,3393,renamed,3397
11770,9408000,116,3577,renamed,3587
11771,9408000,117,3584,renamed,3594
11772,9408000,97,3368,renamed,3339
11773,9408000,81,3292,renamed,3295
11774,9408000,115,3384,renamed,3388
11775,9408000,117,3574,renamed,3584
11776,9408000,108,3397,renamed,3401
11777,9417600,116,3568,renamed,3577
11778,9417600,118,3726,renamed,3741
11779,9420000,82,3408,renamed,3412
11780,9420000,56,3431,renamed,3403
11781,9420000,110,3357,renamed,3360
11782,9420000,117,3565,renamed,3574
11783,9420000,115,3381,renamed,3384
11784,9420000,70,3580,renamed,3557
11785,9420000,103,3318,renamed,3321
11786,9420000,117,3587,renamed,3565
11787,9420000,118,3710,renamed,3726
11788,9427200,84,3264,renamed,3266
11789,9427200,115,3377,renamed,3381
11790,9427200,100,3203,renamed,3204
11791,9427200,112,3392,renamed,3396
11792,9427200,67,3417,renamed,3421
11793,9427200,116,3560,renamed,3568
11794,9427200,64,3306,renamed,3308
11795,9427200,96,3366,renamed,3369
11796,9427200,118,3697,renamed,3710
11797,9427200,116,3553,renamed,3560
11798,9427200,111,3386,renamed,3389
11799,9436800,117,3579,renamed,3587
11800,9436800,70,3573,renamed,3580
11801,9436800,114,3429,renamed,3432
11802,9440000,115,3374,renamed,3377
11803,9440000,118,3717,renamed,3697
11804,9440000,85,3180,renamed,3181
11805,9440000,99,3340,renamed,3342
11806,9440000,114,3425,renamed,3429
11807,9440000,54,3189,renamed,3190
11808,9440000,117,3572,renamed,3579
11809,9440000,116,3547,renamed,3553
11810,9440000,115,3372,renamed,3374
11811,9446400,70,3597,renamed,3573
11812,9446400,113,3402,renamed,3405
11813,9446400,117,3565,renamed,3572
11814,9446400,108,3425,renamed,3397
11815,9446400,118,3704,renamed,3717
11816,9446400,114,3421,renamed,3425
11817,9446400,106,3413,renamed,3416
11818,9446400,84,3262,renamed,3264
11819,9446400,119,3782,stored,
11820,9446400,83,3390,renamed,3393
11821,9446400,112,3389,renamed,3392
11822,9446400,117,3558,renamed,3565
11823,9456000,116,3541,renamed,3547
11824,9456000,118,3724,renamed,3704
11825,9456000,115,3369,renamed,3372
11826,9456000,114,3418,renamed,3421
11827,9460000,117,3551,renamed,3558
11828,9460000,71,3374,renamed,3377
11829,9460000,119,3767,renamed,3782
11830,9460000,96,3364,renamed,3366
11831,9460000,44,3772,renamed,3754
11832,9460000,95,3335,renamed,3305
11833,9460000,70,3619,renamed,3597
11834,9460000,118,3710,renamed,3724
11835,9460000,54,3188,renamed,3189
11836,9465600,52,3058,renamed,3059
11837,9465600,117,3544,renamed,3551
11838,9465600,106,3409,renamed,3413
11839,9465600,94,3259,renamed,3261
11840,9465600,119,3752,renamed,3767
11841,9465600,69,3217,renamed,3218
11842,9465600,118,3698,renamed,3710
11843,9465600,112,3386,renamed,3389
11844,9465600,70,3611,renamed,3619
11845,9465600,117,3539,renamed,3544
11846,9465600,42,3173,renamed,3142
11847,9475200,66,3396,renamed,3399
11848,9475200,117,3533,renamed,3539
11849,9475200,119,3739,renamed,3752
11850,9475200,83,3419,renamed,3390
11851,9475200,118,3686,renamed,3698
11852,9475200,95,3364,renamed,3335
11853,9475200,44,3756,renamed,3772
11854,9480000,94,3257,renamed,3259
11855,9480000,106,3406,renamed,3409
11856,9480000,116,3535,renamed,3541
11857,9480000,119,3726,renamed,3739
11858,9480000,66,3393,renamed,3396
11859,9480000,76,3308,renamed,3278
11860,9480000,74,3421,renamed,3393
11861,9484800,103,3316,renamed,3318
11862,9484800,118,3673,renamed,3686
11863,9484800,71,3371,renamed,3374
11864,9484800,70,3602,renamed,3611
11865,9484800,90,3384,renamed,3387
11866,9484800,107,3339,renamed,3341
11867,9484800,44,3772,renamed,3756
11868,9484800,119,3712,renamed,3726
11869,9484800,73,3389,renamed,3360
11870,9484800,83,3415,renamed,3419
11871,9494400,118,3661,renamed,3673
11872,9494400,109,3337,renamed,3340
11873,9494400,117,3527,renamed,3533
11874,9494400,76,3306,renamed,3308
11875,9494400,106,3403,renamed,3406
11876,9494400,84,3260,renamed,3262
11877,9500000,116,3560,renamed,3535
11878,9500000,97,3365,renamed,3368
11879,9500000,118,3650,renamed,3661
11880,9504000,119,3730,renamed,3712
11881,9504000,49,3076,renamed,3077
11882,9504000,44,3756,renamed,3772
11883,9504000,117,3521,renamed,3527
11884,9504000,115,3366,renamed,3369
11885,9504000,116,3553,renamed,3560
11886,9504000,119,3717,renamed,3730
11887,9504000,114,3415,renamed,3418
11888,9504000,113,3399,renamed,3402
11889,9504000,118,3641,renamed,3650
11890,9504000,117,3516,renamed,3521
11891,9504000,115,3364,renamed,3366
11892,9513600,119,3737,renamed,3717
11893,9513600,112,3383,renamed,3386
11894,9513600,89,3245,renamed,3246
11895,9513600,116,3547,renamed,3553
11896,9513600,107,3337,renamed,3339
11897,9513600,82,3405,renamed,3408
11898,9520000,118,3633,renamed,3641
11899,9520000,44,3744,renamed,3756
11900,9520000,92,3391,renamed,3393
11901,9520000,72,3451,renamed,3454
11902,9520000,85,3179,renamed,3180
11903,9520000,119,3726,renamed,3737
11904,9523200,116,3542,renamed,3547
11905,9523200,117,3512,renamed,3516
11906,9523200,112,3381,renamed,3383
11907,9523200,118,3627,renamed,3633
11908,9523200,101,3296,renamed,3297
11909,9523200,56,3429,renamed,3431
11910,9523200,85,3178,renamed,3179
11911,9523200,92,3389,renamed,3391
11912,9523200,115,3362,renamed,3364
11913,9523200,106,3401,renamed,3403
11914,9523200,115,3360,renamed,3362
11915,9523200,119,3717,renamed,3726
11916,9523200,117,3509,renamed,3512
11917,9523200,70,3628,renamed,3602
11918,9532800,116,3538,renamed,3542
11919,9532800,120,3872,stored,
11920,9532800,44,3734,renamed,3744
11921,9532800,118,3621,renamed,3627
11922,9532800,114,3413,renamed,3415
11923,9532800,115,3359,renamed,3360
11924,9532800,120,3858,renamed,3872
11925,9532800,88,3229,renamed,3230
11926,9532800,117,3506,renamed,3509
11927,9532800,67,3415,renamed,3417
11928,9532800,119,3740,renamed,3717
11929,9532800,61,3201,renamed,3202
11930,9542400,70,3653,renamed,3628
11931,9542400,74,3419,renamed,3421
11932,9542400,116,3534,renamed,3538
11933,9542400,119,3730,renamed,3740
11934,9542400,118,3615,renamed,3621
11935,9542400,120,3844,renamed,3858
11936,9542400,114,3411,renamed,3413
11937,9542400,115,3358,renamed,3359
11938,9542400,117,3503,renamed,3506
11939,9542400,112,3380,renamed,3381
11940,9542400,74,3449,renamed,3419
11941,9542400,120,3830,renamed,3844
11942,9542400,119,3721,renamed,3730
11943,9552000,118,3610,renamed,3615
11944,9552000,57,3291,renamed,3260
11945,9552000,88,3228,renamed,3229
11946,9552000,67,3445,renamed,3415
11947,9552000,107,3335,renamed,3337
11948,9552000,60,3260,renamed,3261
11949,9552000,44,3724,renamed,3734
11950,9552000,99,3338,renamed,3340
11951,9552000,74,3478,renamed,3449
11952,9560000,70,3645,renamed,3653
11953,9560000,91,3256,renamed,3257
11954,9561600,120,3815,renamed,3830
11955,9561600,106,3399,renamed,3401
11956,9561600,117,3499,renamed,3503
11957,9561600,119,3712,renamed,3721
11958,9561600,104,3225,renamed,3226
11959,9561600,120,3802,renamed,3815
11960,9561600,118,3605,renamed,3610
11961,9561600,116,3530,renamed,3534
11962,9561600,74,3475,renamed,3478
11963,9571200,119,3704,renamed,3712
11964,9571200,117,3496,renamed,3499
11965,9571200,57,3290,renamed,3291
11966,9571200,83,3413,renamed,3415
11967,9571200,120,3822,renamed,3802
11968,9571200,66,3391,renamed,3393
11969,9571200,56,3459,renamed,3429
11970,9571200,110,3355,renamed,3357
11971,9571200,118,3599,renamed,3605
11972,9571200,107,3334,renamed,3335
11973,9580800,72,3448,renamed,3451
11974,9580800,119,3696,renamed,3704
11975,9580800,45,3343,renamed,3344
11976,9580800,120,3809,renamed,3822
11977,9580800,96,3363,renamed,3364
11978,9580800,118,3626,renamed,3599
11979,9580800,70,3638,renamed,3645
11980,9580800,111,3384,renamed,3386
11981,9580800,74,3472,renamed,3475
11982,9580800,115,3357,renamed,3358
11983,9590400,119,3688,renamed,3696
11984,9590400,116,3527,renamed,3530
11985,9590400,117,3493,renamed,3496
11986,9590400,120,3798,renamed,3809
11987,9590400,68,3455,renamed,3425
11988,9590400,118,3620,renamed,3626
11989,9590400,110,3354,renamed,3355
11990,9590400,114,3409,renamed,3411
11991,9590400,97,3364,renamed,3365
11992,9590400,119,3681,renamed,3688
11993,9590400,120,3787,renamed,3798
11994,9590400,41,3234,renamed,3235
11995,9600000,96,3362,renamed,3363
11996,9600000,109,3336,renamed,3337
11997,9600000,71,3370,renamed,3371
11998,9600000,117,3490,renamed,3493
11999,9600000,120,3808,renamed,3787
12000,9600000,118,3615,renamed,3620
12001,9600000,93,3233,renamed,3234
12002,9600000,112,3379,renamed,3380
12003,9600000,108,3423,renamed,3425
12004,9600000,67,3443,renamed,3445
12005,9600000,71,3369,renamed,3370
12006,9600000,106,3397,renamed,3399
12007,9600000,117,3487,renamed,3490
12008,9609600,44,3716,renamed,3724
12009,9609600,117,3485,renamed,3487
12010,9609600,119,3675,renamed,3681
12011,9609600,70,3633,renamed,3638
12012,9609600,96,3361,renamed,3362
12013,9609600,119,3669,renamed,3675
12014,9609600,83,3412,renamed,3413
12015,9609600,66,3421,renamed,3391
12016,9609600,121,3913,stored,
12017,9609600,120,3828,renamed,3808
12018,9609600,118,3610,renamed,3615
12019,9609600,112,3377,renamed,3379
12020,9609600,117,3482,renamed,3485
12021,9620000,95,3363,renamed,3364
12022,9620000,82,3435,renamed,3405
12023,9620000,44,3707,renamed,3716
12024,9620000,80,3304,renamed,3273
12025,9620000,121,3895,renamed,3913
12026,9620000,76,3305,renamed,3306
12027,9620000,120,3815,renamed,3828
12028,9620000,119,3662,renamed,3669
12029,9620000,67,3441,renamed,3443
12030,9620000,56,3457,renamed,3459
12031,9628800,118,3605,renamed,3610
12032,9628800,64,3337,renamed,3306
12033,9628800,74,3469,renamed,3472
12034,9628800,121,3879,renamed,3895
12035,9628800,90,3382,renamed,3384
12036,9628800,119,3656,renamed,3662
12037,9628800,120,3803,renamed,3815
12038,9628800,70,3628,renamed,3633
12039,9628800,94,3256,renamed,3257
12040,9628800,44,3731,renamed,3707
12041,9638400,64,3368,renamed,3337
12042,9638400,63,3251,renamed,3252
12043,9640000,117,3479,renamed,3482
12044,9640000,120,3790,renamed,3803
12045,9640000,121,3864,renamed,3879
12046,9640000,119,3650,renamed,3656
12047,9640000,118,3631,renamed,3605
12048,9640000,121,3849,renamed,3864
12049,9640000,117,3476,renamed,3479
12050,9640000,111,3382,renamed,3384
12051,9640000,74,3466,renamed,3469
12052,9648000,116,3524,renamed,3527
12053,9648000,119,3644,renamed,3650
12054,9648000,44,3723,renamed,3731
12055,9648000,120,3780,renamed,3790
12056,9648000,93,3232,renamed,3233
12057,9648000,118,3626,renamed,3631
12058,9648000,117,3474,renamed,3476
12059,9648000,121,3837,renamed,3849
12060,9648000,119,3639,renamed,3644
12061,9648000,83,3411,renamed,3412
12062,9648000,74,3464,renamed,3466
12063,9648000,120,3772,renamed,3780
12064,9657600,96,3360,renamed,3361
12065,9657600,116,3522,renamed,3524
12066,9660000,82,3465,renamed,3435
12067,9660000,121,3857,renamed,3837
12068,9660000,118,3621,renamed,3626
12069,9660000,119,3665,renamed,3639
12070,9660000,113,3397,renamed,3399
12071,9660000,60,3291,renamed,3260
12072,9660000,44,3744,renamed,3723
12073,9660000,120,3760,renamed,3772
12074,9660000,88,3227,renamed,3228
12075,9667200,108,3421,renamed,3423
12076,9667200,121,3842,renamed,3857
12077,9667200,119,3658,renamed,3665
12078,9667200,118,3615,renamed,3621
12079,9667200,74,3461,renamed,3464
12080,9667200,70,3622,renamed,3628
12081,9667200,119,3652,renamed,3658
12082,9667200,67,3439,renamed,3441
12083,9667200,120,3751,renamed,3760
12084,9667200,92,3388,renamed,3389
12085,9667200,117,3472,renamed,3474
12086,9667200,44,3736,renamed,3744
12087,9667200,121,3830,renamed,3842
12088,9676800,73,3388,renamed,3389
12089,9680000,120,3743,renamed,3751
12090,9680000,109,3367,renamed,3336
12091,9680000,118,3610,renamed,3615
12092,9680000,76,3304,renamed,3305
12093,9680000,116,3519,renamed,3522
12094,9680000,117,3470,renamed,3472
12095,9680000,119,3647,renamed,3652
12096,9680000,121,3819,renamed,3830
12097,9686400,120,3736,renamed,3743
12098,9686400,64,3367,renamed,3368
12099,9686400,116,3517,renamed,3519
12100,9686400,56,3455,renamed,3457
12101,9686400,118,3606,renamed,3610
12102,9686400,115,3356,renamed,3357
12103,9686400,120,3729,renamed,3736
12104,9686400,121,3810,renamed,3819
12105,9686400,87,3262,renamed,3263
12106,9686400,84,3259,renamed,3260
12107,9686400,66,3420,renamed,3421
12108,9686400,97,3363,renamed,3364
12109,9686400,119,3643,renamed,3647
12110,9686400,118,3603,renamed,3606
12111,9686400,121,3802,renamed,3810
12112,9696000,72,3447,renamed,3448
12113,9696000,122,3998,stored,
12114,9696000,120,3724,renamed,3729
12115,9696000,116,3515,renamed,3517
12116,9696000,121,3795,renamed,3802
12117,9696000,119,3640,renamed,3643
12118,9696000,66,3451,renamed,3420
12119,9696000,117,3468,renamed,3470
12120,9700000,108,3420,renamed,3421
12121,9700000,44,3730,renamed,3736
12122,9700000,118,3631,renamed,3603
12123,9700000,70,3618,renamed,3622
12124,9705600,121,3787,renamed,3795
12125,9705600,120,3718,renamed,3724
12126,9705600,110,3353,renamed,3354
12127,9705600,122,3982,renamed,3998
12128,9705600,119,3637,renamed,3640
12129,9705600,118,3628,renamed,3631
12130,9705600,90,3381,renamed,3382
12131,9705600,122,3968,renamed,3982
12132,9705600,120,3745,renamed,3718
12133,9705600,122,3954,renamed,3968
12134,9705600,117,3467,renamed,3468
12135,9705600,111,3381,renamed,3382
12136,9705600,121,3780,renamed,3787
12137,9715200,74,3460,renamed,3461
12138,9715200,119,3634,renamed,3637
12139,9715200,122,3942,renamed,3954
12140,9715200,64,3366,renamed,3367
12141,9715200,119,3631,renamed,3634
12142,9715200,120,3740,renamed,3745
12143,9715200,118,3625,renamed,3628
12144,9720000,67,3470,renamed,3439
12145,9720000,117,3466,renamed,3467
12146,9720000,121,3774,renamed,3780
12147,9720000,119,3628,renamed,3631
12148,9720000,116,3513,renamed,3515
12149,9720000,118,3622,renamed,3625
12150,9720000,96,3359,renamed,3360
12151,9720000,122,3931,renamed,3942
12152,9724800,70,3616,renamed,3618
12153,9724800,120,3735,renamed,3740
12154,9724800,44,3726,renamed,3730
12155,9724800,112,3376,renamed,3377
12156,9724800,108,3419,renamed,3420
12157,9724800,110,3352,renamed,3353
12158,9724800,70,3614,renamed,3616
12159,9724800,121,3769,renamed,3774
12160,9724800,122,3921,renamed,3931
12161,9734400,119,3626,renamed,3628
12162,9734400,44,3754,renamed,3726
12163,9734400,74,3459,renamed,3460
12164,9734400,120,3731,renamed,3735
12165,9734400,118,3620,renamed,3622
12166,9740000,121,3764,renamed,3769
12167,9740000,119,3624,renamed,3626
12168,9740000,122,3912,renamed,3921
12169,9740000,117,3497,renamed,3466
12170,9740000,120,3727,renamed,3731
12171,9744000,44,3749,renamed,3754
12172,9744000,68,3486,renamed,3455
12173,9744000,121,3758,renamed,3764
12174,9744000,122,3902,renamed,3912
12175,9744000,96,3358,renamed,3359
12176,9744000,82,3464,renamed,3465
12177,9744000,122,3893,renamed,3902
12178,9744000,66,3450,renamed,3451
12179,9744000,72,3478,renamed,3447
12180,9744000,74,3458,renamed,3459
12181,9744000,120,3722,renamed,3727
12182,9744000,85,3210,renamed,3178
12183,9744000,121,3752,renamed,3758
12184,9753600,57,3321,renamed,3290
12185,9753600,118,3616,renamed,3620
12186,9753600,110,3351,renamed,3352
12187,9753600,44,3742,renamed,3749
12188,9753600,122,3882,renamed,3893
12189,9753600,117,3495,renamed,3497
12190,9753600,120,3717,renamed,3722
12191,9753600,113,3396,renamed,3397
12192,9753600,76,3335,renamed,3304
12193,9760000,121,3745,renamed,3752
12194,9760000,119,3620,renamed,3624
12195,9760000,74,3488,renamed,3458
12196,9760000,117,3493,renamed,3495
12197,9763200,120,3711,renamed,3717
12198,9763200,44,3735,renamed,3742
12199,9763200,70,3610,renamed,3614
12200,9763200,122,3871,renamed,3882
12201,9763200,121,3739,renamed,3745
12202,9763200,119,3617,renamed,3620
12203,9763200,81,3291,renamed,3292
12204,9763200,118,3613,renamed,3616
12205,9763200,112,3375,renamed,3376
12206,9763200,44,3760,renamed,3735
12207,9763200,83,3442,renamed,3411
12208,9763200,120,3735,renamed,3711
12209,9763200,123,3915,stored,
12210,9772800,122,3858,renamed,3871
12211,9772800,119,3613,renamed,3617
12212,9772800,121,3731,renamed,3739
12213,9772800,118,3640,renamed,3613
12214,9772800,96,3357,renamed,3358
12215,9772800,116,3510,renamed,3513
12216,9772800,117,3490,renamed,3493
12217,9780000,123,3900,renamed,3915
12218,9780000,44,3783,renamed,3760
12219,9780000,68,3515,renamed,3486
12220,9780000,120,3726,renamed,3735
12221,9780000,121,3722,renamed,3731
12222,9782400,122,3845,renamed,3858
12223,9782400,114,3407,renamed,3409
12224,9782400,103,3315,renamed,3316
12225,9782400,115,3355,renamed,3356
12226,9782400,44,3773,renamed,3783
12227,9782400,119,3609,renamed,3613
12228,9782400,123,3886,renamed,3900
12229,9782400,57,3320,renamed,3321
12230,9782400,107,3333,renamed,3334
12231,9782400,115,3354,renamed,3355
12232,9792000,89,3244,renamed,3245
12233,9792000,70,3606,renamed,3610
12234,9792000,44,3765,renamed,3773
12235,9792000,123,3874,renamed,3886
12236,9792000,112,3374,renamed,3375
12237,9792000,41,3265,renamed,3234
12238,9792000,64,3397,renamed,3366
12239,9792000,88,3226,renamed,3227
12240,9792000,121,3714,renamed,3722
12241,9800000,122,3833,renamed,3845
12242,9800000,117,3488,renamed,3490
12243,9800000,67,3468,renamed,3470
12244,9801600,60,3322,renamed,3291
12245,9801600,74,3485,renamed,3488
12246,9801600,95,3362,renamed,3363
12247,9801600,121,3707,renamed,3714
12248,9801600,120,3718,renamed,3726
12249,9801600,45,3342,renamed,3343
12250,9801600,123,3861,renamed,3874
12251,9801600,121,3701,renamed,3707
12252,9801600,115,3353,renamed,3354
12253,9801600,122,3853,renamed,3833
12254,9801600,120,3711,renamed,3718
12255,9801600,121,3695,renamed,3701
12256,9811200,110,3350,renamed,3351
12257,9811200,123,3880,renamed,3861
12258,9811200,113,3395,renamed,3396
12259,9811200,119,3605,renamed,3609
12260,9811200,122,3841,renamed,3853
12261,9811200,120,3705,renamed,3711
12262,9811200,121,3689,renamed,3695
12263,9811200,87,3261,renamed,3262
12264,9811200,116,3508,renamed,3510
12265,9811200,118,3636,renamed,3640
12266,9811200,117,3486,renamed,3488
12267,9811200,123,3868,renamed,3880
12268,9820000,119,3602,renamed,3605
12269,9820800,109,3398,renamed,3367
12270,9820800,121,3683,renamed,3689
12271,9820800,122,3831,renamed,3841
12272,9820800,57,3319,renamed,3320
12273,9820800,56,3453,renamed,3455
12274,9820800,120,3731,renamed,3705
12275,9820800,121,3677,renamed,3683
12276,9820800,116,3506,renamed,3508
12277,9820800,119,3598,renamed,3602
12278,9820800,118,3663,renamed,3636
12279,9820800,123,3855,renamed,3868
12280,9820800,117,3484,renamed,3486
12281,9820800,121,3671,renamed,3677
12282,9820800,122,3821,renamed,3831
12283,9830400,115,3352,renamed,3353
12284,9830400,120,3724,renamed,3731
12285,9830400,116,3504,renamed,3506
12286,9830400,122,3812,renamed,3821
12287,9830400,92,3387,renamed,3388
12288,9830400,118,3659,renamed,3663
12289,9830400,120,3718,renamed,3724
12290,9830400,71,3368,renamed,3369
12291,9830400,45,3341,renamed,3342
12292,9830400,121,3667,renamed,3671
12293,9830400,123,3846,renamed,3855
12294,9830400,108,3418,renamed,3419
12295,9830400,121,3663,renamed,3667
12296,9840000,112,3373,renamed,3374
12297,9840000,115,3351,renamed,3352
12298,9840000,109,3397,renamed,3398
12299,9840000,123,3837,renamed,3846
12300,9840000,116,3502,renamed,3504
12301,9840000,122,3805,renamed,3812
12302,9840000,117,3514,renamed,3484
12303,9840000,44,3759,renamed,3765
12304,9840000,123,3829,renamed,3837
12305,9840000,121,3659,renamed,3663
12306,9840000,118,3655,renamed,3659
12307,9840000,124,4022,stored,
12308,9840000,120,3713,renamed,3718
12309,9849600,119,3596,renamed,3598
12310,9849600,113,3394,renamed,3395
12311,9849600,121,3656,renamed,3659
12312,9849600,123,3822,renamed,3829
12313,9849600,118,3652,renamed,3655
12314,9849600,122,3799,renamed,3805
12315,9849600,120,3709,renamed,3713
12316,9849600,73,3387,renamed,3388
12317,9849600,80,3336,renamed,3304
12318,9849600,124,4007,renamed,4022
12319,9859200,123,3815,renamed,3822
12320,9859200,121,3653,renamed,3656
12321,9860000,122,3793,renamed,3799
12322,9860000,119,3626,renamed,3596
12323,9860000,118,3649,renamed,3652
12324,9860000,122,3787,renamed,3793
12325,9860000,71,3367,renamed,3368
12326,9860000,97,3394,renamed,3363
12327,9860000,120,3704,renamed,3709
12328,9860000,122,3780,renamed,3787
12329,9860000,124,3992,renamed,4007
12330,9868800,123,3808,renamed,3815
12331,9868800,121,3650,renamed,3653
12332,9868800,119,3623,renamed,3626
12333,9868800,76,3366,renamed,3335
12334,9868800,44,3753,renamed,3759
12335,9868800,70,3635,renamed,3606
12336,9868800,124,3977,renamed,3992
12337,9868800,83,3441,renamed,3442
12338,9868800,117,3512,renamed,3514
12339,9868800,123,3801,renamed,3808
12340,9868800,121,3647,renamed,3650
12341,9868800,120,3700,renamed,3704
12342,9868800,117,3510,renamed,3512
12343,9878400,122,3774,renamed,3780
12344,9878400,119,3620,renamed,3623
12345,9880000,123,3795,renamed,3801
12346,9880000,124,3965,renamed,3977
12347,9880000,67,3467,renamed,3468
12348,9880000,118,3646,renamed,3649
12349,9880000,121,3644,renamed,3647
12350,9880000,68,3514,renamed,3515
12351,9880000,122,3769,renamed,3774
12352,9880000,120,3697,renamed,3700
12353,9888000,116,3533,renamed,3502
12354,9888000,56,3452,renamed,3453
12355,9888000,120,3693,renamed,3697
12356,9888000,124,3953,renamed,3965
12357,9888000,123,3789,renamed,3795
12358,9888000,44,3780,renamed,3753
12359,9897600,120,3689,renamed,3693
12360,9897600,68,3544,renamed,3514
12361,9897600,116,3531,renamed,3533
12362,9897600,99,3369,renamed,3338
12363,9900000,123,3781,renamed,3789
12364,9900000,124,3939,renamed,3953
12365,9900000,82,3494,renamed,3464
12366,9900000,121,3640,renamed,3644
12367,9900000,122,3762,renamed,3769
12368,9900000,120,3684,renamed,3689
12369,9900000,101,3295,renamed,3296
12370,9907200,44,3773,renamed,3780
12371,9907200,119,3617,renamed,3620
12372,9907200,124,3926,renamed,3939
12373,9907200,123,3775,renamed,3781
12374,9907200,122,3756,renamed,3762
12375,9907200,121,3637,renamed,3640
12376,9907200,70,3664,renamed,3635
12377,9907200,119,3614,renamed,3617
12378,9907200,122,3750,renamed,3756
12379,9907200,124,3914,renamed,3926
12380,9907200,120,3680,renamed,3684
12381,9907200,123,3769,renamed,3775
12382,9916800,121,3634,renamed,3637
12383,9916800,118,3643,renamed,3646
12384,9920000,82,3493,renamed,3494
12385,9920000,112,3372,renamed,3373
12386,9920000,119,3612,renamed,3614
12387,9920000,124,3904,renamed,3914
12388,9920000,44,3768,renamed,3773
12389,9920000,123,3764,renamed,3769
12390,9920000,61,3233,renamed,3201
12391,9920000,122,3745,renamed,3750
12392,9920000,121,3631,renamed,3634
12393,9920000,124,3925,renamed,3904
12394,9926400,70,3660,renamed,3664
12395,9926400,120,3676,renamed,3680
12396,9926400,45,3340,renamed,3341
12397,9926400,73,3418,renamed,3387
12398,9926400,117,3508,renamed,3510
12399,9926400,124,3913,renamed,3925
12400,9926400,122,3739,renamed,3745
12401,9926400,123,3758,renamed,3764
12402,9926400,125,4021,stored,
12403,9926400,66,3449,renamed,3450
12404,9936000,118,3640,renamed,3643
12405,9936000,121,3628,renamed,3631
12406,9936000,115,3350,renamed,3351
12407,9936000,82,3523,renamed,3493
12408,9936000,81,3322,renamed,3291
12409,9940000,124,3900,renamed,3913
12410,9940000,122,3733,renamed,3739
12411,9940000,71,3366,renamed,3367
12412,9940000,123,3751,renamed,3758
12413,9940000,125,4005,renamed,4021
12414,9940000,70,3656,renamed,3660
12415,9945600,125,3990,renamed,4005
12416,9945600,83,3472,renamed,3441
12417,9945600,122,3728,renamed,3733
12418,9945600,44,3793,renamed,3768
12419,9945600,124,3888,renamed,3900
12420,9945600,70,3652,renamed,3656
12421,9945600,118,3636,renamed,3640
12422,9945600,121,3625,renamed,3628
12423,9945600,123,3745,renamed,3751
12424,9945600,122,3723,renamed,3728
12425,9945600,125,3976,renamed,3990
12426,9945600,124,3879,renamed,3888
12427,9945600,44,3818,renamed,3793
12428,9945600,123,3740,renamed,3745
12429,9945600,120,3672,renamed,3676
12430,9955200,60,3353,renamed,3322
12431,9955200,70,3648,renamed,3652
12432,9955200,111,3380,renamed,3381
12433,9955200,66,3448,renamed,3449
12434,9960000,125,3962,renamed,3976
12435,9960000,122,3718,renamed,3723
12436,9960000,112,3371,renamed,3372
12437,9960000,72,3508,renamed,3478
12438,9960000,124,3868,renamed,3879
12439,9960000,110,3349,renamed,3350
12440,9964800,122,3713,renamed,3718
12441,9964800,70,3644,renamed,3648
12442,9964800,123,3735,renamed,3740
12443,9964800,111,3379,renamed,3380
12444,9964800,125,3949,renamed,3962
12445,9964800,124,3859,renamed,3868
12446,9964800,99,3368,renamed,3369
12447,9964800,121,3654,renamed,3625
12448,9964800,110,3348,renamed,3349
12449,9964800,122,3708,renamed,3713
12450,9964800,125,3937,renamed,3949
12451,9974400,123,3730,renamed,3735
12452,9974400,44,3811,renamed,3818
12453,9974400,60,3352,renamed,3353
12454,9974400,121,3651,renamed,3654
12455,9974400,73,3417,renamed,3418
12456,9974400,122,3735,renamed,3708
12457,9980000,124,3850,renamed,3859
12458,9980000,125,3926,renamed,3937
12459,9984000,123,3725,renamed,3730
12460,9984000,60,3351,renamed,3352
12461,9984000,66,3447,renamed,3448
12462,9984000,44,3805,renamed,3811
12463,9984000,56,3451,renamed,3452
12464,9984000,124,3843,renamed,3850
12465,9984000,68,3542,renamed,3544
12466,9984000,83,3503,renamed,3472
12467,9984000,67,3466,renamed,3467
12468,9984000,121,3648,renamed,3651
12469,9984000,124,3835,renamed,3843
12470,9984000,123,3721,renamed,3725
12471,9984000,125,3916,renamed,3926
12472,9984000,122,3731,renamed,3735
12473,9993600,124,3828,renamed,3835
12474,9993600,44,3799,renamed,3805
12475,9993600,121,3646,renamed,3648
12476,9993600,111,3378,renamed,3379
12477,9993600,125,3907,renamed,3916
12478,9993600,120,3669,renamed,3672
12479,9993600,123,3718,renamed,3721
12480,10000000,124,3822,renamed,3828
12481,10000000,122,3728,renamed,3731
12482,10000000,70,3642,renamed,3644
