event_index,step,checkpoint_index,elo,event_type,previous_elo
0,100000,0,1259,stored,
1,105600,0,1242,renamed,1259
2,105600,0,1258,renamed,1242
3,105600,0,1273,renamed,1258
4,105600,0,1256,renamed,1273
5,105600,0,1271,renamed,1256
6,105600,0,1284,renamed,1271
7,105600,0,1296,renamed,1284
8,115200,0,1307,renamed,1296
9,115200,0,1317,renamed,1307
10,115200,0,1296,renamed,1317
11,115200,0,1307,renamed,1296
12,115200,0,1317,renamed,1307
13,120000,0,1326,renamed,1317
14,120000,0,1304,renamed,1326
15,120000,0,1283,renamed,1304
16,120000,0,1264,renamed,1283
17,120000,0,1247,renamed,1264
18,120000,0,1232,renamed,1247
19,124800,0,1249,renamed,1232
20,124800,0,1264,renamed,1249
21,124800,0,1247,renamed,1264
22,124800,0,1232,renamed,1247
23,124800,0,1218,renamed,1232
24,124800,0,1206,renamed,1218
25,124800,0,1226,renamed,1206
26,124800,0,1244,renamed,1226
27,124800,0,1260,renamed,1244
28,134400,0,1244,renamed,1260
29,134400,0,1230,renamed,1244
30,134400,0,1217,renamed,1230
31,134400,0,1236,renamed,1217
32,134400,0,1253,renamed,1236
33,134400,0,1238,renamed,1253
34,140000,0,1255,renamed,1238
35,140000,0,1240,renamed,1255
36,140000,0,1226,renamed,1240
37,140000,0,1213,renamed,1226
38,144000,0,1201,renamed,1213
39,144000,0,1190,renamed,1201
40,144000,0,1180,renamed,1190
41,144000,0,1171,renamed,1180
42,144000,0,1194,renamed,1171
43,144000,0,1184,renamed,1194
44,144000,0,1175,renamed,1184
45,144000,0,1167,renamed,1175
46,144000,0,1190,renamed,1167
47,144000,0,1212,renamed,1190
48,144000,0,1232,renamed,1212
49,153600,0,1250,renamed,1232
50,153600,0,1266,renamed,1250
51,153600,0,1280,renamed,1266
52,153600,0,1293,renamed,1280
53,153600,0,1274,renamed,1293
54,153600,0,1257,renamed,1274
55,153600,0,1272,renamed,1257
56,153600,0,1255,renamed,1272
57,160000,0,1270,renamed,1255
58,160000,0,1253,renamed,1270
59,160000,0,1268,renamed,1253
60,163200,0,1282,renamed,1268
61,163200,0,1294,renamed,1282
62,163200,0,1275,renamed,1294
63,163200,0,1257,renamed,1275
64,163200,0,1241,renamed,1257
65,163200,0,1226,renamed,1241
66,163200,0,1213,renamed,1226
67,163200,0,1201,renamed,1213
68,163200,0,1190,renamed,1201
69,163200,0,1211,renamed,1190
70,163200,0,1200,renamed,1211
71,172800,0,1220,renamed,1200
72,172800,0,1208,renamed,1220
73,172800,0,1197,renamed,1208
74,172800,0,1187,renamed,1197
75,172800,0,1209,renamed,1187
76,172800,0,1229,renamed,1209
77,172800,0,1247,renamed,1229
78,172800,0,1263,renamed,1247
79,172800,0,1247,renamed,1263
80,182400,0,1233,renamed,1247
81,182400,0,1250,renamed,1233
82,182400,0,1266,renamed,1250
83,182400,0,1280,renamed,1266
84,182400,0,1293,renamed,1280
85,182400,0,1305,renamed,1293
86,182400,0,1285,renamed,1305
87,182400,0,1297,renamed,1285
88,182400,0,1277,renamed,1297
89,182400,0,1259,renamed,1277
90,182400,0,1243,renamed,1259
91,182400,0,1228,renamed,1243
92,192000,0,1245,renamed,1228
93,192000,0,1261,renamed,1245
94,192000,0,1245,renamed,1261
95,192000,0,1230,renamed,1245
96,192000,0,1247,renamed,1230
97,192000,0,1232,renamed,1247
98,192000,0,1219,renamed,1232
99,192000,0,1237,renamed,1219
100,192000,0,1223,renamed,1237
101,200000,0,1241,renamed,1223
102,200000,0,1227,renamed,1241
103,201600,0,1245,renamed,1227
104,201600,0,1231,renamed,1245
105,201600,0,1218,renamed,1231
106,201600,0,1237,renamed,1218
107,201600,0,1254,renamed,1237
108,201600,0,1239,renamed,1254
109,201600,1,1271,stored,
110,201600,0,1225,renamed,1239
111,201600,0,1212,renamed,1225
112,201600,0,1200,renamed,1212
113,201600,0,1190,renamed,1200
114,201600,0,1211,renamed,1190
115,211200,1,1288,renamed,1271
116,211200,1,1303,renamed,1288
117,211200,1,1286,renamed,1303
118,211200,0,1230,renamed,1211
119,211200,0,1216,renamed,1230
120,211200,0,1204,renamed,1216
121,211200,0,1223,renamed,1204
122,220000,1,1301,renamed,1286
123,220000,1,1314,renamed,1301
124,220800,1,1326,renamed,1314
125,220800,1,1307,renamed,1326
126,220800,1,1289,renamed,1307
127,220800,1,1303,renamed,1289
128,220800,1,1316,renamed,1303
129,220800,0,1239,renamed,1223
130,220800,1,1327,renamed,1316
131,220800,1,1307,renamed,1327
132,220800,1,1288,renamed,1307
133,220800,1,1271,renamed,1288
134,220800,1,1286,renamed,1271
135,220800,0,1255,renamed,1239
136,230400,1,1269,renamed,1286
137,230400,0,1240,renamed,1255
138,230400,1,1284,renamed,1269
139,230400,0,1256,renamed,1240
140,230400,1,1267,renamed,1284
141,230400,0,1271,renamed,1256
142,230400,1,1281,renamed,1267
143,230400,1,1263,renamed,1281
144,240000,1,1247,renamed,1263
145,240000,1,1263,renamed,1247
146,240000,0,1285,renamed,1271
147,240000,1,1246,renamed,1263
148,240000,1,1231,renamed,1246
149,240000,1,1248,renamed,1231
150,240000,1,1264,renamed,1248
151,240000,0,1298,renamed,1285
152,240000,0,1310,renamed,1298
153,240000,1,1277,renamed,1264
154,249600,0,1320,renamed,1310
155,249600,1,1258,renamed,1277
156,249600,0,1330,renamed,1320
157,249600,1,1240,renamed,1258
158,249600,1,1223,renamed,1240
159,249600,1,1238,renamed,1223
160,249600,0,1340,renamed,1330
161,249600,1,1221,renamed,1238
162,249600,1,1206,renamed,1221
163,259200,1,1223,renamed,1206
164,260000,1,1208,renamed,1223
165,260000,0,1351,renamed,1340
166,260000,1,1194,renamed,1208
167,260000,1,1181,renamed,1194
168,260000,1,1200,renamed,1181
169,260000,1,1217,renamed,1200
170,260000,1,1233,renamed,1217
171,260000,1,1247,renamed,1233
172,260000,1,1260,renamed,1247
173,268800,0,1359,renamed,1351
174,268800,1,1241,renamed,1260
175,268800,1,1254,renamed,1241
176,268800,1,1266,renamed,1254
177,268800,0,1366,renamed,1359
178,268800,1,1276,renamed,1266
179,268800,1,1285,renamed,1276
180,268800,0,1372,renamed,1366
181,268800,1,1263,renamed,1285
182,268800,0,1378,renamed,1372
183,278400,1,1242,renamed,1263
184,278400,1,1223,renamed,1242
185,278400,1,1236,renamed,1223
186,280000,0,1385,renamed,1378
187,280000,0,1392,renamed,1385
188,280000,1,1248,renamed,1236
189,280000,1,1259,renamed,1248
190,280000,0,1398,renamed,1392
191,280000,1,1238,renamed,1259
192,280000,1,1219,renamed,1238
193,288000,1,1201,renamed,1219
194,288000,1,1185,renamed,1201
195,288000,0,1406,renamed,1398
196,288000,1,1170,renamed,1185
197,288000,1,1157,renamed,1170
198,288000,1,1145,renamed,1157
199,288000,1,1134,renamed,1145
200,288000,1,1124,renamed,1134
201,288000,0,1385,renamed,1406
202,288000,1,1116,renamed,1124
203,297600,1,1108,renamed,1116
204,297600,1,1132,renamed,1108
205,297600,0,1397,renamed,1385
206,300000,1,1123,renamed,1132
207,300000,1,1146,renamed,1123
208,300000,0,1376,renamed,1397
209,300000,0,1357,renamed,1376
210,300000,1,1168,renamed,1146
211,300000,0,1339,renamed,1357
212,300000,0,1323,renamed,1339
213,307200,1,1159,renamed,1168
214,307200,1,1151,renamed,1159
215,307200,1,1174,renamed,1151
216,307200,0,1308,renamed,1323
217,307200,1,1165,renamed,1174
218,307200,1,1188,renamed,1165
219,307200,0,1324,renamed,1308
220,307200,1,1208,renamed,1188
221,307200,1,1196,renamed,1208
222,307200,1,1216,renamed,1196
223,307200,1,1203,renamed,1216
224,307200,0,1338,renamed,1324
225,316800,1,1221,renamed,1203
226,316800,1,1207,renamed,1221
227,320000,1,1194,renamed,1207
228,320000,1,1213,renamed,1194
229,320000,1,1200,renamed,1213
230,320000,1,1218,renamed,1200
231,320000,1,1204,renamed,1218
232,320000,1,1222,renamed,1204
233,320000,0,1349,renamed,1338
234,320000,1,1238,renamed,1222
235,326400,0,1328,renamed,1349
236,326400,1,1223,renamed,1238
237,326400,1,1240,renamed,1223
238,326400,1,1255,renamed,1240
239,326400,0,1308,renamed,1328
240,326400,1,1269,renamed,1255
241,326400,1,1252,renamed,1269
242,326400,1,1267,renamed,1252
243,326400,0,1289,renamed,1308
244,336000,1,1251,renamed,1267
245,336000,1,1236,renamed,1251
246,336000,1,1253,renamed,1236
247,336000,0,1272,renamed,1289
248,340000,1,1269,renamed,1253
249,340000,1,1253,renamed,1269
250,340000,1,1269,renamed,1253
251,340000,1,1284,renamed,1269
252,340000,1,1267,renamed,1284
253,340000,1,1282,renamed,1267
254,340000,0,1255,renamed,1272
255,345600,1,1296,renamed,1282
256,345600,1,1309,renamed,1296
257,345600,1,1321,renamed,1309
258,345600,1,1301,renamed,1321
259,345600,1,1283,renamed,1301
260,345600,1,1266,renamed,1283
261,345600,0,1240,renamed,1255
262,345600,1,1252,renamed,1266
263,345600,0,1227,renamed,1240
264,355200,1,1270,renamed,1252
265,355200,1,1256,renamed,1270
266,355200,1,1243,renamed,1256
267,355200,1,1231,renamed,1243
268,355200,0,1217,renamed,1227
269,360000,1,1252,renamed,1231
270,360000,1,1240,renamed,1252
271,360000,1,1229,renamed,1240
272,360000,1,1219,renamed,1229
273,360000,2,1369,stored,
274,360000,1,1210,renamed,1219
275,360000,1,1202,renamed,1210
276,360000,1,1194,renamed,1202
277,364800,1,1187,renamed,1194
278,364800,0,1240,renamed,1217
279,364800,0,1231,renamed,1240
280,364800,2,1355,renamed,1369
281,364800,1,1211,renamed,1187
282,364800,2,1341,renamed,1355
283,364800,1,1234,renamed,1211
284,364800,2,1358,renamed,1341
285,364800,2,1373,renamed,1358
286,364800,1,1223,renamed,1234
287,374400,0,1252,renamed,1231
288,374400,2,1386,renamed,1373
289,374400,2,1398,renamed,1386
290,374400,2,1409,renamed,1398
291,374400,2,1419,renamed,1409
292,374400,1,1241,renamed,1223
293,380000,2,1397,renamed,1419
294,380000,2,1407,renamed,1397
295,380000,0,1237,renamed,1252
296,380000,0,1254,renamed,1237
297,384000,2,1386,renamed,1407
298,384000,1,1258,renamed,1241
299,384000,1,1243,renamed,1258
300,384000,1,1260,renamed,1243
301,384000,1,1275,renamed,1260
302,384000,0,1238,renamed,1254
303,384000,1,1290,renamed,1275
304,384000,0,1254,renamed,1238
305,384000,2,1395,renamed,1386
306,384000,2,1403,renamed,1395
307,384000,2,1380,renamed,1403
308,393600,1,1272,renamed,1290
309,393600,2,1359,renamed,1380
310,393600,2,1340,renamed,1359
311,393600,0,1271,renamed,1254
312,393600,2,1353,renamed,1340
313,393600,2,1365,renamed,1353
314,393600,2,1345,renamed,1365
315,400000,1,1257,renamed,1272
316,400000,2,1358,renamed,1345
317,400000,2,1370,renamed,1358
318,400000,2,1381,renamed,1370
319,400000,2,1360,renamed,1381
320,400000,2,1341,renamed,1360
321,403200,0,1287,renamed,1271
322,403200,2,1354,renamed,1341
323,403200,2,1366,renamed,1354
324,403200,2,1377,renamed,1366
325,403200,2,1387,renamed,1377
326,403200,1,1271,renamed,1257
327,403200,1,1253,renamed,1271
328,403200,2,1396,renamed,1387
329,403200,2,1404,renamed,1396
330,403200,0,1299,renamed,1287
331,412800,0,1280,renamed,1299
332,412800,2,1412,renamed,1404
333,412800,2,1419,renamed,1412
334,412800,2,1426,renamed,1419
335,412800,1,1235,renamed,1253
336,412800,1,1219,renamed,1235
337,412800,1,1204,renamed,1219
338,420000,1,1191,renamed,1204
339,422400,1,1179,renamed,1191
340,422400,1,1199,renamed,1179
341,422400,2,1435,renamed,1426
342,422400,0,1264,renamed,1280
343,422400,2,1444,renamed,1435
344,422400,0,1279,renamed,1264
345,422400,2,1452,renamed,1444
346,422400,2,1459,renamed,1452
347,422400,0,1292,renamed,1279
348,422400,1,1185,renamed,1199
349,422400,2,1466,renamed,1459
350,422400,2,1472,renamed,1466
351,422400,2,1447,renamed,1472
352,422400,0,1305,renamed,1292
353,432000,2,1454,renamed,1447
354,432000,1,1171,renamed,1185
355,432000,2,1430,renamed,1454
356,432000,1,1190,renamed,1171
357,432000,1,1208,renamed,1190
358,432000,2,1437,renamed,1430
359,432000,2,1413,renamed,1437
360,432000,2,1421,renamed,1413
361,440000,0,1287,renamed,1305
362,440000,2,1399,renamed,1421
363,441600,1,1196,renamed,1208
364,441600,2,1410,renamed,1399
365,441600,2,1389,renamed,1410
366,441600,2,1401,renamed,1389
367,441600,2,1412,renamed,1401
368,441600,2,1422,renamed,1412
369,441600,0,1271,renamed,1287
370,441600,2,1432,renamed,1422
371,451200,2,1410,renamed,1432
372,451200,1,1185,renamed,1196
373,451200,2,1421,renamed,1410
374,451200,0,1257,renamed,1271
375,451200,2,1432,renamed,1421
376,451200,2,1411,renamed,1432
377,451200,1,1175,renamed,1185
378,451200,2,1423,renamed,1411
379,451200,0,1245,renamed,1257
380,451200,1,1197,renamed,1175
381,451200,1,1187,renamed,1197
382,451200,2,1403,renamed,1423
383,460000,2,1385,renamed,1403
384,460000,0,1265,renamed,1245
385,460800,2,1398,renamed,1385
386,460800,1,1178,renamed,1187
387,460800,2,1411,renamed,1398
388,460800,2,1423,renamed,1411
389,460800,0,1252,renamed,1265
390,460800,2,1403,renamed,1423
391,460800,2,1416,renamed,1403
392,460800,2,1428,renamed,1416
393,460800,2,1439,renamed,1428
394,470400,2,1418,renamed,1439
395,470400,2,1429,renamed,1418
396,470400,2,1439,renamed,1429
397,470400,1,1199,renamed,1178
398,470400,0,1238,renamed,1252
399,470400,0,1256,renamed,1238
400,470400,0,1272,renamed,1256
401,470400,0,1287,renamed,1272
402,470400,2,1447,renamed,1439
403,480000,0,1269,renamed,1287
404,480000,1,1217,renamed,1199
405,480000,2,1423,renamed,1447
406,480000,1,1203,renamed,1217
407,480000,0,1254,renamed,1269
408,480000,2,1433,renamed,1423
409,480000,2,1411,renamed,1433
410,480000,0,1241,renamed,1254
411,480000,2,1422,renamed,1411
412,480000,1,1192,renamed,1203
413,489600,2,1433,renamed,1422
414,489600,2,1412,renamed,1433
415,489600,2,1424,renamed,1412
416,489600,1,1213,renamed,1192
417,489600,2,1434,renamed,1424
418,489600,0,1228,renamed,1241
419,489600,2,1413,renamed,1434
420,489600,1,1202,renamed,1213
421,489600,2,1425,renamed,1413
422,489600,0,1247,renamed,1228
423,489600,2,1435,renamed,1425
424,500000,1,1221,renamed,1202
425,500000,1,1238,renamed,1221
426,500000,0,1232,renamed,1247
427,500000,2,1413,renamed,1435
428,500000,2,1392,renamed,1413
429,500000,2,1373,renamed,1392
430,500000,1,1227,renamed,1238
431,500000,2,1387,renamed,1373
432,500000,2,1400,renamed,1387
433,508800,0,1220,renamed,1232
434,508800,2,1382,renamed,1400
435,508800,0,1210,renamed,1220
436,508800,2,1396,renamed,1382
437,508800,2,1379,renamed,1396
438,508800,1,1217,renamed,1227
439,508800,2,1364,renamed,1379
440,508800,2,1350,renamed,1364
441,508800,2,1337,renamed,1350
442,508800,0,1234,renamed,1210
443,508800,2,1355,renamed,1337
444,518400,0,1255,renamed,1234
445,518400,2,1370,renamed,1355
446,518400,1,1238,renamed,1217
447,520000,2,1353,renamed,1370
448,520000,2,1337,renamed,1353
449,520000,2,1353,renamed,1337
450,520000,0,1243,renamed,1255
451,520000,2,1338,renamed,1353
452,520000,2,1324,renamed,1338
453,520000,1,1259,renamed,1238
454,520000,2,1310,renamed,1324
455,528000,0,1264,renamed,1243
456,528000,2,1327,renamed,1310
457,528000,2,1343,renamed,1327
458,528000,2,1357,renamed,1343
459,528000,2,1339,renamed,1357
460,528000,2,1323,renamed,1339
461,528000,1,1247,renamed,1259
462,528000,0,1283,renamed,1264
463,528000,2,1308,renamed,1323
464,528000,2,1294,renamed,1308
465,537600,0,1271,renamed,1283
466,540000,2,1313,renamed,1294
467,540000,2,1300,renamed,1313
468,540000,2,1318,renamed,1300
469,540000,2,1304,renamed,1318
470,540000,1,1237,renamed,1247
471,540000,0,1260,renamed,1271
472,540000,2,1292,renamed,1304
473,540000,1,1259,renamed,1237
474,540000,2,1280,renamed,1292
475,547200,2,1300,renamed,1280
476,547200,2,1288,renamed,1300
477,547200,2,1308,renamed,1288
478,547200,2,1326,renamed,1308
479,547200,0,1248,renamed,1260
480,547200,0,1237,renamed,1248
481,547200,2,1343,renamed,1326
482,547200,1,1248,renamed,1259
483,547200,1,1238,renamed,1248
484,547200,2,1329,renamed,1343
485,547200,1,1229,renamed,1238
486,547200,1,1221,renamed,1229
487,547200,2,1348,renamed,1329
488,556800,2,1365,renamed,1348
489,556800,0,1227,renamed,1237
490,560000,2,1350,renamed,1365
491,560000,2,1337,renamed,1350
492,560000,3,1406,stored,
493,560000,2,1355,renamed,1337
494,560000,1,1243,renamed,1221
495,560000,2,1340,renamed,1355
496,560000,1,1264,renamed,1243
497,566400,0,1217,renamed,1227
498,566400,2,1356,renamed,1340
499,566400,2,1371,renamed,1356
500,566400,2,1385,renamed,1371
501,566400,3,1418,renamed,1406
502,566400,0,1236,renamed,1217
503,566400,1,1280,renamed,1264
504,566400,2,1395,renamed,1385
505,566400,3,1427,renamed,1418
506,566400,3,1404,renamed,1427
507,566400,3,1414,renamed,1404
508,566400,0,1222,renamed,1236
509,566400,3,1424,renamed,1414
510,576000,2,1405,renamed,1395
511,576000,1,1294,renamed,1280
512,580000,3,1401,renamed,1424
513,580000,1,1308,renamed,1294
514,580000,3,1410,renamed,1401
515,580000,3,1418,renamed,1410
516,580000,0,1238,renamed,1222
517,580000,3,1425,renamed,1418
518,580000,2,1412,renamed,1405
519,585600,0,1251,renamed,1238
520,585600,0,1263,renamed,1251
521,585600,2,1418,renamed,1412
522,585600,1,1317,renamed,1308
523,585600,3,1430,renamed,1425
524,585600,3,1435,renamed,1430
525,585600,3,1440,renamed,1435
526,585600,1,1325,renamed,1317
527,585600,3,1444,renamed,1440
528,595200,0,1272,renamed,1263
529,595200,2,1423,renamed,1418
530,595200,3,1417,renamed,1444
531,595200,3,1391,renamed,1417
532,595200,0,1283,renamed,1272
533,595200,3,1397,renamed,1391
534,595200,1,1333,renamed,1325
535,600000,2,1428,renamed,1423
536,600000,0,1292,renamed,1283
537,600000,0,1300,renamed,1292
538,600000,1,1309,renamed,1333
539,604800,3,1403,renamed,1397
540,604800,3,1377,renamed,1403
541,604800,2,1433,renamed,1428
542,604800,1,1318,renamed,1309
543,604800,0,1278,renamed,1300
544,604800,1,1296,renamed,1318
545,604800,3,1385,renamed,1377
546,604800,0,1289,renamed,1278
547,604800,3,1392,renamed,1385
548,604800,3,1399,renamed,1392
549,604800,3,1405,renamed,1399
550,614400,1,1305,renamed,1296
551,614400,3,1411,renamed,1405
552,614400,2,1438,renamed,1433
553,614400,0,1298,renamed,1289
554,614400,3,1385,renamed,1411
555,614400,3,1391,renamed,1385
556,614400,3,1366,renamed,1391
557,620000,3,1343,renamed,1366
558,620000,2,1444,renamed,1438
559,620000,0,1278,renamed,1298
560,624000,3,1322,renamed,1343
561,624000,1,1286,renamed,1305
562,624000,1,1300,renamed,1286
563,624000,2,1451,renamed,1444
564,624000,0,1291,renamed,1278
565,624000,3,1333,renamed,1322
566,624000,3,1312,renamed,1333
567,624000,3,1293,renamed,1312
568,624000,1,1283,renamed,1300
569,624000,0,1305,renamed,1291
570,624000,3,1276,renamed,1293
571,633600,2,1428,renamed,1451
572,633600,3,1292,renamed,1276
573,633600,3,1276,renamed,1292
574,633600,2,1438,renamed,1428
575,633600,3,1261,renamed,1276
576,633600,3,1278,renamed,1261
577,640000,0,1320,renamed,1305
578,640000,1,1298,renamed,1283
579,640000,3,1292,renamed,1278
580,643200,3,1305,renamed,1292
581,643200,2,1445,renamed,1438
582,643200,3,1286,renamed,1305
583,643200,0,1332,renamed,1320
584,643200,3,1268,renamed,1286
585,643200,3,1252,renamed,1268
586,643200,0,1344,renamed,1332
587,643200,2,1422,renamed,1445
588,643200,0,1326,renamed,1344
589,643200,1,1313,renamed,1298
590,643200,2,1431,renamed,1422
591,643200,3,1237,renamed,1252
592,652800,1,1327,renamed,1313
593,652800,3,1254,renamed,1237
594,652800,0,1338,renamed,1326
595,652800,1,1338,renamed,1327
596,652800,3,1268,renamed,1254
597,652800,0,1348,renamed,1338
598,652800,2,1438,renamed,1431
599,652800,3,1280,renamed,1268
600,652800,1,1347,renamed,1338
601,660000,3,1291,renamed,1280
602,660000,3,1270,renamed,1291
603,662400,1,1355,renamed,1347
604,662400,3,1281,renamed,1270
605,662400,3,1260,renamed,1281
606,662400,2,1444,renamed,1438
607,662400,0,1325,renamed,1348
608,662400,3,1273,renamed,1260
609,662400,3,1284,renamed,1273
610,662400,3,1264,renamed,1284
611,662400,3,1276,renamed,1264
612,662400,1,1332,renamed,1355
613,662400,0,1335,renamed,1325
614,672000,3,1288,renamed,1276
615,672000,2,1419,renamed,1444
616,672000,3,1300,renamed,1288
617,672000,3,1280,renamed,1300
618,672000,0,1345,renamed,1335
619,672000,3,1261,renamed,1280
620,672000,1,1312,renamed,1332
621,672000,3,1245,renamed,1261
622,680000,3,1230,renamed,1245
623,680000,3,1247,renamed,1230
624,681600,2,1428,renamed,1419
625,681600,0,1356,renamed,1345
626,681600,2,1405,renamed,1428
627,681600,3,1263,renamed,1247
628,681600,3,1278,renamed,1263
629,681600,1,1293,renamed,1312
630,681600,1,1307,renamed,1293
631,681600,0,1366,renamed,1356
632,681600,1,1319,renamed,1307
633,681600,3,1291,renamed,1278
634,691200,0,1344,renamed,1366
635,691200,2,1413,renamed,1405
636,691200,3,1272,renamed,1291
637,691200,1,1331,renamed,1319
638,691200,3,1285,renamed,1272
639,691200,2,1420,renamed,1413
640,691200,2,1427,renamed,1420
641,691200,0,1353,renamed,1344
642,691200,1,1340,renamed,1331
643,700800,3,1296,renamed,1285
644,700800,3,1275,renamed,1296
645,700800,0,1361,renamed,1353
646,700800,2,1433,renamed,1427
647,700800,3,1255,renamed,1275
648,700800,3,1268,renamed,1255
649,700800,3,1279,renamed,1268
650,700800,3,1259,renamed,1279
651,700800,2,1439,renamed,1433
652,700800,0,1338,renamed,1361
653,700800,1,1350,renamed,1340
654,700800,3,1272,renamed,1259
655,710400,3,1283,renamed,1272
656,710400,3,1294,renamed,1283
657,710400,3,1304,renamed,1294
658,710400,1,1357,renamed,1350
659,710400,2,1444,renamed,1439
660,710400,3,1312,renamed,1304
661,710400,0,1345,renamed,1338
662,710400,3,1320,renamed,1312
663,720000,3,1327,renamed,1320
664,720000,2,1448,renamed,1444
665,720000,3,1333,renamed,1327
666,720000,3,1339,renamed,1333
667,720000,1,1362,renamed,1357
668,720000,3,1345,renamed,1339
669,720000,0,1319,renamed,1345
670,720000,1,1336,renamed,1362
671,720000,2,1452,renamed,1448
672,720000,0,1296,renamed,1319
673,720000,3,1352,renamed,1345
674,729600,1,1343,renamed,1336
675,729600,3,1328,renamed,1352
676,729600,0,1305,renamed,1296
677,729600,0,1314,renamed,1305
678,729600,3,1336,renamed,1328
679,729600,0,1291,renamed,1314
680,729600,2,1457,renamed,1452
681,729600,3,1313,renamed,1336
682,729600,3,1322,renamed,1313
683,729600,1,1320,renamed,1343
684,729600,1,1299,renamed,1320
685,739200,3,1333,renamed,1322
686,740000,3,1312,renamed,1333
687,740000,1,1311,renamed,1299
688,740000,3,1323,renamed,1312
689,740000,2,1463,renamed,1457
690,740000,3,1333,renamed,1323
691,740000,0,1271,renamed,1291
692,740000,3,1343,renamed,1333
693,740000,0,1283,renamed,1271
694,740000,3,1352,renamed,1343
695,748800,3,1360,renamed,1352
696,748800,2,1468,renamed,1463
697,748800,3,1367,renamed,1360
698,748800,3,1374,renamed,1367
699,748800,1,1289,renamed,1311
700,748800,3,1381,renamed,1374
701,748800,0,1262,renamed,1283
702,748800,0,1243,renamed,1262
703,748800,3,1358,renamed,1381
704,748800,2,1474,renamed,1468
705,748800,3,1367,renamed,1358
706,748800,3,1376,renamed,1367
707,758400,1,1270,renamed,1289
708,758400,0,1257,renamed,1243
709,758400,3,1384,renamed,1376
710,760000,2,1479,renamed,1474
711,760000,3,1392,renamed,1384
712,760000,3,1399,renamed,1392
713,760000,0,1238,renamed,1257
714,760000,3,1375,renamed,1399
715,760000,2,1485,renamed,1479
716,760000,1,1283,renamed,1270
717,760000,3,1383,renamed,1375
718,768000,1,1294,renamed,1283
719,768000,3,1390,renamed,1383
720,768000,3,1397,renamed,1390
721,768000,3,1372,renamed,1397
722,768000,2,1459,renamed,1485
723,768000,2,1465,renamed,1459
724,768000,0,1252,renamed,1238
725,768000,3,1380,renamed,1372
726,768000,1,1305,renamed,1294
727,768000,0,1233,renamed,1252
728,777600,3,1388,renamed,1380
729,777600,0,1246,renamed,1233
730,777600,0,1227,renamed,1246
731,777600,0,1241,renamed,1227
732,780000,2,1470,renamed,1465
733,780000,3,1395,renamed,1388
734,780000,3,1402,renamed,1395
735,780000,3,1377,renamed,1402
736,780000,0,1223,renamed,1241
737,780000,1,1285,renamed,1305
738,787200,1,1298,renamed,1285
739,787200,3,1386,renamed,1377
740,787200,2,1444,renamed,1470
741,787200,0,1208,renamed,1223
742,787200,0,1194,renamed,1208
743,787200,3,1396,renamed,1386
744,787200,1,1311,renamed,1298
745,787200,3,1405,renamed,1396
746,787200,2,1451,renamed,1444
747,787200,3,1413,renamed,1405
748,787200,3,1420,renamed,1413
749,796800,2,1457,renamed,1451
750,796800,3,1396,renamed,1420
751,800000,3,1404,renamed,1396
752,800000,0,1210,renamed,1194
753,800000,1,1291,renamed,1311
754,800000,3,1412,renamed,1404
755,800000,0,1195,renamed,1210
756,800000,3,1420,renamed,1412
757,800000,1,1303,renamed,1291
758,800000,2,1463,renamed,1457
759,800000,1,1314,renamed,1303
760,806400,3,1426,renamed,1420
761,806400,3,1432,renamed,1426
762,806400,3,1438,renamed,1432
763,806400,2,1468,renamed,1463
764,806400,3,1412,renamed,1438
765,806400,0,1179,renamed,1195
766,806400,3,1419,renamed,1412
767,806400,3,1426,renamed,1419
768,806400,1,1324,renamed,1314
769,806400,1,1303,renamed,1324
770,816000,0,1195,renamed,1179
771,816000,2,1473,renamed,1468
772,816000,1,1313,renamed,1303
773,816000,0,1209,renamed,1195
774,820000,3,1431,renamed,1426
775,820000,3,1436,renamed,1431
776,820000,3,1441,renamed,1436
777,820000,3,1414,renamed,1441
778,820000,2,1446,renamed,1473
779,825600,0,1223,renamed,1209
780,825600,3,1420,renamed,1414
781,825600,1,1322,renamed,1313
782,825600,3,1426,renamed,1420
783,825600,3,1400,renamed,1426
784,825600,3,1407,renamed,1400
785,825600,3,1413,renamed,1407
786,825600,2,1451,renamed,1446
787,825600,0,1236,renamed,1223
788,835200,0,1248,renamed,1236
789,835200,3,1418,renamed,1413
790,835200,1,1299,renamed,1322
791,835200,3,1424,renamed,1418
792,835200,3,1429,renamed,1424
793,835200,2,1456,renamed,1451
794,835200,3,1403,renamed,1429
795,840000,3,1378,renamed,1403
796,840000,1,1310,renamed,1299
797,840000,0,1260,renamed,1248
798,840000,3,1385,renamed,1378
799,840000,1,1288,renamed,1310
800,844800,2,1461,renamed,1456
801,844800,2,1466,renamed,1461
802,844800,0,1241,renamed,1260
803,844800,3,1393,renamed,1385
804,844800,3,1400,renamed,1393
805,844800,1,1268,renamed,1288
806,844800,3,1407,renamed,1400
807,844800,3,1414,renamed,1407
808,844800,3,1389,renamed,1414
809,844800,0,1255,renamed,1241
810,844800,1,1250,renamed,1268
811,854400,2,1472,renamed,1466
812,854400,2,1478,renamed,1472
813,854400,3,1366,renamed,1389
814,854400,3,1376,renamed,1366
815,854400,1,1264,renamed,1250
816,854400,3,1384,renamed,1376
817,860000,3,1392,renamed,1384
818,860000,1,1245,renamed,1264
819,860000,0,1238,renamed,1255
820,860000,3,1401,renamed,1392
821,864000,3,1409,renamed,1401
822,864000,2,1483,renamed,1478
823,864000,2,1457,renamed,1483
824,864000,1,1260,renamed,1245
825,864000,3,1386,renamed,1409
826,864000,0,1253,renamed,1238
827,864000,3,1364,renamed,1386
828,864000,1,1275,renamed,1260
829,864000,3,1374,renamed,1364
830,873600,3,1383,renamed,1374
831,873600,3,1391,renamed,1383
832,873600,2,1463,renamed,1457
833,873600,3,1399,renamed,1391
834,873600,3,1406,renamed,1399
835,873600,0,1235,renamed,1253
836,873600,1,1287,renamed,1275
837,873600,0,1248,renamed,1235
838,873600,1,1297,renamed,1287
839,880000,3,1412,renamed,1406
840,883200,2,1468,renamed,1463
841,883200,3,1418,renamed,1412
842,883200,0,1228,renamed,1248
843,883200,1,1307,renamed,1297
844,883200,3,1392,renamed,1418
845,883200,3,1399,renamed,1392
846,883200,1,1286,renamed,1307
847,883200,3,1375,renamed,1399
848,883200,2,1474,renamed,1468
849,883200,0,1212,renamed,1228
850,892800,3,1354,renamed,1375
851,892800,1,1300,renamed,1286
852,892800,0,1198,renamed,1212
853,892800,0,1185,renamed,1198
854,892800,2,1450,renamed,1474
855,892800,0,1205,renamed,1185
856,892800,3,1366,renamed,1354
857,900000,1,1314,renamed,1300
858,900000,3,1376,renamed,1366
859,900000,0,1191,renamed,1205
860,902400,3,1355,renamed,1376
861,902400,2,1458,renamed,1450
862,902400,3,1366,renamed,1355
863,902400,3,1377,renamed,1366
864,902400,3,1387,renamed,1377
865,902400,0,1208,renamed,1191
866,902400,1,1325,renamed,1314
867,902400,3,1364,renamed,1387
868,902400,0,1224,renamed,1208
869,902400,3,1373,renamed,1364
870,912000,3,1350,renamed,1373
871,912000,0,1239,renamed,1224
872,912000,2,1433,renamed,1458
873,912000,0,1254,renamed,1239
874,912000,1,1336,renamed,1325
875,912000,3,1359,renamed,1350
876,912000,1,1345,renamed,1336
877,912000,3,1367,renamed,1359
878,912000,1,1353,renamed,1345
879,920000,2,1439,renamed,1433
880,920000,3,1374,renamed,1367
881,921600,3,1350,renamed,1374
882,921600,0,1266,renamed,1254
883,921600,0,1277,renamed,1266
884,921600,3,1358,renamed,1350
885,921600,1,1329,renamed,1353
886,921600,1,1338,renamed,1329
887,921600,3,1366,renamed,1358
888,921600,2,1444,renamed,1439
889,921600,0,1256,renamed,1277
890,921600,1,1316,renamed,1338
891,931200,1,1296,renamed,1316
892,931200,3,1375,renamed,1366
893,931200,3,1383,renamed,1375
894,931200,3,1391,renamed,1383
895,931200,3,1398,renamed,1391
896,931200,0,1237,renamed,1256
897,931200,2,1450,renamed,1444
898,931200,0,1250,renamed,1237
899,931200,3,1374,renamed,1398
900,940800,1,1307,renamed,1296
901,940800,1,1317,renamed,1307
902,940800,3,1382,renamed,1374
903,940800,0,1262,renamed,1250
904,940800,1,1295,renamed,1317
905,940800,0,1274,renamed,1262
906,940800,1,1274,renamed,1295
907,940800,2,1456,renamed,1450
908,940800,2,1461,renamed,1456
909,940800,3,1389,renamed,1382
910,940800,0,1254,renamed,1274
911,950400,0,1267,renamed,1254
912,950400,3,1396,renamed,1389
913,950400,2,1466,renamed,1461
914,950400,1,1285,renamed,1274
915,950400,3,1402,renamed,1396
916,950400,3,1408,renamed,1402
917,950400,3,1382,renamed,1408
918,950400,0,1278,renamed,1267
919,950400,0,1288,renamed,1278
920,950400,1,1294,renamed,1285
921,950400,3,1388,renamed,1382
922,960000,2,1470,renamed,1466
923,960000,3,1394,renamed,1388
924,960000,3,1368,renamed,1394
925,960000,0,1297,renamed,1288
926,960000,1,1272,renamed,1294
927,960000,3,1375,renamed,1368
928,960000,3,1382,renamed,1375
929,960000,1,1282,renamed,1272
930,960000,3,1388,renamed,1382
931,960000,2,1474,renamed,1470
932,969600,3,1363,renamed,1388
933,969600,0,1276,renamed,1297
934,969600,3,1371,renamed,1363
935,969600,0,1287,renamed,1276
936,969600,3,1347,renamed,1371
937,969600,1,1262,renamed,1282
938,969600,3,1356,renamed,1347
939,969600,2,1479,renamed,1474
940,969600,3,1364,renamed,1356
941,979200,0,1298,renamed,1287
942,980000,3,1341,renamed,1364
943,980000,1,1244,renamed,1262
944,980000,0,1310,renamed,1298
945,980000,0,1290,renamed,1310
946,980000,1,1258,renamed,1244
947,980000,3,1351,renamed,1341
948,980000,2,1484,renamed,1479
949,980000,0,1270,renamed,1290
950,980000,3,1360,renamed,1351
951,980000,3,1369,renamed,1360
952,988800,3,1377,renamed,1369
953,988800,1,1270,renamed,1258
954,988800,2,1488,renamed,1484
955,988800,3,1353,renamed,1377
956,988800,1,1282,renamed,1270
957,988800,0,1281,renamed,1270
958,988800,0,1261,renamed,1281
959,988800,3,1361,renamed,1353
960,988800,3,1338,renamed,1361
961,988800,2,1493,renamed,1488
962,988800,1,1263,renamed,1282
963,988800,3,1348,renamed,1338
964,998400,3,1357,renamed,1348
965,1000000,3,1335,renamed,1357
966,1000000,0,1244,renamed,1261
967,1000000,0,1259,renamed,1244
968,1000000,3,1315,renamed,1335
969,1000000,1,1277,renamed,1263
970,1000000,2,1467,renamed,1493
971,1000000,3,1328,renamed,1315
972,1000000,1,1291,renamed,1277
973,1008000,3,1339,renamed,1328
974,1008000,3,1349,renamed,1339
975,1008000,1,1303,renamed,1291
976,1008000,3,1358,renamed,1349
977,1008000,0,1271,renamed,1259
978,1008000,1,1313,renamed,1303
979,1008000,0,1282,renamed,1271
980,1008000,0,1292,renamed,1282
981,1008000,2,1440,renamed,1467
982,1017600,0,1271,renamed,1292
983,1017600,3,1366,renamed,1358
984,1017600,1,1292,renamed,1313
985,1017600,2,1446,renamed,1440
986,1017600,3,1374,renamed,1366
987,1020000,3,1382,renamed,1374
988,1020000,2,1451,renamed,1446
989,1020000,3,1389,renamed,1382
990,1020000,1,1302,renamed,1292
991,1020000,0,1251,renamed,1271
992,1027200,3,1396,renamed,1389
993,1027200,3,1402,renamed,1396
994,1027200,0,1262,renamed,1251
995,1027200,3,1408,renamed,1402
996,1027200,2,1455,renamed,1451
997,1027200,0,1241,renamed,1262
998,1027200,1,1281,renamed,1302
999,1027200,2,1460,renamed,1455
1000,1027200,3,1383,renamed,1408
1001,1027200,3,1391,renamed,1383
1002,1027200,3,1368,renamed,1391
1003,1027200,3,1377,renamed,1368
1004,1027200,3,1385,renamed,1377
1005,1027200,0,1255,renamed,1241
1006,1027200,1,1262,renamed,1281
1007,1036800,2,1466,renamed,1460
1008,1036800,0,1268,renamed,1255
1009,1036800,2,1471,renamed,1466
1010,1036800,0,1280,renamed,1268
1011,1040000,3,1392,renamed,1385
1012,1040000,1,1273,renamed,1262
1013,1040000,0,1259,renamed,1280
1014,1040000,1,1284,renamed,1273
1015,1040000,3,1398,renamed,1392
1016,1040000,3,1404,renamed,1398
1017,1040000,2,1475,renamed,1471
1018,1046400,3,1379,renamed,1404
1019,1046400,3,1386,renamed,1379
1020,1046400,2,1479,renamed,1475
1021,1046400,0,1270,renamed,1259
1022,1046400,3,1392,renamed,1386
1023,1046400,0,1280,renamed,1270
1024,1046400,1,1262,renamed,1284
1025,1046400,3,1398,renamed,1392
1026,1056000,0,1290,renamed,1280
1027,1056000,0,1268,renamed,1290
1028,1056000,2,1483,renamed,1479
1029,1056000,3,1404,renamed,1398
1030,1056000,2,1487,renamed,1483
1031,1056000,3,1410,renamed,1404
1032,1060000,0,1247,renamed,1268
1033,1060000,3,1416,renamed,1410
1034,1060000,1,1242,renamed,1262
1035,1060000,3,1422,renamed,1416
1036,1065600,0,1259,renamed,1247
1037,1065600,2,1460,renamed,1487
1038,1065600,3,1428,renamed,1422
1039,1065600,1,1254,renamed,1242
1040,1065600,3,1434,renamed,1428
1041,1065600,3,1439,renamed,1434
1042,1065600,3,1444,renamed,1439
1043,1065600,3,1417,renamed,1444
1044,1065600,0,1240,renamed,1259
1045,1065600,2,1465,renamed,1460
1046,1065600,1,1236,renamed,1254
1047,1075200,3,1393,renamed,1417
1048,1075200,3,1402,renamed,1393
1049,1075200,3,1379,renamed,1402
1050,1075200,0,1256,renamed,1240
1051,1075200,2,1471,renamed,1465
1052,1075200,0,1270,renamed,1256
1053,1075200,0,1283,renamed,1270
1054,1080000,3,1356,renamed,1379
1055,1080000,1,1251,renamed,1236
1056,1080000,1,1264,renamed,1251
1057,1080000,3,1365,renamed,1356
1058,1084800,1,1276,renamed,1264
1059,1084800,3,1342,renamed,1365
1060,1084800,0,1294,renamed,1283
1061,1084800,2,1476,renamed,1471
1062,1084800,3,1351,renamed,1342
1063,1084800,3,1328,renamed,1351
1064,1084800,0,1274,renamed,1294
1065,1084800,1,1288,renamed,1276
1066,1084800,3,1338,renamed,1328
1067,1084800,3,1347,renamed,1338
1068,1084800,2,1450,renamed,1476
1069,1094400,3,1356,renamed,1347
1070,1094400,3,1365,renamed,1356
1071,1094400,1,1299,renamed,1288
1072,1094400,3,1373,renamed,1365
1073,1094400,0,1254,renamed,1274
1074,1100000,1,1310,renamed,1299
1075,1100000,2,1424,renamed,1450
1076,1100000,3,1381,renamed,1373
1077,1100000,1,1290,renamed,1310
1078,1104000,3,1359,renamed,1381
1079,1104000,3,1369,renamed,1359
1080,1104000,0,1268,renamed,1254
1081,1104000,2,1431,renamed,1424
1082,1104000,2,1438,renamed,1431
1083,1104000,0,1280,renamed,1268
1084,1104000,3,1377,renamed,1369
1085,1104000,1,1300,renamed,1290
1086,1104000,3,1384,renamed,1377
1087,1104000,3,1360,renamed,1384
1088,1113600,2,1413,renamed,1438
1089,1113600,3,1369,renamed,1360
1090,1113600,1,1311,renamed,1300
1091,1113600,0,1261,renamed,1280
1092,1113600,1,1322,renamed,1311
1093,1113600,3,1377,renamed,1369
1094,1113600,2,1389,renamed,1413
1095,1113600,0,1244,renamed,1261
1096,1120000,3,1386,renamed,1377
1097,1120000,2,1398,renamed,1389
1098,1120000,1,1333,renamed,1322
1099,1123200,3,1394,renamed,1386
1100,1123200,3,1370,renamed,1394
1101,1123200,3,1348,renamed,1370
1102,1123200,3,1359,renamed,1348
1103,1123200,0,1259,renamed,1244
1104,1123200,3,1368,renamed,1359
1105,1123200,3,1346,renamed,1368
1106,1123200,1,1313,renamed,1333
1107,1123200,2,1376,renamed,1398
1108,1132800,0,1275,renamed,1259
1109,1132800,2,1386,renamed,1376
1110,1132800,3,1357,renamed,1346
1111,1132800,0,1289,renamed,1275
1112,1132800,3,1336,renamed,1357
1113,1132800,0,1302,renamed,1289
1114,1140000,3,1347,renamed,1336
1115,1140000,1,1324,renamed,1313
1116,1140000,3,1356,renamed,1347
1117,1140000,3,1365,renamed,1356
1118,1142400,2,1393,renamed,1386
1119,1142400,3,1342,renamed,1365
1120,1142400,0,1313,renamed,1302
1121,1142400,3,1351,renamed,1342
1122,1142400,3,1359,renamed,1351
1123,1142400,1,1333,renamed,1324
1124,1142400,3,1336,renamed,1359
1125,1142400,3,1314,renamed,1336
1126,1142400,3,1325,renamed,1314
1127,1142400,2,1401,renamed,1393
1128,1152000,3,1335,renamed,1325
1129,1152000,2,1408,renamed,1401
1130,1152000,0,1292,renamed,1313
1131,1152000,3,1345,renamed,1335
1132,1152000,3,1354,renamed,1345
1133,1152000,1,1342,renamed,1333
1134,1152000,3,1362,renamed,1354
1135,1152000,0,1271,renamed,1292
1136,1152000,3,1339,renamed,1362
1137,1160000,2,1415,renamed,1408
1138,1161600,2,1391,renamed,1415
1139,1161600,1,1352,renamed,1342
1140,1161600,3,1349,renamed,1339
1141,1161600,3,1358,renamed,1349
1142,1161600,3,1367,renamed,1358
1143,1161600,0,1252,renamed,1271
1144,1161600,1,1330,renamed,1352
1145,1161600,3,1376,renamed,1367
1146,1161600,1,1310,renamed,1330
1147,1161600,3,1385,renamed,1376
1148,1161600,0,1266,renamed,1252
1149,1171200,1,1291,renamed,1310
1150,1171200,2,1400,renamed,1391
1151,1171200,1,1304,renamed,1291
1152,1171200,1,1285,renamed,1304
1153,1171200,3,1394,renamed,1385
1154,1171200,2,1408,renamed,1400
1155,1171200,3,1402,renamed,1394
1156,1171200,3,1410,renamed,1402
1157,1171200,3,1386,renamed,1410
1158,1171200,0,1279,renamed,1266
1159,1180000,3,1394,renamed,1386
1160,1180800,1,1297,renamed,1285
1161,1180800,3,1401,renamed,1394
1162,1180800,3,1408,renamed,1401
1163,1180800,3,1383,renamed,1408
1164,1180800,3,1360,renamed,1383
1165,1180800,0,1292,renamed,1279
1166,1180800,3,1369,renamed,1360
1167,1180800,2,1384,renamed,1408
1168,1190400,2,1393,renamed,1384
1169,1190400,3,1378,renamed,1369
1170,1190400,3,1356,renamed,1378
1171,1190400,1,1279,renamed,1297
1172,1190400,0,1275,renamed,1292
1173,1190400,3,1368,renamed,1356
1174,1190400,3,1379,renamed,1368
1175,1190400,3,1389,renamed,1379
1176,1190400,3,1398,renamed,1389
1177,1190400,2,1371,renamed,1393
1178,1190400,0,1289,renamed,1275
1179,1190400,1,1292,renamed,1279
1180,1200000,3,1375,renamed,1398
1181,1200000,0,1272,renamed,1289
1182,1200000,3,1385,renamed,1375
1183,1200000,2,1351,renamed,1371
1184,1200000,0,1287,renamed,1272
1185,1200000,3,1364,renamed,1385
1186,1200000,2,1363,renamed,1351
1187,1200000,1,1306,renamed,1292
1188,1200000,3,1375,renamed,1364
1189,1200000,2,1342,renamed,1363
1190,1209600,3,1386,renamed,1375
1191,1209600,0,1270,renamed,1287
1192,1209600,3,1396,renamed,1386
1193,1209600,3,1406,renamed,1396
1194,1209600,1,1319,renamed,1306
1195,1209600,1,1300,renamed,1319
1196,1209600,3,1384,renamed,1406
1197,1209600,0,1285,renamed,1270
1198,1209600,3,1363,renamed,1384
1199,1209600,3,1375,renamed,1363
1200,1209600,2,1354,renamed,1342
1201,1220000,3,1385,renamed,1375
1202,1220000,2,1365,renamed,1354
1203,1220000,1,1282,renamed,1300
1204,1220000,1,1296,renamed,1282
1205,1220000,0,1298,renamed,1285
1206,1220000,3,1363,renamed,1385
1207,1220000,0,1311,renamed,1298
1208,1220000,2,1344,renamed,1365
1209,1220000,1,1279,renamed,1296
1210,1220000,0,1294,renamed,1311
1211,1228800,3,1375,renamed,1363
1212,1228800,2,1326,renamed,1344
1213,1228800,2,1310,renamed,1326
1214,1228800,0,1310,renamed,1294
1215,1228800,2,1325,renamed,1310
1216,1228800,3,1356,renamed,1375
1217,1228800,3,1338,renamed,1356
1218,1228800,1,1266,renamed,1279
1219,1228800,3,1353,renamed,1338
1220,1238400,3,1367,renamed,1353
1221,1240000,2,1340,renamed,1325
1222,1240000,3,1379,renamed,1367
1223,1240000,0,1324,renamed,1310
1224,1240000,3,1389,renamed,1379
1225,1240000,1,1281,renamed,1266
1226,1240000,0,1336,renamed,1324
1227,1240000,0,1316,renamed,1336
1228,1240000,3,1368,renamed,1389
1229,1248000,2,1352,renamed,1340
1230,1248000,3,1348,renamed,1368
1231,1248000,3,1360,renamed,1348
1232,1248000,3,1371,renamed,1360
1233,1248000,1,1265,renamed,1281
1234,1248000,0,1299,renamed,1316
1235,1248000,2,1365,renamed,1352
1236,1248000,3,1352,renamed,1371
1237,1248000,3,1365,renamed,1352
1238,1248000,3,1377,renamed,1365
1239,1248000,1,1280,renamed,1265
1240,1248000,2,1376,renamed,1365
1241,1257600,0,1281,renamed,1299
1242,1260000,3,1387,renamed,1377
1243,1260000,3,1397,renamed,1387
1244,1260000,3,1375,renamed,1397
1245,1260000,3,1385,renamed,1375
1246,1260000,2,1386,renamed,1376
1247,1260000,1,1263,renamed,1280
1248,1260000,3,1364,renamed,1385
1249,1260000,0,1296,renamed,1281
1250,1260000,3,1375,renamed,1364
1251,1267200,1,1247,renamed,1263
1252,1267200,3,1386,renamed,1375
1253,1267200,3,1396,renamed,1386
1254,1267200,2,1396,renamed,1386
1255,1267200,1,1231,renamed,1247
1256,1267200,3,1375,renamed,1396
1257,1267200,0,1280,renamed,1296
1258,1267200,1,1218,renamed,1231
1259,1267200,1,1237,renamed,1218
1260,1267200,0,1265,renamed,1280
1261,1276800,1,1225,renamed,1237
1262,1276800,3,1357,renamed,1375
1263,1276800,3,1371,renamed,1357
1264,1276800,2,1378,renamed,1396
1265,1280000,1,1245,renamed,1225
1266,1280000,1,1233,renamed,1245
1267,1280000,3,1385,renamed,1371
1268,1280000,1,1252,renamed,1233
1269,1280000,0,1282,renamed,1265
1270,1280000,3,1365,renamed,1385
1271,1280000,0,1298,renamed,1282
1272,1286400,3,1377,renamed,1365
1273,1286400,0,1282,renamed,1298
1274,1286400,2,1389,renamed,1378
1275,1286400,0,1266,renamed,1282
1276,1286400,3,1389,renamed,1377
1277,1286400,3,1369,renamed,1389
1278,1286400,2,1400,renamed,1389
1279,1286400,3,1381,renamed,1369
1280,1286400,1,1268,renamed,1252
1281,1286400,0,1250,renamed,1266
1282,1286400,1,1284,renamed,1268
1283,1296000,0,1266,renamed,1250
1284,1296000,1,1297,renamed,1284
1285,1296000,0,1249,renamed,1266
1286,1296000,2,1409,renamed,1400
1287,1300000,3,1360,renamed,1381
1288,1300000,3,1371,renamed,1360
1289,1300000,3,1381,renamed,1371
1290,1300000,3,1390,renamed,1381
1291,1300000,1,1279,renamed,1297
1292,1305600,2,1387,renamed,1409
1293,1305600,0,1265,renamed,1249
1294,1305600,3,1400,renamed,1390
1295,1305600,1,1293,renamed,1279
1296,1305600,3,1408,renamed,1400
1297,1305600,3,1416,renamed,1408
1298,1305600,3,1423,renamed,1416
1299,1305600,0,1277,renamed,1265
1300,1305600,3,1429,renamed,1423
1301,1305600,2,1394,renamed,1387
1302,1305600,3,1435,renamed,1429
1303,1315200,3,1409,renamed,1435
1304,1315200,1,1304,renamed,1293
1305,1315200,2,1401,renamed,1394
1306,1315200,0,1288,renamed,1277
1307,1315200,0,1298,renamed,1288
1308,1315200,1,1313,renamed,1304
1309,1315200,3,1383,renamed,1409
1310,1320000,3,1390,renamed,1383
1311,1320000,3,1366,renamed,1390
1312,1320000,1,1323,renamed,1313
1313,1320000,2,1377,renamed,1401
1314,1324800,3,1344,renamed,1366
1315,1324800,2,1355,renamed,1377
1316,1324800,3,1355,renamed,1344
1317,1324800,0,1311,renamed,1298
1318,1324800,2,1365,renamed,1355
1319,1324800,1,1334,renamed,1323
1320,1324800,3,1364,renamed,1355
1321,1324800,3,1373,renamed,1364
1322,1324800,3,1350,renamed,1373
1323,1324800,1,1344,renamed,1334
1324,1324800,0,1322,renamed,1311
1325,1334400,2,1373,renamed,1365
1326,1334400,3,1328,renamed,1350
1327,1334400,3,1307,renamed,1328
1328,1334400,1,1324,renamed,1344
1329,1334400,0,1334,renamed,1322
1330,1334400,3,1289,renamed,1307
1331,1334400,3,1272,renamed,1289
1332,1340000,3,1257,renamed,1272
1333,1340000,2,1385,renamed,1373
1334,1344000,3,1274,renamed,1257
1335,1344000,0,1316,renamed,1334
1336,1344000,1,1338,renamed,1324
1337,1344000,3,1289,renamed,1274
1338,1344000,3,1303,renamed,1289
1339,1344000,2,1394,renamed,1385
1340,1344000,3,1315,renamed,1303
1341,1344000,3,1326,renamed,1315
1342,1344000,3,1336,renamed,1326
1343,1344000,1,1347,renamed,1338
1344,1344000,1,1325,renamed,1347
1345,1344000,0,1327,renamed,1316
1346,1344000,1,1335,renamed,1325
1347,1353600,3,1345,renamed,1336
1348,1353600,2,1370,renamed,1394
1349,1353600,3,1354,renamed,1345
1350,1353600,0,1337,renamed,1327
1351,1353600,3,1331,renamed,1354
1352,1360000,0,1347,renamed,1337
1353,1360000,3,1340,renamed,1331
1354,1360000,3,1349,renamed,1340
1355,1360000,1,1313,renamed,1335
1356,1363200,2,1347,renamed,1370
1357,1363200,3,1359,renamed,1349
1358,1363200,3,1368,renamed,1359
1359,1363200,1,1293,renamed,1313
1360,1363200,1,1275,renamed,1293
1361,1363200,3,1347,renamed,1368
1362,1363200,1,1290,renamed,1275
1363,1363200,0,1327,renamed,1347
1364,1363200,2,1328,renamed,1347
1365,1363200,1,1305,renamed,1290
1366,1372800,3,1359,renamed,1347
1367,1372800,3,1370,renamed,1359
1368,1372800,1,1318,renamed,1305
1369,1372800,2,1339,renamed,1328
1370,1372800,3,1379,renamed,1370
1371,1372800,3,1388,renamed,1379
1372,1372800,0,1337,renamed,1327
1373,1380000,2,1318,renamed,1339
1374,1380000,3,1396,renamed,1388
1375,1380000,3,1404,renamed,1396
1376,1380000,3,1411,renamed,1404
1377,1382400,1,1297,renamed,1318
1378,1382400,3,1387,renamed,1411
1379,1382400,1,1309,renamed,1297
1380,1382400,0,1317,renamed,1337
1381,1382400,0,1298,renamed,1317
1382,1382400,3,1397,renamed,1387
1383,1382400,3,1406,renamed,1397
1384,1382400,2,1299,renamed,1318
1385,1382400,2,1313,renamed,1299
1386,1392000,0,1311,renamed,1298
1387,1392000,1,1321,renamed,1309
1388,1392000,1,1332,renamed,1321
1389,1392000,3,1383,renamed,1406
1390,1392000,3,1392,renamed,1383
1391,1392000,3,1370,renamed,1392
1392,1392000,2,1326,renamed,1313
1393,1392000,3,1349,renamed,1370
1394,1392000,0,1324,renamed,1311
1395,1392000,1,1313,renamed,1332
1396,1392000,3,1330,renamed,1349
1397,1392000,3,1343,renamed,1330
1398,1400000,3,1355,renamed,1343
1399,1401600,3,1336,renamed,1355
1400,1401600,2,1339,renamed,1326
1401,1401600,2,1321,renamed,1339
1402,1401600,3,1349,renamed,1336
1403,1401600,0,1307,renamed,1324
1404,1401600,1,1297,renamed,1313
1405,1401600,1,1282,renamed,1297
1406,1401600,0,1293,renamed,1307
1407,1401600,3,1364,renamed,1349
1408,1411200,0,1310,renamed,1293
1409,1411200,1,1268,renamed,1282
1410,1411200,3,1378,renamed,1364
1411,1411200,2,1336,renamed,1321
1412,1411200,0,1325,renamed,1310
1413,1411200,2,1318,renamed,1336
1414,1411200,3,1359,renamed,1378
1415,1411200,3,1342,renamed,1359
1416,1411200,2,1303,renamed,1318
1417,1411200,0,1341,renamed,1325
1418,1420000,1,1286,renamed,1268
1419,1420000,3,1356,renamed,1342
1420,1420800,3,1369,renamed,1356
1421,1420800,2,1318,renamed,1303
1422,1420800,3,1350,renamed,1369
1423,1420800,3,1332,renamed,1350
1424,1420800,3,1346,renamed,1332
1425,1420800,2,1302,renamed,1318
1426,1420800,0,1325,renamed,1341
1427,1420800,1,1303,renamed,1286
1428,1430400,1,1319,renamed,1303
1429,1430400,3,1359,renamed,1346
1430,1430400,1,1333,renamed,1319
1431,1430400,0,1338,renamed,1325
1432,1430400,3,1339,renamed,1359
1433,1430400,1,1346,renamed,1333
1434,1430400,2,1285,renamed,1302
1435,1430400,1,1358,renamed,1346
1436,1430400,3,1320,renamed,1339
1437,1430400,3,1334,renamed,1320
1438,1430400,0,1320,renamed,1338
1439,1440000,3,1347,renamed,1334
1440,1440000,3,1329,renamed,1347
1441,1440000,0,1304,renamed,1320
1442,1440000,2,1302,renamed,1285
1443,1440000,1,1371,renamed,1358
1444,1440000,2,1286,renamed,1302
1445,1440000,0,1289,renamed,1304
1446,1440000,3,1313,renamed,1329
1447,1440000,3,1299,renamed,1313
1448,1440000,3,1286,renamed,1299
1449,1440000,3,1274,renamed,1286
1450,1449600,3,1263,renamed,1274
1451,1449600,1,1387,renamed,1371
1452,1449600,2,1275,renamed,1286
1453,1449600,1,1372,renamed,1387
1454,1449600,3,1284,renamed,1263
1455,1449600,2,1264,renamed,1275
1456,1449600,0,1309,renamed,1289
1457,1449600,3,1303,renamed,1284
1458,1449600,3,1320,renamed,1303
1459,1460000,3,1336,renamed,1320
1460,1460000,1,1354,renamed,1372
1461,1460000,2,1282,renamed,1264
1462,1460000,3,1350,renamed,1336
1463,1460000,1,1367,renamed,1354
1464,1460000,1,1348,renamed,1367
1465,1460000,0,1324,renamed,1309
1466,1460000,3,1332,renamed,1350
1467,1460000,3,1346,renamed,1332
1468,1468800,2,1298,renamed,1282
1469,1468800,0,1337,renamed,1324
1470,1468800,1,1359,renamed,1348
1471,1468800,1,1339,renamed,1359
1472,1468800,1,1351,renamed,1339
1473,1468800,3,1357,renamed,1346
1474,1468800,3,1337,renamed,1357
1475,1468800,3,1349,renamed,1337
1476,1468800,3,1329,renamed,1349
1477,1478400,2,1312,renamed,1298
1478,1478400,0,1318,renamed,1337
1479,1478400,1,1363,renamed,1351
1480,1480000,2,1325,renamed,1312
1481,1480000,1,1343,renamed,1363
1482,1480000,2,1338,renamed,1325
1483,1480000,0,1331,renamed,1318
1484,1480000,2,1349,renamed,1338
1485,1480000,3,1309,renamed,1329
1486,1480000,3,1322,renamed,1309
1487,1480000,3,1334,renamed,1322
1488,1480000,2,1328,renamed,1349
1489,1480000,1,1324,renamed,1343
1490,1488000,0,1343,renamed,1331
1491,1488000,1,1306,renamed,1324
1492,1488000,3,1347,renamed,1334
1493,1488000,3,1358,renamed,1347
1494,1488000,3,1338,renamed,1358
1495,1488000,3,1350,renamed,1338
1496,1488000,3,1361,renamed,1350
1497,1488000,0,1323,renamed,1343
1498,1488000,2,1340,renamed,1328
1499,1497600,1,1319,renamed,1306
1500,1497600,1,1300,renamed,1319
1501,1497600,3,1341,renamed,1361
1502,1497600,3,1353,renamed,1341
1503,1500000,0,1336,renamed,1323
1504,1500000,3,1364,renamed,1353
1505,1500000,2,1351,renamed,1340
1506,1500000,2,1361,renamed,1351
1507,1500000,1,1281,renamed,1300
1508,1500000,2,1371,renamed,1361
1509,1500000,3,1343,renamed,1364
1510,1500000,3,1323,renamed,1343
1511,1507200,0,1318,renamed,1336
1512,1507200,1,1296,renamed,1281
1513,1507200,3,1305,renamed,1323
1514,1507200,1,1311,renamed,1296
1515,1507200,0,1331,renamed,1318
1516,1507200,3,1318,renamed,1305
1517,1507200,3,1330,renamed,1318
1518,1507200,2,1381,renamed,1371
1519,1507200,0,1342,renamed,1331
1520,1507200,3,1310,renamed,1330
1521,1507200,0,1322,renamed,1342
1522,1516800,3,1292,renamed,1310
1523,1520000,1,1294,renamed,1311
1524,1520000,3,1277,renamed,1292
1525,1520000,3,1263,renamed,1277
1526,1520000,3,1250,renamed,1263
1527,1520000,3,1269,renamed,1250
1528,1520000,2,1363,renamed,1381
1529,1520000,3,1288,renamed,1269
1530,1520000,0,1307,renamed,1322
1531,1526400,1,1311,renamed,1294
1532,1526400,1,1327,renamed,1311
1533,1526400,2,1345,renamed,1363
1534,1526400,3,1305,renamed,1288
1535,1526400,3,1320,renamed,1305
1536,1526400,3,1334,renamed,1320
1537,1526400,0,1290,renamed,1307
1538,1526400,3,1317,renamed,1334
1539,1526400,3,1332,renamed,1317
1540,1526400,0,1305,renamed,1290
1541,1536000,3,1314,renamed,1332
1542,1536000,1,1341,renamed,1327
1543,1536000,2,1357,renamed,1345
1544,1540000,2,1368,renamed,1357
1545,1540000,3,1296,renamed,1314
1546,1540000,0,1288,renamed,1305
1547,1540000,3,1311,renamed,1296
1548,1540000,3,1294,renamed,1311
1549,1540000,1,1354,renamed,1341
1550,1540000,0,1303,renamed,1288
1551,1540000,2,1379,renamed,1368
1552,1545600,3,1277,renamed,1294
1553,1545600,1,1335,renamed,1354
1554,1545600,0,1287,renamed,1303
1555,1545600,1,1318,renamed,1335
1556,1545600,2,1361,renamed,1379
1557,1545600,3,1265,renamed,1277
1558,1545600,3,1284,renamed,1265
1559,1545600,2,1345,renamed,1361
1560,1545600,3,1302,renamed,1284
1561,1555200,0,1274,renamed,1287
1562,1555200,1,1335,renamed,1318
1563,1555200,3,1288,renamed,1302
1564,1555200,0,1292,renamed,1274
1565,1555200,3,1274,renamed,1288
1566,1560000,3,1262,renamed,1274
1567,1560000,2,1330,renamed,1345
1568,1560000,2,1347,renamed,1330
1569,1560000,1,1321,renamed,1335
1570,1560000,3,1251,renamed,1262
1571,1560000,2,1333,renamed,1347
1572,1560000,0,1281,renamed,1292
1573,1564800,3,1273,renamed,1251
1574,1564800,1,1308,renamed,1321
1575,1564800,3,1263,renamed,1273
1576,1564800,1,1328,renamed,1308
1577,1564800,3,1284,renamed,1263
1578,1564800,2,1319,renamed,1333
1579,1564800,0,1270,renamed,1281
1580,1564800,1,1346,renamed,1328
1581,1564800,3,1272,renamed,1284
1582,1574400,0,1290,renamed,1270
1583,1574400,0,1278,renamed,1290
1584,1574400,3,1261,renamed,1272
1585,1574400,3,1251,renamed,1261
1586,1574400,1,1333,renamed,1346
1587,1574400,3,1242,renamed,1251
1588,1574400,3,1234,renamed,1242
1589,1574400,2,1339,renamed,1319
1590,1580000,0,1299,renamed,1278
1591,1580000,1,1351,renamed,1333
1592,1580000,3,1224,renamed,1234
1593,1580000,0,1287,renamed,1299
1594,1580000,2,1326,renamed,1339
1595,1580000,3,1247,renamed,1224
1596,1580000,3,1237,renamed,1247
1597,1580000,4,1393,stored,
1598,1584000,0,1276,renamed,1287
1599,1584000,3,1259,renamed,1237
1600,1584000,2,1313,renamed,1326
1601,1584000,1,1338,renamed,1351
1602,1584000,3,1250,renamed,1259
1603,1584000,4,1409,renamed,1393
1604,1584000,3,1241,renamed,1250
1605,1584000,3,1232,renamed,1241
1606,1584000,1,1326,renamed,1338
1607,1593600,4,1395,renamed,1409
1608,1593600,0,1268,renamed,1276
1609,1593600,2,1334,renamed,1313
1610,1593600,2,1323,renamed,1334
1611,1593600,4,1382,renamed,1395
1612,1593600,1,1347,renamed,1326
1613,1593600,3,1256,renamed,1232
1614,1593600,4,1368,renamed,1382
1615,1600000,4,1355,renamed,1368
1616,1600000,4,1343,renamed,1355
1617,1600000,0,1260,renamed,1268
1618,1603200,4,1333,renamed,1343
1619,1603200,2,1345,renamed,1323
1620,1603200,2,1365,renamed,1345
1621,1603200,3,1248,renamed,1256
1622,1603200,1,1336,renamed,1347
1623,1603200,1,1326,renamed,1336
1624,1603200,4,1323,renamed,1333
1625,1603200,4,1314,renamed,1323
1626,1603200,0,1253,renamed,1260
1627,1603200,4,1306,renamed,1314
1628,1603200,4,1298,renamed,1306
1629,1603200,1,1318,renamed,1326
1630,1612800,2,1356,renamed,1365
1631,1612800,3,1243,renamed,1248
1632,1612800,4,1292,renamed,1298
1633,1612800,4,1286,renamed,1292
1634,1612800,2,1348,renamed,1356
1635,1612800,4,1312,renamed,1286
1636,1612800,4,1305,renamed,1312
1637,1612800,0,1248,renamed,1253
1638,1612800,4,1299,renamed,1305
1639,1612800,3,1238,renamed,1243
1640,1620000,4,1293,renamed,1299
1641,1620000,1,1312,renamed,1318
1642,1620000,1,1306,renamed,1312
1643,1622400,4,1319,renamed,1293
1644,1622400,1,1300,renamed,1306
1645,1622400,4,1312,renamed,1319
1646,1622400,2,1341,renamed,1348
1647,1622400,3,1234,renamed,1238
1648,1622400,3,1230,renamed,1234
1649,1622400,2,1366,renamed,1341
1650,1622400,4,1306,renamed,1312
1651,1622400,4,1331,renamed,1306
1652,1622400,0,1243,renamed,1248
1653,1622400,4,1355,renamed,1331
1654,1622400,3,1225,renamed,1230
1655,1622400,1,1293,renamed,1300
1656,1622400,4,1346,renamed,1355
1657,1632000,0,1238,renamed,1243
1658,1632000,2,1358,renamed,1366
1659,1632000,1,1287,renamed,1293
1660,1632000,4,1339,renamed,1346
1661,1632000,2,1381,renamed,1358
1662,1632000,3,1252,renamed,1225
1663,1632000,4,1330,renamed,1339
1664,1640000,4,1322,renamed,1330
1665,1640000,2,1372,renamed,1381
1666,1640000,2,1394,renamed,1372
1667,1640000,0,1264,renamed,1238
1668,1640000,2,1382,renamed,1394
1669,1641600,4,1314,renamed,1322
1670,1641600,4,1337,renamed,1314
1671,1641600,1,1279,renamed,1287
1672,1641600,4,1328,renamed,1337
1673,1641600,0,1258,renamed,1264
1674,1641600,1,1303,renamed,1279
1675,1641600,4,1319,renamed,1328
1676,1641600,4,1310,renamed,1319
1677,1641600,3,1277,renamed,1252
1678,1641600,2,1401,renamed,1382
1679,1641600,4,1301,renamed,1310
1680,1641600,4,1292,renamed,1301
1681,1641600,0,1251,renamed,1258
1682,1641600,4,1284,renamed,1292
1683,1641600,2,1389,renamed,1401
1684,1651200,3,1270,renamed,1277
1685,1651200,3,1264,renamed,1270
1686,1651200,3,1258,renamed,1264
1687,1651200,4,1278,renamed,1284
1688,1651200,1,1296,renamed,1303
1689,1651200,0,1246,renamed,1251
1690,1651200,0,1241,renamed,1246
1691,1651200,3,1284,renamed,1258
1692,1651200,2,1410,renamed,1389
1693,1651200,4,1271,renamed,1278
1694,1651200,1,1289,renamed,1296
1695,1651200,0,1236,renamed,1241
1696,1651200,4,1296,renamed,1271
1697,1660800,2,1398,renamed,1410
1698,1660800,5,1502,stored,
1699,1660800,4,1320,renamed,1296
1700,1660800,0,1230,renamed,1236
1701,1660800,3,1307,renamed,1284
1702,1660800,3,1298,renamed,1307
1703,1660800,2,1416,renamed,1398
1704,1660800,1,1280,renamed,1289
1705,1660800,1,1303,renamed,1280
1706,1660800,5,1484,renamed,1502
1707,1660800,4,1310,renamed,1320
1708,1660800,3,1320,renamed,1298
1709,1670400,5,1467,renamed,1484
1710,1670400,5,1482,renamed,1467
1711,1670400,1,1294,renamed,1303
1712,1670400,0,1223,renamed,1230
1713,1670400,4,1301,renamed,1310
1714,1670400,0,1248,renamed,1223
1715,1670400,2,1433,renamed,1416
1716,1670400,1,1284,renamed,1294
1717,1670400,5,1465,renamed,1482
1718,1670400,3,1310,renamed,1320
1719,1670400,0,1241,renamed,1248
1720,1670400,4,1293,renamed,1301
1721,1670400,2,1420,renamed,1433
1722,1670400,5,1482,renamed,1465
1723,1670400,5,1497,renamed,1482
1724,1680000,5,1480,renamed,1497
1725,1680000,1,1276,renamed,1284
1726,1680000,2,1408,renamed,1420
1727,1680000,4,1286,renamed,1293
1728,1680000,0,1235,renamed,1241
1729,1680000,5,1497,renamed,1480
1730,1680000,5,1512,renamed,1497
1731,1680000,3,1302,renamed,1310
1732,1680000,5,1496,renamed,1512
1733,1680000,5,1481,renamed,1496
1734,1680000,0,1230,renamed,1235
1735,1689600,1,1301,renamed,1276
1736,1689600,0,1225,renamed,1230
1737,1689600,3,1295,renamed,1302
1738,1689600,2,1428,renamed,1408
1739,1689600,4,1310,renamed,1286
1740,1689600,5,1465,renamed,1481
1741,1689600,5,1481,renamed,1465
1742,1689600,5,1465,renamed,1481
1743,1689600,3,1318,renamed,1295
1744,1689600,1,1292,renamed,1301
1745,1689600,0,1219,renamed,1225
1746,1689600,5,1450,renamed,1465
1747,1689600,5,1467,renamed,1450
1748,1689600,1,1284,renamed,1292
1749,1700000,4,1302,renamed,1310
1750,1700000,4,1294,renamed,1302
1751,1700000,2,1416,renamed,1428
1752,1700000,3,1341,renamed,1318
1753,1700000,0,1214,renamed,1219
1754,1700000,2,1404,renamed,1416
1755,1700000,1,1277,renamed,1284
1756,1700000,5,1484,renamed,1467
1757,1700000,4,1318,renamed,1294
1758,1700000,5,1468,renamed,1484
1759,1700000,1,1301,renamed,1277
1760,1708800,0,1208,renamed,1214
1761,1708800,1,1293,renamed,1301
1762,1708800,3,1331,renamed,1341
1763,1708800,2,1392,renamed,1404
1764,1708800,5,1485,renamed,1468
1765,1708800,3,1322,renamed,1331
1766,1708800,4,1310,renamed,1318
1767,1708800,4,1333,renamed,1310
1768,1708800,0,1203,renamed,1208
1769,1708800,3,1344,renamed,1322
1770,1708800,1,1284,renamed,1293
1771,1708800,5,1469,renamed,1485
1772,1708800,5,1454,renamed,1469
1773,1708800,5,1441,renamed,1454
1774,1708800,4,1356,renamed,1333
1775,1718400,2,1381,renamed,1392
1776,1718400,5,1459,renamed,1441
1777,1718400,0,1198,renamed,1203
1778,1720000,5,1445,renamed,1459
1779,1720000,4,1347,renamed,1356
1780,1720000,5,1463,renamed,1445
1781,1720000,3,1366,renamed,1344
1782,1720000,3,1355,renamed,1366
1783,1720000,0,1193,renamed,1198
1784,1720000,1,1277,renamed,1284
1785,1720000,5,1449,renamed,1463
1786,1720000,4,1338,renamed,1347
1787,1720000,4,1330,renamed,1338
1788,1728000,2,1372,renamed,1381
1789,1728000,4,1323,renamed,1330
1790,1728000,1,1272,renamed,1277
1791,1728000,5,1438,renamed,1449
1792,1728000,4,1317,renamed,1323
1793,1728000,0,1190,renamed,1193
1794,1728000,5,1428,renamed,1438
1795,1728000,2,1365,renamed,1372
1796,1728000,3,1349,renamed,1355
1797,1728000,4,1343,renamed,1317
1798,1728000,2,1358,renamed,1365
1799,1728000,6,1579,stored,
1800,1728000,0,1187,renamed,1190
1801,1728000,3,1343,renamed,1349
1802,1728000,1,1268,renamed,1272
1803,1728000,5,1419,renamed,1428
1804,1737600,6,1565,renamed,1579
1805,1737600,5,1412,renamed,1419
1806,1737600,4,1338,renamed,1343
1807,1737600,5,1405,renamed,1412
1808,1740000,0,1185,renamed,1187
1809,1740000,4,1333,renamed,1338
1810,1740000,6,1553,renamed,1565
1811,1740000,5,1430,renamed,1405
1812,1740000,1,1265,renamed,1268
1813,1740000,2,1353,renamed,1358
1814,1740000,4,1360,renamed,1333
1815,1740000,3,1338,renamed,1343
1816,1740000,0,1183,renamed,1185
1817,1747200,6,1571,renamed,1553
1818,1747200,5,1453,renamed,1430
1819,1747200,4,1353,renamed,1360
1820,1747200,6,1556,renamed,1571
1821,1747200,2,1347,renamed,1353
1822,1747200,3,1333,renamed,1338
1823,1747200,5,1444,renamed,1453
1824,1747200,0,1181,renamed,1183
1825,1747200,6,1544,renamed,1556
1826,1747200,1,1262,renamed,1265
1827,1747200,6,1564,renamed,1544
1828,1747200,6,1551,renamed,1564
1829,1747200,2,1342,renamed,1347
1830,1756800,0,1179,renamed,1181
1831,1756800,5,1437,renamed,1444
1832,1756800,1,1259,renamed,1262
1833,1756800,4,1348,renamed,1353
1834,1756800,3,1329,renamed,1333
1835,1756800,6,1571,renamed,1551
1836,1760000,5,1430,renamed,1437
1837,1760000,2,1337,renamed,1342
1838,1760000,6,1559,renamed,1571
1839,1760000,6,1579,renamed,1559
1840,1760000,0,1177,renamed,1179
1841,1760000,1,1256,renamed,1259
1842,1760000,2,1364,renamed,1337
1843,1760000,5,1422,renamed,1430
1844,1760000,3,1324,renamed,1329
1845,1766400,6,1566,renamed,1579
1846,1766400,4,1343,renamed,1348
1847,1766400,5,1416,renamed,1422
1848,1766400,1,1253,renamed,1256
1849,1766400,6,1585,renamed,1566
1850,1766400,2,1359,renamed,1364
1851,1766400,4,1370,renamed,1343
1852,1766400,6,1571,renamed,1585
1853,1766400,4,1364,renamed,1370
1854,1766400,0,1175,renamed,1177
1855,1766400,5,1440,renamed,1416
1856,1766400,3,1350,renamed,1324
1857,1766400,6,1557,renamed,1571
1858,1766400,4,1358,renamed,1364
1859,1766400,2,1353,renamed,1359
1860,1776000,2,1347,renamed,1353
1861,1776000,6,1575,renamed,1557
1862,1776000,1,1249,renamed,1253
1863,1776000,5,1432,renamed,1440
1864,1780000,2,1373,renamed,1347
1865,1780000,0,1172,renamed,1175
1866,1780000,1,1245,renamed,1249
1867,1780000,3,1344,renamed,1350
1868,1780000,4,1352,renamed,1358
1869,1780000,5,1424,renamed,1432
1870,1780000,4,1346,renamed,1352
1871,1785600,4,1341,renamed,1346
1872,1785600,6,1593,renamed,1575
1873,1785600,2,1398,renamed,1373
1874,1785600,5,1415,renamed,1424
1875,1785600,0,1169,renamed,1172
1876,1785600,3,1369,renamed,1344
1877,1785600,1,1241,renamed,1245
1878,1785600,4,1335,renamed,1341
1879,1785600,2,1390,renamed,1398
1880,1785600,0,1166,renamed,1169
1881,1785600,3,1362,renamed,1369
1882,1785600,6,1578,renamed,1593
1883,1785600,6,1595,renamed,1578
1884,1795200,0,1164,renamed,1166
1885,1795200,1,1237,renamed,1241
1886,1795200,2,1383,renamed,1390
1887,1795200,5,1407,renamed,1415
1888,1795200,0,1162,renamed,1164
1889,1795200,4,1330,renamed,1335
1890,1795200,6,1581,renamed,1595
1891,1795200,1,1234,renamed,1237
1892,1795200,5,1401,renamed,1407
1893,1800000,4,1326,renamed,1330
1894,1800000,6,1569,renamed,1581
1895,1800000,4,1322,renamed,1326
1896,1800000,2,1378,renamed,1383
1897,1800000,0,1160,renamed,1162
1898,1800000,3,1358,renamed,1362
1899,1800000,4,1319,renamed,1322
1900,1800000,7,1686,stored,
1901,1804800,6,1589,renamed,1569
1902,1804800,5,1395,renamed,1401
1903,1804800,1,1232,renamed,1234
1904,1804800,4,1315,renamed,1319
1905,1804800,3,1354,renamed,1358
1906,1804800,0,1159,renamed,1160
1907,1804800,2,1373,renamed,1378
1908,1804800,2,1369,renamed,1373
1909,1804800,7,1671,renamed,1686
1910,1814400,5,1391,renamed,1395
1911,1814400,6,1610,renamed,1589
1912,1814400,3,1350,renamed,1354
1913,1814400,1,1230,renamed,1232
1914,1814400,4,1312,renamed,1315
1915,1814400,0,1158,renamed,1159
1916,1814400,6,1629,renamed,1610
1917,1814400,5,1417,renamed,1391
1918,1814400,2,1364,renamed,1369
1919,1820000,3,1377,renamed,1350
1920,1820000,6,1614,renamed,1629
1921,1820000,0,1156,renamed,1158
1922,1820000,7,1655,renamed,1671
1923,1820000,4,1308,renamed,1312
1924,1824000,1,1228,renamed,1230
1925,1824000,4,1305,renamed,1308
1926,1824000,2,1360,renamed,1364
1927,1824000,7,1641,renamed,1655
1928,1824000,5,1443,renamed,1417
1929,1824000,3,1372,renamed,1377
1930,1824000,7,1627,renamed,1641
1931,1824000,6,1602,renamed,1614
1932,1824000,0,1155,renamed,1156
1933,1824000,1,1226,renamed,1228
1934,1824000,4,1302,renamed,1305
1935,1824000,5,1437,renamed,1443
1936,1833600,7,1615,renamed,1627
1937,1833600,2,1357,renamed,1360
1938,1833600,6,1623,renamed,1602
1939,1833600,4,1299,renamed,1302
1940,1833600,3,1368,renamed,1372
1941,1833600,0,1154,renamed,1155
1942,1833600,7,1604,renamed,1615
1943,1833600,4,1297,renamed,1299
1944,1833600,2,1354,renamed,1357
1945,1840000,7,1594,renamed,1604
1946,1840000,5,1432,renamed,1437
1947,1840000,1,1225,renamed,1226
1948,1840000,4,1295,renamed,1297
1949,1843200,2,1351,renamed,1354
1950,1843200,3,1396,renamed,1368
1951,1843200,0,1153,renamed,1154
1952,1843200,6,1643,renamed,1623
1953,1843200,1,1255,renamed,1225
1954,1843200,2,1347,renamed,1351
1955,1843200,7,1582,renamed,1594
1956,1843200,4,1292,renamed,1295
1957,1843200,5,1426,renamed,1432
1958,1843200,6,1630,renamed,1643
1959,1843200,2,1344,renamed,1347
1960,1843200,0,1184,renamed,1153
1961,1843200,3,1391,renamed,1396
1962,1843200,1,1253,renamed,1255
1963,1852800,7,1571,renamed,1582
1964,1852800,5,1452,renamed,1426
1965,1852800,4,1289,renamed,1292
1966,1852800,6,1617,renamed,1630
1967,1852800,0,1182,renamed,1184
1968,1852800,2,1372,renamed,1344
1969,1852800,3,1386,renamed,1391
1970,1852800,1,1250,renamed,1253
1971,1852800,7,1560,renamed,1571
1972,1852800,4,1286,renamed,1289
1973,1852800,5,1446,renamed,1452
1974,1860000,7,1550,renamed,1560
1975,1860000,6,1606,renamed,1617
1976,1860000,5,1441,renamed,1446
1977,1862400,0,1181,renamed,1182
1978,1862400,3,1413,renamed,1386
1979,1862400,2,1368,renamed,1372
1980,1862400,4,1283,renamed,1286
1981,1862400,6,1595,renamed,1606
1982,1862400,5,1436,renamed,1441
1983,1862400,1,1248,renamed,1250
1984,1862400,7,1542,renamed,1550
1985,1862400,5,1462,renamed,1436
1986,1862400,6,1584,renamed,1595
1987,1862400,0,1180,renamed,1181
1988,1862400,2,1396,renamed,1368
1989,1862400,4,1280,renamed,1283
1990,1862400,3,1408,renamed,1413
1991,1872000,6,1574,renamed,1584
1992,1872000,1,1246,renamed,1248
1993,1872000,7,1534,renamed,1542
1994,1872000,0,1179,renamed,1180
1995,1872000,4,1278,renamed,1280
1996,1872000,2,1392,renamed,1396
1997,1872000,5,1456,renamed,1462
1998,1872000,7,1527,renamed,1534
1999,1872000,1,1244,renamed,1246
2000,1872000,4,1276,renamed,1278
2001,1872000,8,1744,stored,
2002,1880000,0,1178,renamed,1179
2003,1880000,6,1596,renamed,1574
2004,1880000,3,1404,renamed,1408
2005,1880000,7,1550,renamed,1527
2006,1881600,4,1274,renamed,1276
2007,1881600,6,1585,renamed,1596
2008,1881600,5,1450,renamed,1456
2009,1881600,7,1542,renamed,1550
2010,1881600,2,1419,renamed,1392
2011,1881600,5,1444,renamed,1450
2012,1881600,3,1399,renamed,1404
2013,1881600,6,1575,renamed,1585
2014,1881600,1,1242,renamed,1244
2015,1881600,8,1758,renamed,1744
2016,1881600,4,1272,renamed,1274
2017,1881600,7,1534,renamed,1542
2018,1891200,2,1414,renamed,1419
2019,1891200,5,1439,renamed,1444
2020,1891200,1,1240,renamed,1242
2021,1891200,3,1395,renamed,1399
2022,1891200,8,1742,renamed,1758
2023,1891200,6,1598,renamed,1575
2024,1891200,5,1434,renamed,1439
2025,1891200,2,1441,renamed,1414
2026,1891200,7,1557,renamed,1534
2027,1891200,8,1755,renamed,1742
2028,1891200,4,1301,renamed,1272
2029,1900800,8,1735,renamed,1755
2030,1900800,1,1237,renamed,1240
2031,1900800,0,1176,renamed,1178
2032,1900800,6,1616,renamed,1598
2033,1900800,5,1427,renamed,1434
2034,1900800,3,1389,renamed,1395
2035,1900800,8,1717,renamed,1735
2036,1900800,5,1421,renamed,1427
2037,1900800,4,1298,renamed,1301
2038,1900800,1,1235,renamed,1237
2039,1900800,7,1578,renamed,1557
2040,1900800,2,1434,renamed,1441
2041,1900800,6,1603,renamed,1616
2042,1900800,0,1174,renamed,1176
2043,1910400,5,1416,renamed,1421
2044,1910400,8,1701,renamed,1717
2045,1910400,5,1411,renamed,1416
2046,1910400,4,1327,renamed,1298
2047,1910400,7,1567,renamed,1578
2048,1910400,6,1592,renamed,1603
2049,1910400,8,1686,renamed,1701
2050,1910400,2,1429,renamed,1434
2051,1910400,0,1173,renamed,1174
2052,1910400,3,1385,renamed,1389
2053,1910400,1,1233,renamed,1235
2054,1910400,5,1407,renamed,1411
2055,1910400,6,1614,renamed,1592
2056,1920000,7,1558,renamed,1567
2057,1920000,0,1172,renamed,1173
2058,1920000,4,1324,renamed,1327
2059,1920000,5,1403,renamed,1407
2060,1920000,3,1381,renamed,1385
2061,1920000,7,1550,renamed,1558
2062,1920000,6,1635,renamed,1614
2063,1920000,8,1673,renamed,1686
2064,1920000,2,1456,renamed,1429
2065,1920000,0,1171,renamed,1172
2066,1920000,5,1399,renamed,1403
2067,1920000,4,1321,renamed,1324
2068,1920000,6,1654,renamed,1635
2069,1929600,8,1659,renamed,1673
2070,1929600,4,1318,renamed,1321
2071,1929600,1,1231,renamed,1233
2072,1929600,3,1409,renamed,1381
2073,1929600,5,1394,renamed,1399
2074,1929600,7,1572,renamed,1550
2075,1929600,2,1480,renamed,1456
2076,1929600,8,1674,renamed,1659
2077,1929600,4,1314,renamed,1318
2078,1929600,6,1638,renamed,1654
2079,1929600,1,1229,renamed,1231
2080,1929600,0,1169,renamed,1171
2081,1929600,7,1591,renamed,1572
2082,1939200,3,1403,renamed,1409
2083,1939200,5,1388,renamed,1394
2084,1939200,6,1654,renamed,1638
2085,1940000,7,1578,renamed,1591
2086,1940000,8,1658,renamed,1674
2087,1940000,2,1472,renamed,1480
2088,1940000,0,1167,renamed,1169
2089,1940000,4,1311,renamed,1314
2090,1940000,3,1398,renamed,1403
2091,1940000,5,1383,renamed,1388
2092,1940000,4,1308,renamed,1311
2093,1940000,6,1671,renamed,1654
2094,1948800,6,1656,renamed,1671
2095,1948800,1,1227,renamed,1229
2096,1948800,8,1644,renamed,1658
2097,1948800,0,1197,renamed,1167
2098,1948800,6,1642,renamed,1656
2099,1948800,5,1379,renamed,1383
2100,1948800,7,1568,renamed,1578
2101,1948800,4,1305,renamed,1308
2102,1948800,9,1712,stored,
2103,1948800,2,1466,renamed,1472
2104,1948800,5,1375,renamed,1379
2105,1948800,8,1632,renamed,1644
2106,1948800,3,1394,renamed,1398
2107,1948800,5,1403,renamed,1375
2108,1948800,1,1225,renamed,1227
2109,1948800,6,1630,renamed,1642
2110,1958400,9,1697,renamed,1712
2111,1958400,1,1223,renamed,1225
2112,1960000,8,1621,renamed,1632
2113,1960000,5,1431,renamed,1403
2114,1960000,4,1302,renamed,1305
2115,1960000,7,1559,renamed,1568
2116,1960000,9,1683,renamed,1697
2117,1960000,2,1461,renamed,1466
2118,1960000,6,1651,renamed,1630
2119,1960000,3,1390,renamed,1394
2120,1960000,9,1670,renamed,1683
2121,1960000,2,1456,renamed,1461
2122,1960000,0,1196,renamed,1197
2123,1968000,7,1552,renamed,1559
2124,1968000,8,1612,renamed,1621
2125,1968000,9,1659,renamed,1670
2126,1968000,6,1641,renamed,1651
2127,1968000,0,1195,renamed,1196
2128,1968000,5,1459,renamed,1431
2129,1968000,7,1545,renamed,1552
2130,1968000,4,1300,renamed,1302
2131,1968000,6,1631,renamed,1641
2132,1968000,8,1604,renamed,1612
2133,1968000,9,1649,renamed,1659
2134,1968000,4,1330,renamed,1300
2135,1968000,3,1387,renamed,1390
2136,1968000,5,1486,renamed,1459
2137,1968000,7,1538,renamed,1545
2138,1968000,2,1451,renamed,1456
2139,1977600,9,1669,renamed,1649
2140,1977600,8,1594,renamed,1604
2141,1980000,3,1415,renamed,1387
2142,1980000,9,1656,renamed,1669
2143,1980000,6,1651,renamed,1631
2144,1980000,4,1358,renamed,1330
2145,1980000,0,1193,renamed,1195
2146,1980000,8,1613,renamed,1594
2147,1980000,5,1478,renamed,1486
2148,1980000,9,1642,renamed,1656
2149,1980000,5,1471,renamed,1478
2150,1980000,7,1560,renamed,1538
2151,1987200,6,1637,renamed,1651
2152,1987200,2,1445,renamed,1451
2153,1987200,4,1385,renamed,1358
2154,1987200,5,1464,renamed,1471
2155,1987200,8,1601,renamed,1613
2156,1987200,9,1629,renamed,1642
2157,1987200,3,1410,renamed,1415
2158,1987200,0,1191,renamed,1193
2159,1987200,6,1656,renamed,1637
2160,1987200,1,1221,renamed,1223
2161,1987200,9,1617,renamed,1629
2162,1987200,0,1189,renamed,1191
2163,1987200,7,1582,renamed,1560
2164,1996800,8,1589,renamed,1601
2165,1996800,4,1381,renamed,1385
2166,1996800,9,1605,renamed,1617
2167,1996800,6,1643,renamed,1656
2168,1996800,5,1458,renamed,1464
2169,2000000,3,1406,renamed,1410
2170,2000000,5,1453,renamed,1458
2171,2000000,6,1632,renamed,1643
2172,2000000,2,1441,renamed,1445
2173,2000000,7,1605,renamed,1582
2174,2000000,1,1219,renamed,1221
2175,2000000,5,1448,renamed,1453
2176,2000000,9,1595,renamed,1605
2177,2006400,8,1580,renamed,1589
2178,2006400,3,1402,renamed,1406
2179,2006400,4,1378,renamed,1381
2180,2006400,7,1627,renamed,1605
2181,2006400,6,1622,renamed,1632
2182,2006400,2,1437,renamed,1441
2183,2006400,5,1475,renamed,1448
2184,2006400,7,1616,renamed,1627
2185,2006400,8,1571,renamed,1580
2186,2006400,9,1617,renamed,1595
2187,2006400,8,1562,renamed,1571
2188,2006400,3,1398,renamed,1402
2189,2006400,4,1375,renamed,1378
2190,2016000,7,1637,renamed,1616
2191,2016000,8,1553,renamed,1562
2192,2016000,0,1188,renamed,1189
2193,2016000,5,1469,renamed,1475
2194,2016000,6,1642,renamed,1622
2195,2020000,2,1432,renamed,1437
2196,2020000,3,1425,renamed,1398
2197,2020000,8,1544,renamed,1553
2198,2020000,6,1630,renamed,1642
2199,2020000,5,1494,renamed,1469
2200,2020000,9,1605,renamed,1617
2201,2025600,7,1625,renamed,1637
2202,2025600,2,1458,renamed,1432
2203,2025600,10,1693,stored,
2204,2025600,0,1186,renamed,1188
2205,2025600,5,1517,renamed,1494
2206,2025600,8,1565,renamed,1544
2207,2025600,6,1616,renamed,1630
2208,2025600,9,1592,renamed,1605
2209,2025600,5,1508,renamed,1517
2210,2025600,4,1402,renamed,1375
2211,2025600,8,1554,renamed,1565
2212,2025600,10,1677,renamed,1693
2213,2025600,9,1581,renamed,1592
2214,2025600,6,1635,renamed,1616
2215,2025600,5,1500,renamed,1508
2216,2025600,3,1419,renamed,1425
2217,2025600,4,1397,renamed,1402
2218,2035200,7,1613,renamed,1625
2219,2035200,9,1571,renamed,1581
2220,2035200,0,1185,renamed,1186
2221,2035200,5,1493,renamed,1500
2222,2035200,1,1217,renamed,1219
2223,2035200,10,1664,renamed,1677
2224,2035200,9,1563,renamed,1571
2225,2040000,6,1625,renamed,1635
2226,2040000,4,1394,renamed,1397
2227,2040000,8,1547,renamed,1554
2228,2040000,7,1635,renamed,1613
2229,2040000,2,1484,renamed,1458
2230,2044800,3,1414,renamed,1419
2231,2044800,10,1682,renamed,1664
2232,2044800,9,1554,renamed,1563
2233,2044800,8,1570,renamed,1547
2234,2044800,5,1517,renamed,1493
2235,2044800,1,1215,renamed,1217
2236,2044800,6,1642,renamed,1625
2237,2044800,9,1543,renamed,1554
2238,2044800,7,1652,renamed,1635
2239,2044800,2,1475,renamed,1484
2240,2044800,5,1508,renamed,1517
2241,2044800,4,1389,renamed,1394
2242,2054400,8,1559,renamed,1570
2243,2054400,9,1534,renamed,1543
2244,2054400,10,1667,renamed,1682
2245,2054400,6,1630,renamed,1642
2246,2054400,1,1213,renamed,1215
2247,2054400,9,1526,renamed,1534
2248,2060000,2,1500,renamed,1475
2249,2060000,8,1581,renamed,1559
2250,2060000,5,1500,renamed,1508
2251,2060000,7,1639,renamed,1652
2252,2060000,6,1649,renamed,1630
2253,2060000,3,1409,renamed,1414
2254,2060000,10,1653,renamed,1667
2255,2060000,9,1518,renamed,1526
2256,2064000,8,1571,renamed,1581
2257,2064000,7,1627,renamed,1639
2258,2064000,2,1494,renamed,1500
2259,2064000,3,1436,renamed,1409
2260,2064000,5,1493,renamed,1500
2261,2064000,6,1637,renamed,1649
2262,2064000,4,1385,renamed,1389
2263,2064000,10,1641,renamed,1653
2264,2073600,9,1512,renamed,1518
2265,2073600,6,1627,renamed,1637
2266,2073600,8,1564,renamed,1571
2267,2073600,4,1413,renamed,1385
2268,2073600,2,1519,renamed,1494
2269,2073600,3,1462,renamed,1436
2270,2073600,10,1628,renamed,1641
2271,2073600,6,1615,renamed,1627
2272,2073600,8,1555,renamed,1564
2273,2073600,7,1647,renamed,1627
2274,2073600,5,1486,renamed,1493
2275,2080000,9,1505,renamed,1512
2276,2083200,6,1604,renamed,1615
2277,2083200,10,1617,renamed,1628
2278,2083200,0,1184,renamed,1185
2279,2083200,7,1667,renamed,1647
2280,2083200,8,1577,renamed,1555
2281,2083200,4,1408,renamed,1413
2282,2083200,3,1456,renamed,1462
2283,2083200,7,1654,renamed,1667
2284,2083200,10,1606,renamed,1617
2285,2083200,6,1594,renamed,1604
2286,2083200,5,1480,renamed,1486
2287,2083200,8,1569,renamed,1577
2288,2083200,9,1530,renamed,1505
2289,2083200,4,1404,renamed,1408
2290,2083200,0,1183,renamed,1184
2291,2092800,7,1643,renamed,1654
2292,2092800,8,1561,renamed,1569
2293,2092800,2,1513,renamed,1519
2294,2092800,5,1475,renamed,1480
2295,2092800,6,1586,renamed,1594
2296,2092800,9,1524,renamed,1530
2297,2092800,10,1598,renamed,1606
2298,2092800,1,1244,renamed,1213
2299,2092800,8,1554,renamed,1561
2300,2100000,4,1401,renamed,1404
2301,2100000,6,1578,renamed,1586
2302,2100000,9,1518,renamed,1524
2303,2102400,5,1502,renamed,1475
2304,2102400,11,1764,stored,
2305,2102400,2,1538,renamed,1513
2306,2102400,7,1632,renamed,1643
2307,2102400,8,1577,renamed,1554
2308,2102400,4,1397,renamed,1401
2309,2102400,10,1588,renamed,1598
2310,2102400,9,1511,renamed,1518
2311,2102400,5,1527,renamed,1502
2312,2102400,6,1599,renamed,1578
2313,2102400,7,1620,renamed,1632
2314,2102400,8,1567,renamed,1577
2315,2102400,11,1747,renamed,1764
2316,2102400,3,1451,renamed,1456
2317,2112000,4,1393,renamed,1397
2318,2112000,7,1610,renamed,1620
2319,2112000,9,1536,renamed,1511
2320,2112000,2,1530,renamed,1538
2321,2112000,10,1610,renamed,1588
2322,2112000,11,1761,renamed,1747
2323,2112000,8,1588,renamed,1567
2324,2112000,9,1527,renamed,1536
2325,2112000,6,1588,renamed,1599
2326,2120000,5,1519,renamed,1527
2327,2121600,7,1630,renamed,1610
2328,2121600,10,1598,renamed,1610
2329,2121600,11,1743,renamed,1761
2330,2121600,4,1389,renamed,1393
2331,2121600,9,1520,renamed,1527
2332,2121600,8,1579,renamed,1588
2333,2121600,6,1579,renamed,1588
2334,2121600,3,1478,renamed,1451
2335,2121600,7,1619,renamed,1630
2336,2121600,4,1385,renamed,1389
2337,2121600,9,1513,renamed,1520
2338,2121600,10,1620,renamed,1598
2339,2121600,11,1758,renamed,1743
2340,2121600,5,1511,renamed,1519
2341,2131200,6,1569,renamed,1579
2342,2131200,9,1506,renamed,1513
2343,2131200,8,1570,renamed,1579
2344,2131200,4,1381,renamed,1385
2345,2131200,7,1609,renamed,1619
2346,2131200,3,1504,renamed,1478
2347,2131200,10,1609,renamed,1620
2348,2131200,5,1505,renamed,1511
2349,2131200,2,1523,renamed,1530
2350,2131200,11,1773,renamed,1758
2351,2131200,8,1562,renamed,1570
2352,2140000,9,1531,renamed,1506
2353,2140800,6,1591,renamed,1569
2354,2140800,7,1598,renamed,1609
2355,2140800,5,1498,renamed,1505
2356,2140800,4,1377,renamed,1381
2357,2140800,10,1599,renamed,1609
2358,2140800,2,1516,renamed,1523
2359,2140800,11,1787,renamed,1773
2360,2140800,3,1528,renamed,1504
2361,2140800,9,1553,renamed,1531
2362,2140800,7,1586,renamed,1598
2363,2150400,8,1583,renamed,1562
2364,2150400,6,1579,renamed,1591
2365,2150400,10,1618,renamed,1599
2366,2150400,5,1489,renamed,1498
2367,2150400,8,1572,renamed,1583
2368,2150400,2,1507,renamed,1516
2369,2150400,7,1575,renamed,1586
2370,2150400,4,1373,renamed,1377
2371,2150400,11,1768,renamed,1787
2372,2150400,8,1563,renamed,1572
2373,2150400,10,1608,renamed,1618
2374,2150400,9,1545,renamed,1553
2375,2150400,7,1567,renamed,1575
2376,2160000,6,1602,renamed,1579
2377,2160000,5,1483,renamed,1489
2378,2160000,1,1242,renamed,1244
2379,2160000,3,1521,renamed,1528
2380,2160000,2,1532,renamed,1507
2381,2160000,11,1782,renamed,1768
2382,2160000,7,1558,renamed,1567
2383,2160000,0,1182,renamed,1183
2384,2160000,6,1592,renamed,1602
2385,2160000,10,1629,renamed,1608
2386,2169600,9,1567,renamed,1545
2387,2169600,8,1584,renamed,1563
2388,2169600,3,1543,renamed,1521
2389,2169600,1,1271,renamed,1242
2390,2169600,5,1504,renamed,1483
2391,2169600,4,1366,renamed,1373
2392,2169600,2,1520,renamed,1532
2393,2169600,11,1760,renamed,1782
2394,2169600,6,1609,renamed,1592
2395,2169600,11,1739,renamed,1760
2396,2169600,10,1645,renamed,1629
2397,2180000,7,1576,renamed,1558
2398,2180000,9,1553,renamed,1567
2399,2180000,6,1625,renamed,1609
2400,2180000,5,1493,renamed,1504
2401,2180000,8,1570,renamed,1584
2402,2180000,11,1719,renamed,1739
2403,2180000,4,1361,renamed,1366
2404,2180000,0,1212,renamed,1182
2405,2180000,12,1626,stored,
2406,2180000,9,1541,renamed,1553
2407,2180000,7,1594,renamed,1576
2408,2188800,8,1557,renamed,1570
2409,2188800,3,1532,renamed,1543
2410,2188800,10,1660,renamed,1645
2411,2188800,11,1730,renamed,1719
2412,2188800,2,1509,renamed,1520
2413,2188800,4,1356,renamed,1361
2414,2188800,8,1545,renamed,1557
2415,2188800,7,1612,renamed,1594
2416,2188800,9,1529,renamed,1541
2417,2188800,10,1674,renamed,1660
2418,2188800,6,1640,renamed,1625
2419,2198400,12,1641,renamed,1626
2420,2198400,11,1740,renamed,1730
2421,2200000,8,1531,renamed,1545
2422,2200000,5,1482,renamed,1493
2423,2200000,3,1520,renamed,1532
2424,2200000,10,1656,renamed,1674
2425,2200000,8,1520,renamed,1531
2426,2200000,12,1657,renamed,1641
2427,2200000,9,1549,renamed,1529
2428,2200000,5,1472,renamed,1482
2429,2200000,7,1628,renamed,1612
2430,2208000,11,1750,renamed,1740
2431,2208000,6,1623,renamed,1640
2432,2208000,8,1509,renamed,1520
2433,2208000,3,1540,renamed,1520
2434,2208000,9,1536,renamed,1549
2435,2208000,5,1463,renamed,1472
2436,2208000,7,1613,renamed,1628
2437,2208000,10,1640,renamed,1656
2438,2208000,12,1672,renamed,1657
2439,2208000,2,1499,renamed,1509
2440,2217600,9,1556,renamed,1536
2441,2217600,7,1599,renamed,1613
2442,2220000,6,1609,renamed,1623
2443,2220000,11,1762,renamed,1750
2444,2220000,10,1656,renamed,1640
2445,2220000,4,1351,renamed,1356
2446,2220000,8,1499,renamed,1509
2447,2220000,12,1656,renamed,1672
2448,2220000,6,1596,renamed,1609
2449,2220000,9,1546,renamed,1556
2450,2220000,8,1491,renamed,1499
2451,2227200,1,1269,renamed,1271
2452,2227200,10,1643,renamed,1656
2453,2227200,11,1775,renamed,1762
2454,2227200,7,1619,renamed,1599
2455,2227200,5,1456,renamed,1463
2456,2227200,9,1537,renamed,1546
2457,2227200,4,1347,renamed,1351
2458,2227200,12,1643,renamed,1656
2459,2227200,7,1608,renamed,1619
2460,2227200,9,1560,renamed,1537
2461,2227200,10,1630,renamed,1643
2462,2227200,11,1788,renamed,1775
2463,2236800,8,1515,renamed,1491
2464,2236800,5,1449,renamed,1456
2465,2236800,10,1617,renamed,1630
2466,2236800,2,1522,renamed,1499
2467,2236800,6,1615,renamed,1596
2468,2240000,3,1530,renamed,1540
2469,2240000,8,1506,renamed,1515
2470,2240000,11,1799,renamed,1788
2471,2240000,10,1634,renamed,1617
2472,2240000,12,1658,renamed,1643
2473,2240000,5,1441,renamed,1449
2474,2240000,4,1342,renamed,1347
2475,2246400,9,1548,renamed,1560
2476,2246400,2,1543,renamed,1522
2477,2246400,11,1777,renamed,1799
2478,2246400,7,1595,renamed,1608
2479,2246400,6,1633,renamed,1615
2480,2246400,12,1642,renamed,1658
2481,2246400,8,1497,renamed,1506
2482,2246400,4,1338,renamed,1342
2483,2246400,10,1621,renamed,1634
2484,2246400,11,1789,renamed,1777
2485,2246400,5,1435,renamed,1441
2486,2246400,9,1539,renamed,1548
2487,2256000,7,1615,renamed,1595
2488,2256000,11,1769,renamed,1789
2489,2256000,6,1621,renamed,1633
2490,2256000,12,1630,renamed,1642
2491,2256000,10,1610,renamed,1621
2492,2260000,9,1531,renamed,1539
2493,2260000,8,1491,renamed,1497
2494,2260000,1,1267,renamed,1269
2495,2260000,7,1605,renamed,1615
2496,2260000,12,1620,renamed,1630
2497,2260000,10,1632,renamed,1610
2498,2260000,11,1753,renamed,1769
2499,2265600,9,1525,renamed,1531
2500,2265600,6,1612,renamed,1621
2501,2265600,0,1211,renamed,1212
2502,2265600,8,1486,renamed,1491
2503,2265600,4,1367,renamed,1338
2504,2265600,9,1519,renamed,1525
2505,2265600,2,1536,renamed,1543
2506,2265600,13,1772,stored,
2507,2265600,12,1611,renamed,1620
2508,2265600,11,1739,renamed,1753
2509,2265600,10,1623,renamed,1632
2510,2265600,7,1628,renamed,1605
2511,2275200,6,1604,renamed,1612
2512,2275200,9,1514,renamed,1519
2513,2275200,5,1431,renamed,1435
2514,2275200,8,1482,renamed,1486
2515,2275200,12,1603,renamed,1611
2516,2280000,10,1615,renamed,1623
2517,2280000,3,1525,renamed,1530
2518,2280000,13,1790,renamed,1772
2519,2280000,5,1428,renamed,1431
2520,2280000,11,1727,renamed,1739
2521,2280000,7,1620,renamed,1628
2522,2284800,13,1776,renamed,1790
2523,2284800,1,1266,renamed,1267
2524,2284800,9,1510,renamed,1514
2525,2284800,10,1640,renamed,1615
2526,2284800,8,1478,renamed,1482
2527,2284800,12,1627,renamed,1603
2528,2284800,7,1612,renamed,1620
2529,2284800,11,1746,renamed,1727
2530,2284800,2,1530,renamed,1536
2531,2284800,6,1627,renamed,1604
2532,2294400,13,1761,renamed,1776
2533,2294400,12,1618,renamed,1627
2534,2294400,9,1536,renamed,1510
2535,2294400,11,1762,renamed,1746
2536,2294400,10,1660,renamed,1640
2537,2294400,8,1472,renamed,1478
2538,2300000,7,1633,renamed,1612
2539,2300000,12,1607,renamed,1618
2540,2300000,3,1549,renamed,1525
2541,2300000,6,1615,renamed,1627
2542,2300000,11,1745,renamed,1762
2543,2304000,13,1745,renamed,1761
2544,2304000,9,1560,renamed,1536
2545,2304000,10,1648,renamed,1660
2546,2304000,7,1653,renamed,1633
2547,2304000,8,1466,renamed,1472
2548,2304000,2,1522,renamed,1530
2549,2304000,3,1541,renamed,1549
2550,2304000,10,1637,renamed,1648
2551,2304000,9,1552,renamed,1560
2552,2304000,12,1598,renamed,1607
2553,2304000,11,1761,renamed,1745
2554,2304000,8,1461,renamed,1466
2555,2304000,13,1730,renamed,1745
2556,2304000,6,1637,renamed,1615
2557,2313600,5,1424,renamed,1428
2558,2313600,13,1746,renamed,1730
2559,2313600,2,1515,renamed,1522
2560,2313600,9,1544,renamed,1552
2561,2313600,7,1673,renamed,1653
2562,2313600,12,1588,renamed,1598
2563,2313600,10,1626,renamed,1637
2564,2313600,11,1745,renamed,1761
2565,2320000,9,1537,renamed,1544
2566,2320000,8,1457,renamed,1461
2567,2320000,13,1763,renamed,1746
2568,2323200,3,1534,renamed,1541
2569,2323200,6,1627,renamed,1637
2570,2323200,12,1611,renamed,1588
2571,2323200,11,1730,renamed,1745
2572,2323200,10,1617,renamed,1626
2573,2323200,9,1562,renamed,1537
2574,2323200,7,1661,renamed,1673
2575,2323200,3,1528,renamed,1534
2576,2323200,13,1779,renamed,1763
2577,2323200,6,1648,renamed,1627
2578,2332800,10,1607,renamed,1617
2579,2332800,12,1632,renamed,1611
2580,2332800,9,1584,renamed,1562
2581,2332800,2,1507,renamed,1515
2582,2332800,11,1744,renamed,1730
2583,2332800,13,1760,renamed,1779
2584,2340000,8,1451,renamed,1457
2585,2340000,11,1758,renamed,1744
2586,2340000,3,1520,renamed,1528
2587,2342400,10,1596,renamed,1607
2588,2342400,4,1363,renamed,1367
2589,2342400,6,1636,renamed,1648
2590,2342400,12,1621,renamed,1632
2591,2342400,1,1264,renamed,1266
2592,2342400,7,1650,renamed,1661
2593,2342400,9,1607,renamed,1584
2594,2342400,11,1773,renamed,1758
2595,2342400,13,1743,renamed,1760
2596,2342400,5,1420,renamed,1424
2597,2342400,9,1598,renamed,1607
2598,2352000,10,1618,renamed,1596
2599,2352000,8,1477,renamed,1451
2600,2352000,6,1624,renamed,1636
2601,2352000,0,1241,renamed,1211
2602,2352000,11,1754,renamed,1773
2603,2352000,12,1640,renamed,1621
2604,2360000,10,1636,renamed,1618
2605,2360000,4,1358,renamed,1363
2606,2360000,13,1755,renamed,1743
2607,2360000,14,1663,stored,
2608,2360000,8,1469,renamed,1477
2609,2360000,1,1293,renamed,1264
2610,2361600,9,1615,renamed,1598
2611,2361600,12,1624,renamed,1640
2612,2361600,8,1461,renamed,1469
2613,2361600,13,1735,renamed,1755
2614,2361600,11,1766,renamed,1754
2615,2361600,10,1622,renamed,1636
2616,2361600,7,1636,renamed,1650
2617,2361600,4,1354,renamed,1358
2618,2371200,12,1612,renamed,1624
2619,2371200,14,1680,renamed,1663
2620,2371200,11,1778,renamed,1766
2621,2371200,9,1633,renamed,1615
2622,2371200,0,1270,renamed,1241
2623,2371200,13,1746,renamed,1735
2624,2371200,10,1637,renamed,1622
2625,2371200,9,1616,renamed,1633
2626,2380000,7,1650,renamed,1636
2627,2380000,12,1596,renamed,1612
2628,2380000,14,1662,renamed,1680
2629,2380000,8,1484,renamed,1461
2630,2380800,11,1756,renamed,1778
2631,2380800,3,1540,renamed,1520
2632,2380800,7,1633,renamed,1650
2633,2380800,10,1652,renamed,1637
2634,2380800,4,1348,renamed,1354
2635,2380800,13,1756,renamed,1746
2636,2380800,10,1635,renamed,1652
2637,2380800,11,1766,renamed,1756
2638,2380800,12,1612,renamed,1596
2639,2380800,14,1644,renamed,1662
2640,2390400,9,1601,renamed,1616
2641,2390400,5,1413,renamed,1420
2642,2390400,8,1506,renamed,1484
2643,2390400,12,1597,renamed,1612
2644,2390400,4,1374,renamed,1348
2645,2390400,14,1627,renamed,1644
2646,2390400,13,1766,renamed,1756
2647,2390400,11,1775,renamed,1766
2648,2390400,2,1496,renamed,1507
2649,2390400,6,1609,renamed,1624
2650,2390400,10,1620,renamed,1635
2651,2390400,12,1615,renamed,1597
2652,2400000,9,1587,renamed,1601
2653,2400000,8,1527,renamed,1506
2654,2400000,1,1289,renamed,1293
2655,2400000,13,1776,renamed,1766
2656,2400000,5,1406,renamed,1413
2657,2400000,11,1784,renamed,1775
2658,2400000,8,1516,renamed,1527
2659,2400000,14,1612,renamed,1627
2660,2400000,9,1574,renamed,1587
2661,2400000,2,1487,renamed,1496
2662,2400000,12,1633,renamed,1615
2663,2409600,10,1606,renamed,1620
2664,2409600,6,1596,renamed,1609
2665,2409600,13,1756,renamed,1776
2666,2409600,0,1268,renamed,1270
2667,2409600,14,1631,renamed,1612
2668,2409600,11,1795,renamed,1784
2669,2409600,9,1563,renamed,1574
2670,2409600,13,1737,renamed,1756
2671,2409600,7,1621,renamed,1633
2672,2409600,3,1562,renamed,1540
2673,2419200,10,1625,renamed,1606
2674,2420000,6,1584,renamed,1596
2675,2420000,12,1620,renamed,1633
2676,2420000,14,1619,renamed,1631
2677,2420000,8,1508,renamed,1516
2678,2420000,13,1721,renamed,1737
2679,2420000,2,1481,renamed,1487
2680,2420000,11,1808,renamed,1795
2681,2420000,9,1554,renamed,1563
2682,2420000,7,1611,renamed,1621
2683,2428800,14,1609,renamed,1619
2684,2428800,9,1547,renamed,1554
2685,2428800,13,1708,renamed,1721
2686,2428800,10,1647,renamed,1625
2687,2428800,8,1502,renamed,1508
2688,2428800,12,1641,renamed,1620
2689,2428800,6,1575,renamed,1584
2690,2428800,5,1402,renamed,1406
2691,2428800,11,1790,renamed,1808
2692,2428800,14,1600,renamed,1609
2693,2428800,12,1662,renamed,1641
2694,2438400,13,1695,renamed,1708
2695,2438400,10,1637,renamed,1647
2696,2438400,3,1555,renamed,1562
2697,2438400,7,1603,renamed,1611
2698,2440000,14,1623,renamed,1600
2699,2440000,11,1774,renamed,1790
2700,2440000,9,1541,renamed,1547
2701,2440000,13,1684,renamed,1695
2702,2440000,8,1497,renamed,1502
2703,2440000,10,1629,renamed,1637
2704,2440000,7,1596,renamed,1603
2705,2440000,12,1653,renamed,1662
2706,2448000,4,1372,renamed,1374
2707,2448000,14,1616,renamed,1623
2708,2448000,15,1846,stored,
2709,2448000,11,1762,renamed,1774
2710,2448000,10,1653,renamed,1629
2711,2448000,9,1567,renamed,1541
2712,2448000,13,1674,renamed,1684
2713,2448000,3,1549,renamed,1555
2714,2448000,8,1524,renamed,1497
2715,2448000,12,1674,renamed,1653
2716,2448000,15,1828,renamed,1846
2717,2448000,14,1608,renamed,1616
2718,2457600,13,1664,renamed,1674
2719,2457600,9,1561,renamed,1567
2720,2457600,8,1519,renamed,1524
2721,2460000,11,1780,renamed,1762
2722,2460000,10,1675,renamed,1653
2723,2460000,12,1694,renamed,1674
2724,2460000,5,1398,renamed,1402
2725,2460000,6,1598,renamed,1575
2726,2460000,14,1629,renamed,1608
2727,2467200,13,1682,renamed,1664
2728,2467200,10,1661,renamed,1675
2729,2467200,11,1762,renamed,1780
2730,2467200,12,1680,renamed,1694
2731,2467200,4,1369,renamed,1372
2732,2467200,15,1809,renamed,1828
2733,2467200,14,1620,renamed,1629
2734,2467200,9,1585,renamed,1561
2735,2467200,8,1544,renamed,1519
2736,2467200,11,1745,renamed,1762
2737,2476800,14,1641,renamed,1620
2738,2476800,13,1669,renamed,1682
2739,2476800,12,1667,renamed,1680
2740,2476800,2,1507,renamed,1481
2741,2476800,15,1821,renamed,1809
2742,2476800,3,1540,renamed,1549
2743,2480000,10,1679,renamed,1661
2744,2480000,9,1575,renamed,1585
2745,2480000,13,1656,renamed,1669
2746,2480000,6,1588,renamed,1598
2747,2480000,14,1661,renamed,1641
2748,2480000,2,1500,renamed,1507
2749,2486400,7,1586,renamed,1596
2750,2486400,15,1802,renamed,1821
2751,2486400,12,1656,renamed,1667
2752,2486400,11,1731,renamed,1745
2753,2486400,13,1646,renamed,1656
2754,2486400,10,1669,renamed,1679
2755,2486400,9,1568,renamed,1575
2756,2486400,14,1683,renamed,1661
2757,2486400,12,1677,renamed,1656
2758,2486400,8,1537,renamed,1544
2759,2486400,15,1816,renamed,1802
2760,2496000,11,1748,renamed,1731
2761,2496000,5,1394,renamed,1398
2762,2496000,13,1635,renamed,1646
2763,2496000,3,1533,renamed,1540
2764,2496000,14,1671,renamed,1683
2765,2496000,12,1666,renamed,1677
2766,2496000,2,1495,renamed,1500
2767,2500000,14,1661,renamed,1671
2768,2500000,6,1612,renamed,1588
2769,2500000,9,1592,renamed,1568
2770,2500000,11,1733,renamed,1748
2771,2505600,0,1298,renamed,1268
2772,2505600,13,1655,renamed,1635
2773,2505600,15,1797,renamed,1816
2774,2505600,12,1654,renamed,1666
2775,2505600,14,1650,renamed,1661
2776,2505600,11,1750,renamed,1733
2777,2505600,9,1583,renamed,1592
2778,2505600,15,1780,renamed,1797
2779,2505600,10,1689,renamed,1669
2780,2505600,13,1675,renamed,1655
2781,2505600,1,1287,renamed,1289
2782,2505600,2,1489,renamed,1495
2783,2515200,15,1763,renamed,1780
2784,2515200,0,1296,renamed,1298
2785,2515200,12,1674,renamed,1654
2786,2515200,14,1669,renamed,1650
2787,2515200,3,1525,renamed,1533
2788,2515200,12,1692,renamed,1674
2789,2520000,13,1661,renamed,1675
2790,2520000,9,1604,renamed,1583
2791,2520000,11,1763,renamed,1750
2792,2520000,6,1631,renamed,1612
2793,2524800,15,1744,renamed,1763
2794,2524800,10,1674,renamed,1689
2795,2524800,0,1293,renamed,1296
2796,2524800,12,1708,renamed,1692
2797,2524800,13,1678,renamed,1661
2798,2524800,11,1744,renamed,1763
2799,2524800,15,1727,renamed,1744
2800,2524800,14,1656,renamed,1669
2801,2524800,9,1594,renamed,1604
2802,2524800,3,1549,renamed,1525
2803,2524800,10,1660,renamed,1674
2804,2524800,14,1674,renamed,1656
2805,2534400,15,1711,renamed,1727
2806,2534400,6,1620,renamed,1631
2807,2534400,12,1724,renamed,1708
2808,2534400,13,1665,renamed,1678
2809,2534400,16,1732,stored,
2810,2534400,14,1661,renamed,1674
2811,2534400,11,1729,renamed,1744
2812,2534400,2,1484,renamed,1489
2813,2534400,6,1611,renamed,1620
2814,2540000,3,1542,renamed,1549
2815,2540000,7,1578,renamed,1586
2816,2540000,15,1699,renamed,1711
2817,2540000,9,1587,renamed,1594
2818,2540000,10,1682,renamed,1660
2819,2544000,8,1531,renamed,1537
2820,2544000,16,1719,renamed,1732
2821,2544000,3,1536,renamed,1542
2822,2544000,12,1743,renamed,1724
2823,2544000,14,1651,renamed,1661
2824,2544000,15,1688,renamed,1699
2825,2544000,10,1703,renamed,1682
2826,2544000,13,1655,renamed,1665
2827,2544000,11,1717,renamed,1729
2828,2544000,9,1611,renamed,1587
2829,2544000,6,1603,renamed,1611
2830,2553600,16,1707,renamed,1719
2831,2553600,7,1572,renamed,1578
2832,2553600,15,1709,renamed,1688
2833,2553600,12,1761,renamed,1743
2834,2553600,3,1561,renamed,1536
2835,2553600,14,1640,renamed,1651
2836,2553600,11,1704,renamed,1717
2837,2560000,16,1695,renamed,1707
2838,2560000,10,1691,renamed,1703
2839,2560000,13,1677,renamed,1655
2840,2560000,12,1747,renamed,1761
2841,2563200,14,1631,renamed,1640
2842,2563200,15,1728,renamed,1709
2843,2563200,9,1603,renamed,1611
2844,2563200,11,1723,renamed,1704
2845,2563200,8,1556,renamed,1531
2846,2563200,3,1584,renamed,1561
2847,2563200,2,1478,renamed,1484
2848,2563200,16,1681,renamed,1695
2849,2563200,15,1713,renamed,1728
2850,2563200,13,1665,renamed,1677
2851,2572800,12,1763,renamed,1747
2852,2572800,0,1291,renamed,1293
2853,2572800,11,1709,renamed,1723
2854,2572800,14,1652,renamed,1631
2855,2572800,3,1575,renamed,1584
2856,2572800,16,1669,renamed,1681
2857,2572800,15,1731,renamed,1713
2858,2572800,7,1595,renamed,1572
2859,2572800,12,1746,renamed,1763
2860,2572800,9,1594,renamed,1603
2861,2580000,14,1641,renamed,1652
2862,2580000,16,1689,renamed,1669
2863,2582400,13,1684,renamed,1665
2864,2582400,11,1695,renamed,1709
2865,2582400,12,1731,renamed,1746
2866,2582400,6,1594,renamed,1603
2867,2582400,15,1717,renamed,1731
2868,2582400,2,1505,renamed,1478
2869,2582400,14,1631,renamed,1641
2870,2582400,9,1586,renamed,1594
2871,2582400,3,1568,renamed,1575
2872,2582400,11,1714,renamed,1695
2873,2582400,16,1677,renamed,1689
2874,2582400,10,1679,renamed,1691
2875,2582400,15,1735,renamed,1717
2876,2582400,12,1717,renamed,1731
2877,2592000,13,1704,renamed,1684
2878,2592000,11,1731,renamed,1714
2879,2592000,7,1586,renamed,1595
2880,2592000,8,1548,renamed,1556
2881,2592000,16,1665,renamed,1677
2882,2592000,14,1622,renamed,1631
2883,2592000,15,1752,renamed,1735
2884,2592000,13,1691,renamed,1704
2885,2592000,11,1718,renamed,1731
2886,2592000,7,1610,renamed,1586
2887,2600000,12,1704,renamed,1717
2888,2600000,10,1699,renamed,1679
2889,2601600,15,1737,renamed,1752
2890,2601600,14,1613,renamed,1622
2891,2601600,16,1655,renamed,1665
2892,2601600,5,1391,renamed,1394
2893,2601600,16,1646,renamed,1655
2894,2601600,13,1711,renamed,1691
2895,2601600,8,1542,renamed,1548
2896,2601600,15,1724,renamed,1737
2897,2601600,12,1693,renamed,1704
2898,2601600,10,1689,renamed,1699
2899,2601600,11,1738,renamed,1718
2900,2601600,14,1605,renamed,1613
2901,2611200,13,1700,renamed,1711
2902,2611200,8,1537,renamed,1542
2903,2611200,15,1744,renamed,1724
2904,2611200,16,1668,renamed,1646
2905,2611200,10,1709,renamed,1689
2906,2611200,12,1712,renamed,1693
2907,2611200,6,1585,renamed,1594
2908,2611200,5,1388,renamed,1391
2909,2611200,11,1724,renamed,1738
2910,2611200,17,1776,stored,
2911,2611200,2,1500,renamed,1505
2912,2611200,7,1602,renamed,1610
2913,2620000,10,1697,renamed,1709
2914,2620800,9,1610,renamed,1586
2915,2620800,16,1657,renamed,1668
2916,2620800,12,1700,renamed,1712
2917,2620800,3,1562,renamed,1568
2918,2620800,17,1762,renamed,1776
2919,2620800,15,1732,renamed,1744
2920,2620800,7,1596,renamed,1602
2921,2620800,13,1691,renamed,1700
2922,2620800,16,1649,renamed,1657
2923,2620800,14,1599,renamed,1605
2924,2620800,11,1715,renamed,1724
2925,2620800,12,1723,renamed,1700
2926,2620800,17,1781,renamed,1762
2927,2630400,15,1721,renamed,1732
2928,2630400,4,1367,renamed,1369
2929,2630400,8,1532,renamed,1537
2930,2630400,6,1579,renamed,1585
2931,2630400,12,1713,renamed,1723
2932,2630400,16,1642,renamed,1649
2933,2630400,2,1528,renamed,1500
2934,2630400,10,1688,renamed,1697
2935,2630400,17,1799,renamed,1781
2936,2630400,3,1588,renamed,1562
2937,2630400,15,1709,renamed,1721
2938,2630400,9,1634,renamed,1610
2939,2630400,17,1784,renamed,1799
2940,2630400,14,1592,renamed,1599
2941,2640000,12,1733,renamed,1713
2942,2640000,16,1633,renamed,1642
2943,2640000,13,1681,renamed,1691
2944,2640000,5,1386,renamed,1388
2945,2640000,10,1678,renamed,1688
2946,2640000,6,1573,renamed,1579
2947,2640000,2,1555,renamed,1528
2948,2640000,16,1625,renamed,1633
2949,2640000,15,1698,renamed,1709
2950,2640000,17,1771,renamed,1784
2951,2640000,13,1703,renamed,1681
2952,2640000,14,1616,renamed,1592
2953,2649600,12,1751,renamed,1733
2954,2649600,10,1667,renamed,1678
2955,2649600,2,1549,renamed,1555
2956,2649600,7,1589,renamed,1596
2957,2649600,15,1718,renamed,1698
2958,2649600,16,1647,renamed,1625
2959,2649600,13,1690,renamed,1703
2960,2649600,17,1786,renamed,1771
2961,2649600,15,1735,renamed,1718
2962,2649600,17,1769,renamed,1786
2963,2649600,11,1702,renamed,1715
2964,2649600,16,1637,renamed,1647
2965,2649600,14,1607,renamed,1616
2966,2649600,12,1768,renamed,1751
2967,2659200,9,1655,renamed,1634
2968,2659200,3,1579,renamed,1588
2969,2660000,17,1753,renamed,1769
2970,2660000,13,1678,renamed,1690
2971,2660000,10,1687,renamed,1667
2972,2660000,15,1721,renamed,1735
2973,2660000,0,1289,renamed,1291
2974,2660000,16,1628,renamed,1637
2975,2660000,8,1526,renamed,1532
2976,2660000,9,1676,renamed,1655
2977,2660000,13,1698,renamed,1678
2978,2660000,17,1768,renamed,1753
2979,2668800,14,1628,renamed,1607
2980,2668800,15,1706,renamed,1721
2981,2668800,16,1617,renamed,1628
2982,2668800,6,1595,renamed,1573
2983,2668800,12,1751,renamed,1768
2984,2668800,11,1688,renamed,1702
2985,2668800,3,1571,renamed,1579
2986,2668800,10,1675,renamed,1687
2987,2668800,13,1717,renamed,1698
2988,2668800,9,1664,renamed,1676
2989,2668800,17,1783,renamed,1768
2990,2678400,15,1693,renamed,1706
2991,2680000,4,1396,renamed,1367
2992,2680000,16,1637,renamed,1617
2993,2680000,17,1765,renamed,1783
2994,2680000,13,1703,renamed,1717
2995,2680000,2,1572,renamed,1549
2996,2680000,14,1647,renamed,1628
2997,2680000,12,1734,renamed,1751
2998,2680000,15,1710,renamed,1693
2999,2680000,3,1561,renamed,1571
3000,2688000,5,1382,renamed,1386
3001,2688000,9,1651,renamed,1664
3002,2688000,16,1626,renamed,1637
3003,2688000,10,1663,renamed,1675
3004,2688000,8,1520,renamed,1526
3005,2688000,17,1750,renamed,1765
3006,2688000,13,1722,renamed,1703
3007,2688000,15,1728,renamed,1710
3008,2688000,16,1646,renamed,1626
3009,2688000,11,1705,renamed,1688
3010,2688000,7,1579,renamed,1589
3011,2688000,18,1715,stored,
3012,2697600,14,1665,renamed,1647
3013,2697600,12,1748,renamed,1734
3014,2697600,10,1649,renamed,1663
3015,2697600,6,1584,renamed,1595
3016,2697600,16,1633,renamed,1646
3017,2700000,3,1552,renamed,1561
3018,2700000,17,1734,renamed,1750
3019,2700000,9,1670,renamed,1651
3020,2700000,18,1731,renamed,1715
3021,2700000,10,1636,renamed,1649
3022,2700000,14,1683,renamed,1665
3023,2700000,7,1600,renamed,1579
3024,2700000,15,1711,renamed,1728
3025,2700000,13,1736,renamed,1722
3026,2707200,17,1717,renamed,1734
3027,2707200,12,1731,renamed,1748
3028,2707200,18,1715,renamed,1731
3029,2707200,8,1513,renamed,1520
3030,2707200,9,1658,renamed,1670
3031,2707200,16,1623,renamed,1633
3032,2707200,15,1729,renamed,1711
3033,2707200,11,1722,renamed,1705
3034,2707200,14,1670,renamed,1683
3035,2707200,18,1701,renamed,1715
3036,2716800,4,1393,renamed,1396
3037,2716800,17,1734,renamed,1717
3038,2720000,13,1721,renamed,1736
3039,2720000,5,1379,renamed,1382
3040,2720000,15,1746,renamed,1729
3041,2720000,18,1718,renamed,1701
3042,2720000,11,1738,renamed,1722
3043,2720000,6,1574,renamed,1584
3044,2720000,7,1621,renamed,1600
3045,2720000,16,1611,renamed,1623
3046,2720000,17,1748,renamed,1734
3047,2720000,9,1645,renamed,1658
3048,2720000,10,1624,renamed,1636
3049,2726400,2,1594,renamed,1572
3050,2726400,18,1702,renamed,1718
3051,2726400,6,1565,renamed,1574
3052,2726400,4,1389,renamed,1393
3053,2726400,16,1632,renamed,1611
3054,2726400,17,1762,renamed,1748
3055,2726400,15,1729,renamed,1746
3056,2726400,14,1687,renamed,1670
3057,2726400,2,1614,renamed,1594
3058,2726400,18,1716,renamed,1702
3059,2736000,6,1554,renamed,1565
3060,2736000,10,1611,renamed,1624
3061,2736000,9,1662,renamed,1645
3062,2736000,13,1703,renamed,1721
3063,2736000,7,1609,renamed,1621
3064,2736000,16,1620,renamed,1632
3065,2740000,17,1745,renamed,1762
3066,2740000,18,1701,renamed,1716
3067,2740000,14,1674,renamed,1687
3068,2740000,15,1715,renamed,1729
3069,2740000,7,1600,renamed,1609
3070,2740000,10,1603,renamed,1611
3071,2740000,1,1285,renamed,1287
3072,2740000,9,1652,renamed,1662
3073,2745600,18,1690,renamed,1701
3074,2745600,12,1719,renamed,1731
3075,2745600,17,1764,renamed,1745
3076,2745600,10,1596,renamed,1603
3077,2745600,16,1643,renamed,1620
3078,2745600,11,1725,renamed,1738
3079,2745600,15,1734,renamed,1715
3080,2745600,14,1694,renamed,1674
3081,2745600,18,1678,renamed,1690
3082,2755200,17,1749,renamed,1764
3083,2755200,16,1634,renamed,1643
3084,2755200,12,1738,renamed,1719
3085,2755200,8,1508,renamed,1513
3086,2755200,13,1722,renamed,1703
3087,2755200,11,1742,renamed,1725
3088,2755200,6,1546,renamed,1554
3089,2760000,17,1765,renamed,1749
3090,2760000,15,1750,renamed,1734
3091,2760000,16,1623,renamed,1634
3092,2760000,18,1665,renamed,1678
3093,2760000,2,1635,renamed,1614
3094,2764800,12,1753,renamed,1738
3095,2764800,14,1680,renamed,1694
3096,2764800,11,1757,renamed,1742
3097,2764800,17,1747,renamed,1765
3098,2764800,15,1764,renamed,1750
3099,2764800,16,1642,renamed,1623
3100,2764800,3,1543,renamed,1552
3101,2764800,18,1682,renamed,1665
3102,2764800,13,1705,renamed,1722
3103,2764800,14,1696,renamed,1680
3104,2774400,12,1765,renamed,1753
3105,2774400,5,1374,renamed,1379
3106,2774400,6,1567,renamed,1546
3107,2774400,13,1688,renamed,1705
3108,2774400,11,1769,renamed,1757
3109,2774400,2,1652,renamed,1635
3110,2780000,16,1627,renamed,1642
3111,2780000,17,1728,renamed,1747
3112,2780000,19,1682,stored,
3113,2780000,18,1697,renamed,1682
3114,2780000,15,1775,renamed,1764
3115,2780000,14,1709,renamed,1696
3116,2780000,4,1414,renamed,1389
3117,2784000,7,1585,renamed,1600
3118,2784000,6,1585,renamed,1567
3119,2784000,13,1669,renamed,1688
3120,2784000,19,1664,renamed,1682
3121,2784000,17,1709,renamed,1728
3122,2784000,11,1780,renamed,1769
3123,2784000,18,1680,renamed,1697
3124,2784000,17,1692,renamed,1709
3125,2784000,16,1615,renamed,1627
3126,2784000,3,1534,renamed,1543
3127,2784000,5,1370,renamed,1374
3128,2793600,3,1526,renamed,1534
3129,2793600,10,1617,renamed,1596
3130,2793600,15,1757,renamed,1775
3131,2793600,18,1667,renamed,1680
3132,2793600,19,1652,renamed,1664
3133,2793600,17,1679,renamed,1692
3134,2793600,16,1606,renamed,1615
3135,2793600,14,1697,renamed,1709
3136,2793600,19,1642,renamed,1652
3137,2793600,11,1765,renamed,1780
3138,2800000,9,1643,renamed,1652
3139,2800000,13,1691,renamed,1669
3140,2800000,10,1640,renamed,1617
3141,2803200,12,1781,renamed,1765
3142,2803200,18,1686,renamed,1667
3143,2803200,9,1632,renamed,1643
3144,2803200,19,1662,renamed,1642
3145,2803200,17,1696,renamed,1679
3146,2803200,16,1595,renamed,1606
3147,2803200,11,1778,renamed,1765
3148,2803200,15,1740,renamed,1757
3149,2803200,9,1621,renamed,1632
3150,2803200,3,1519,renamed,1526
3151,2812800,18,1704,renamed,1686
3152,2812800,13,1677,renamed,1691
3153,2812800,14,1684,renamed,1697
3154,2812800,19,1651,renamed,1662
3155,2812800,17,1714,renamed,1696
3156,2812800,19,1640,renamed,1651
3157,2812800,6,1577,renamed,1585
3158,2812800,12,1796,renamed,1781
3159,2812800,16,1586,renamed,1595
3160,2820000,17,1701,renamed,1714
3161,2820000,18,1692,renamed,1704
3162,2820000,15,1727,renamed,1740
3163,2820000,3,1514,renamed,1519
3164,2820000,17,1690,renamed,1701
3165,2822400,19,1632,renamed,1640
3166,2822400,16,1580,renamed,1586
3167,2822400,6,1571,renamed,1577
3168,2822400,7,1610,renamed,1585
3169,2822400,17,1711,renamed,1690
3170,2822400,15,1715,renamed,1727
3171,2822400,11,1764,renamed,1778
3172,2822400,18,1682,renamed,1692
3173,2822400,9,1645,renamed,1621
3174,2822400,16,1573,renamed,1580
3175,2822400,13,1667,renamed,1677
3176,2832000,19,1655,renamed,1632
3177,2832000,17,1730,renamed,1711
3178,2832000,7,1602,renamed,1610
3179,2832000,15,1733,renamed,1715
3180,2832000,12,1780,renamed,1796
3181,2832000,2,1673,renamed,1652
3182,2832000,10,1630,renamed,1640
3183,2832000,9,1635,renamed,1645
3184,2832000,19,1645,renamed,1655
3185,2832000,17,1748,renamed,1730
3186,2840000,18,1701,renamed,1682
3187,2841600,16,1565,renamed,1573
3188,2841600,6,1594,renamed,1571
3189,2841600,13,1685,renamed,1667
3190,2841600,7,1622,renamed,1602
3191,2841600,11,1746,renamed,1764
3192,2841600,12,1793,renamed,1780
3193,2841600,18,1686,renamed,1701
3194,2841600,15,1717,renamed,1733
3195,2841600,9,1624,renamed,1635
3196,2841600,17,1733,renamed,1748
3197,2841600,3,1508,renamed,1514
3198,2841600,14,1703,renamed,1684
3199,2841600,16,1588,renamed,1565
3200,2841600,19,1664,renamed,1645
3201,2851200,18,1672,renamed,1686
3202,2851200,6,1615,renamed,1594
3203,2851200,17,1716,renamed,1733
3204,2851200,13,1671,renamed,1685
3205,2851200,1,1314,renamed,1285
3206,2851200,15,1701,renamed,1717
3207,2851200,19,1651,renamed,1664
3208,2851200,11,1730,renamed,1746
3209,2851200,14,1720,renamed,1703
3210,2860000,18,1690,renamed,1672
3211,2860800,19,1669,renamed,1651
3212,2860800,6,1603,renamed,1615
3213,2860800,20,1706,stored,
3214,2860800,17,1700,renamed,1716
3215,2860800,12,1805,renamed,1793
3216,2860800,11,1714,renamed,1730
3217,2860800,13,1689,renamed,1671
3218,2860800,18,1676,renamed,1690
3219,2860800,19,1656,renamed,1669
3220,2860800,15,1687,renamed,1701
3221,2860800,7,1612,renamed,1622
3222,2870400,13,1677,renamed,1689
3223,2870400,16,1580,renamed,1588
3224,2870400,19,1646,renamed,1656
3225,2870400,20,1694,renamed,1706
3226,2870400,14,1708,renamed,1720
3227,2870400,20,1684,renamed,1694
3228,2870400,17,1721,renamed,1700
3229,2870400,19,1637,renamed,1646
3230,2870400,18,1666,renamed,1676
3231,2870400,16,1574,renamed,1580
3232,2870400,13,1699,renamed,1677
3233,2870400,15,1707,renamed,1687
3234,2870400,12,1819,renamed,1805
3235,2880000,3,1502,renamed,1508
3236,2880000,14,1696,renamed,1708
3237,2880000,20,1704,renamed,1684
3238,2880000,19,1627,renamed,1637
3239,2880000,13,1687,renamed,1699
3240,2880000,18,1656,renamed,1666
3241,2880000,16,1598,renamed,1574
3242,2880000,10,1621,renamed,1630
3243,2880000,17,1739,renamed,1721
3244,2880000,12,1832,renamed,1819
3245,2880000,11,1700,renamed,1714
3246,2880000,20,1722,renamed,1704
3247,2889600,2,1661,renamed,1673
3248,2889600,19,1617,renamed,1627
3249,2889600,18,1676,renamed,1656
3250,2889600,17,1724,renamed,1739
3251,2889600,13,1706,renamed,1687
3252,2889600,14,1683,renamed,1696
3253,2889600,8,1502,renamed,1508
3254,2889600,11,1718,renamed,1700
3255,2889600,12,1813,renamed,1832
3256,2889600,18,1665,renamed,1676
3257,2889600,19,1608,renamed,1617
3258,2899200,17,1712,renamed,1724
3259,2900000,20,1710,renamed,1722
3260,2900000,9,1616,renamed,1624
3261,2900000,12,1829,renamed,1813
3262,2900000,2,1652,renamed,1661
3263,2900000,15,1696,renamed,1707
3264,2900000,19,1632,renamed,1608
3265,2900000,7,1635,renamed,1612
3266,2900000,11,1736,renamed,1718
3267,2900000,17,1699,renamed,1712
3268,2900000,13,1694,renamed,1706
3269,2908800,14,1672,renamed,1683
3270,2908800,20,1698,renamed,1710
3271,2908800,19,1655,renamed,1632
3272,2908800,18,1655,renamed,1665
3273,2908800,9,1639,renamed,1616
3274,2908800,16,1590,renamed,1598
3275,2908800,4,1411,renamed,1414
3276,2908800,12,1812,renamed,1829
3277,2908800,20,1687,renamed,1698
3278,2918400,17,1719,renamed,1699
3279,2918400,8,1497,renamed,1502
3280,2918400,7,1626,renamed,1635
3281,2920000,2,1643,renamed,1652
3282,2920000,18,1646,renamed,1655
3283,2920000,19,1677,renamed,1655
3284,2920000,8,1492,renamed,1497
3285,2920000,17,1707,renamed,1719
3286,2920000,18,1638,renamed,1646
3287,2920000,9,1631,renamed,1639
3288,2920000,20,1709,renamed,1687
3289,2920000,10,1613,renamed,1621
3290,2920000,12,1797,renamed,1812
3291,2920000,13,1715,renamed,1694
3292,2920000,4,1408,renamed,1411
3293,2928000,16,1583,renamed,1590
3294,2928000,19,1699,renamed,1677
3295,2928000,18,1660,renamed,1638
3296,2928000,17,1695,renamed,1707
3297,2928000,20,1728,renamed,1709
3298,2928000,7,1617,renamed,1626
3299,2928000,15,1684,renamed,1696
3300,2928000,18,1650,renamed,1660
3301,2928000,17,1715,renamed,1695
3302,2928000,14,1661,renamed,1672
3303,2928000,19,1718,renamed,1699
3304,2928000,16,1575,renamed,1583
3305,2937600,20,1715,renamed,1728
3306,2940000,9,1653,renamed,1631
3307,2940000,15,1672,renamed,1684
3308,2940000,13,1703,renamed,1715
3309,2940000,17,1703,renamed,1715
3310,2940000,14,1652,renamed,1661
3311,2940000,18,1672,renamed,1650
3312,2940000,19,1706,renamed,1718
3313,2940000,2,1634,renamed,1643
3314,2940000,21,1817,stored,
3315,2940000,20,1704,renamed,1715
3316,2947200,16,1600,renamed,1575
3317,2947200,10,1605,renamed,1613
3318,2947200,17,1692,renamed,1703
3319,2947200,2,1626,renamed,1634
3320,2947200,19,1696,renamed,1706
3321,2947200,11,1725,renamed,1736
3322,2947200,15,1695,renamed,1672
3323,2947200,18,1663,renamed,1672
3324,2947200,21,1803,renamed,1817
3325,2956800,20,1695,renamed,1704
3326,2956800,14,1645,renamed,1652
3327,2956800,19,1688,renamed,1696
3328,2956800,17,1715,renamed,1692
3329,2960000,16,1625,renamed,1600
3330,2960000,15,1685,renamed,1695
3331,2960000,9,1645,renamed,1653
3332,2960000,21,1790,renamed,1803
3333,2960000,2,1651,renamed,1626
3334,2960000,19,1679,renamed,1688
3335,2960000,20,1717,renamed,1695
3336,2960000,15,1675,renamed,1685
3337,2966400,18,1655,renamed,1663
3338,2966400,7,1610,renamed,1617
3339,2966400,17,1736,renamed,1715
3340,2966400,21,1776,renamed,1790
3341,2966400,4,1406,renamed,1408
3342,2966400,11,1745,renamed,1725
3343,2966400,20,1706,renamed,1717
3344,2966400,19,1670,renamed,1679
3345,2966400,13,1724,renamed,1703
3346,2966400,1,1344,renamed,1314
3347,2966400,15,1665,renamed,1675
3348,2976000,18,1646,renamed,1655
3349,2976000,20,1695,renamed,1706
3350,2976000,19,1692,renamed,1670
3351,2976000,17,1754,renamed,1736
3352,2976000,21,1761,renamed,1776
3353,2976000,13,1712,renamed,1724
3354,2980000,16,1617,renamed,1625
3355,2980000,11,1733,renamed,1745
3356,2980000,15,1656,renamed,1665
3357,2980000,19,1683,renamed,1692
3358,2985600,18,1639,renamed,1646
3359,2985600,14,1638,renamed,1645
3360,2985600,17,1743,renamed,1754
3361,2985600,20,1718,renamed,1695
3362,2985600,21,1750,renamed,1761
3363,2985600,19,1675,renamed,1683
3364,2985600,1,1343,renamed,1344
3365,2985600,16,1611,renamed,1617
3366,2985600,18,1633,renamed,1639
3367,2985600,15,1649,renamed,1656
3368,2985600,10,1600,renamed,1605
3369,2985600,14,1632,renamed,1638
3370,2995200,9,1670,renamed,1645
3371,2995200,11,1754,renamed,1733
3372,2995200,17,1732,renamed,1743
3373,2995200,18,1627,renamed,1633
3374,2995200,21,1740,renamed,1750
3375,2995200,12,1816,renamed,1797
3376,2995200,2,1644,renamed,1651
3377,3000000,19,1667,renamed,1675
3378,3000000,20,1709,renamed,1718
3379,3000000,18,1652,renamed,1627
3380,3000000,9,1693,renamed,1670
3381,3004800,10,1625,renamed,1600
3382,3004800,17,1751,renamed,1732
3383,3004800,4,1403,renamed,1406
3384,3004800,12,1830,renamed,1816
3385,3004800,21,1726,renamed,1740
3386,3004800,19,1688,renamed,1667
3387,3004800,2,1634,renamed,1644
3388,3004800,20,1697,renamed,1709
3389,3004800,16,1603,renamed,1611
3390,3004800,18,1643,renamed,1652
3391,3004800,11,1741,renamed,1754
3392,3004800,19,1678,renamed,1688
3393,3014400,15,1672,renamed,1649
3394,3014400,17,1769,renamed,1751
3395,3014400,12,1844,renamed,1830
3396,3014400,13,1700,renamed,1712
3397,3014400,21,1714,renamed,1726
3398,3020000,6,1627,renamed,1603
3399,3020000,18,1664,renamed,1643
3400,3020000,20,1715,renamed,1697
3401,3020000,14,1652,renamed,1632
3402,3024000,19,1665,renamed,1678
3403,3024000,17,1783,renamed,1769
3404,3024000,3,1526,renamed,1502
3405,3024000,16,1592,renamed,1603
3406,3024000,21,1698,renamed,1714
3407,3024000,11,1725,renamed,1741
3408,3024000,20,1701,renamed,1715
3409,3024000,18,1683,renamed,1664
3410,3024000,7,1631,renamed,1610
3411,3024000,2,1622,renamed,1634
3412,3024000,19,1652,renamed,1665
3413,3024000,12,1824,renamed,1844
3414,3033600,21,1716,renamed,1698
3415,3033600,22,1740,stored,
3416,3033600,17,1766,renamed,1783
3417,3033600,20,1719,renamed,1701
3418,3033600,16,1583,renamed,1592
3419,3033600,18,1671,renamed,1683
3420,3033600,6,1648,renamed,1627
3421,3033600,15,1660,renamed,1672
3422,3033600,13,1687,renamed,1700
3423,3040000,17,1781,renamed,1766
3424,3040000,14,1641,renamed,1652
3425,3040000,7,1621,renamed,1631
3426,3040000,22,1726,renamed,1740
3427,3043200,20,1707,renamed,1719
3428,3043200,2,1614,renamed,1622
3429,3043200,21,1705,renamed,1716
3430,3043200,19,1644,renamed,1652
3431,3043200,17,1768,renamed,1781
3432,3043200,11,1715,renamed,1725
3433,3043200,7,1615,renamed,1621
3434,3043200,18,1663,renamed,1671
3435,3043200,20,1729,renamed,1707
3436,3043200,2,1608,renamed,1614
3437,3043200,22,1747,renamed,1726
3438,3043200,21,1726,renamed,1705
3439,3052800,19,1635,renamed,1644
3440,3052800,18,1654,renamed,1663
3441,3052800,12,1839,renamed,1824
3442,3052800,17,1755,renamed,1768
3443,3052800,6,1640,renamed,1648
3444,3052800,22,1766,renamed,1747
3445,3052800,3,1521,renamed,1526
3446,3052800,21,1745,renamed,1726
3447,3052800,15,1650,renamed,1660
3448,3052800,20,1717,renamed,1729
3449,3060000,13,1708,renamed,1687
3450,3060000,18,1645,renamed,1654
3451,3062400,19,1658,renamed,1635
3452,3062400,16,1607,renamed,1583
3453,3062400,2,1630,renamed,1608
3454,3062400,22,1750,renamed,1766
3455,3062400,7,1606,renamed,1615
3456,3062400,11,1732,renamed,1715
3457,3062400,20,1703,renamed,1717
3458,3062400,21,1761,renamed,1745
3459,3072000,18,1634,renamed,1645
3460,3072000,13,1725,renamed,1708
3461,3072000,9,1710,renamed,1693
3462,3072000,17,1738,renamed,1755
3463,3072000,19,1646,renamed,1658
3464,3072000,20,1690,renamed,1703
3465,3072000,2,1651,renamed,1630
3466,3072000,22,1734,renamed,1750
3467,3072000,22,1750,renamed,1734
3468,3072000,21,1745,renamed,1761
3469,3080000,19,1666,renamed,1646
3470,3080000,11,1717,renamed,1732
3471,3081600,12,1851,renamed,1839
3472,3081600,18,1654,renamed,1634
3473,3081600,16,1627,renamed,1607
3474,3081600,2,1638,renamed,1651
3475,3081600,21,1728,renamed,1745
3476,3081600,6,1659,renamed,1640
3477,3081600,14,1629,renamed,1641
3478,3081600,7,1596,renamed,1606
3479,3081600,1,1340,renamed,1343
3480,3081600,22,1734,renamed,1750
3481,3081600,20,1677,renamed,1690
3482,3081600,19,1686,renamed,1666
3483,3091200,2,1627,renamed,1638
3484,3091200,3,1515,renamed,1521
3485,3091200,15,1670,renamed,1650
3486,3091200,20,1665,renamed,1677
3487,3091200,22,1750,renamed,1734
3488,3091200,6,1647,renamed,1659
3489,3091200,9,1727,renamed,1710
3490,3091200,18,1642,renamed,1654
3491,3091200,21,1714,renamed,1728
3492,3100000,2,1617,renamed,1627
3493,3100800,19,1705,renamed,1686
3494,3100800,16,1617,renamed,1627
3495,3100800,20,1684,renamed,1665
3496,3100800,17,1753,renamed,1738
3497,3100800,22,1734,renamed,1750
3498,3100800,21,1700,renamed,1714
3499,3100800,15,1658,renamed,1670
3500,3100800,20,1672,renamed,1684
3501,3100800,18,1632,renamed,1642
3502,3100800,8,1518,renamed,1492
3503,3100800,2,1639,renamed,1617
3504,3100800,9,1743,renamed,1727
3505,3100800,21,1716,renamed,1700
3506,3110400,18,1620,renamed,1632
3507,3110400,22,1749,renamed,1734
3508,3110400,10,1644,renamed,1625
3509,3110400,19,1719,renamed,1705
3510,3110400,17,1765,renamed,1753
3511,3110400,13,1737,renamed,1725
3512,3110400,14,1645,renamed,1629
3513,3110400,20,1685,renamed,1672
3514,3110400,9,1753,renamed,1743
3515,3110400,21,1727,renamed,1716
3516,3110400,23,1592,stored,
3517,3110400,22,1727,renamed,1749
3518,3120000,5,1364,renamed,1370
3519,3120000,2,1623,renamed,1639
3520,3120000,16,1633,renamed,1617
3521,3120000,8,1507,renamed,1518
3522,3120000,20,1667,renamed,1685
3523,3120000,11,1729,renamed,1717
3524,3120000,21,1738,renamed,1727
3525,3120000,18,1636,renamed,1620
3526,3120000,19,1699,renamed,1719
3527,3120000,22,1738,renamed,1727
3528,3120000,23,1578,renamed,1592
3529,3129600,15,1672,renamed,1658
3530,3129600,20,1650,renamed,1667
3531,3129600,7,1583,renamed,1596
3532,3129600,17,1776,renamed,1765
3533,3129600,22,1719,renamed,1738
3534,3129600,21,1719,renamed,1738
3535,3129600,20,1636,renamed,1650
3536,3129600,14,1632,renamed,1645
3537,3129600,23,1568,renamed,1578
3538,3129600,19,1685,renamed,1699
3539,3129600,18,1625,renamed,1636
3540,3140000,6,1667,renamed,1647
3541,3140000,23,1559,renamed,1568
3542,3140000,22,1704,renamed,1719
3543,3140000,9,1738,renamed,1753
3544,3140000,11,1715,renamed,1729
3545,3140000,21,1706,renamed,1719
3546,3140000,20,1627,renamed,1636
3547,3140000,16,1625,renamed,1633
3548,3140000,23,1584,renamed,1559
3549,3148800,19,1705,renamed,1685
3550,3148800,22,1691,renamed,1704
3551,3148800,8,1533,renamed,1507
3552,3148800,4,1399,renamed,1403
3553,3148800,17,1760,renamed,1776
3554,3148800,7,1606,renamed,1583
3555,3148800,21,1723,renamed,1706
3556,3148800,23,1605,renamed,1584
3557,3148800,20,1646,renamed,1627
3558,3148800,22,1676,renamed,1691
3559,3148800,1,1337,renamed,1340
3560,3148800,3,1507,renamed,1515
3561,3158400,19,1690,renamed,1705
3562,3160000,18,1645,renamed,1625
3563,3160000,16,1644,renamed,1625
3564,3160000,9,1751,renamed,1738
3565,3160000,23,1593,renamed,1605
3566,3160000,22,1661,renamed,1676
3567,3160000,21,1737,renamed,1723
3568,3160000,1,1333,renamed,1337
3569,3160000,17,1742,renamed,1760
3570,3160000,19,1676,renamed,1690
3571,3168000,7,1626,renamed,1606
3572,3168000,20,1633,renamed,1646
3573,3168000,23,1614,renamed,1593
3574,3168000,22,1647,renamed,1661
3575,3168000,10,1632,renamed,1644
3576,3168000,15,1659,renamed,1672
3577,3168000,5,1361,renamed,1364
3578,3168000,21,1752,renamed,1737
3579,3168000,20,1622,renamed,1633
3580,3168000,7,1646,renamed,1626
3581,3168000,23,1634,renamed,1614
3582,3168000,22,1634,renamed,1647
3583,3177600,11,1700,renamed,1715
3584,3177600,21,1736,renamed,1752
3585,3177600,20,1612,renamed,1622
3586,3180000,16,1633,renamed,1644
3587,3180000,19,1665,renamed,1676
3588,3180000,18,1635,renamed,1645
3589,3180000,23,1625,renamed,1634
3590,3180000,15,1680,renamed,1659
3591,3180000,20,1603,renamed,1612
3592,3180000,3,1502,renamed,1507
3593,3180000,21,1754,renamed,1736
3594,3180000,2,1645,renamed,1623
3595,3180000,23,1646,renamed,1625
3596,3187200,12,1861,renamed,1851
3597,3187200,22,1622,renamed,1634
3598,3187200,6,1654,renamed,1667
3599,3187200,19,1653,renamed,1665
3600,3187200,20,1625,renamed,1603
3601,3187200,21,1768,renamed,1754
3602,3187200,23,1664,renamed,1646
3603,3187200,18,1653,renamed,1635
3604,3187200,16,1650,renamed,1633
3605,3187200,19,1669,renamed,1653
3606,3196800,22,1638,renamed,1622
3607,3196800,17,1752,renamed,1742
3608,3196800,20,1609,renamed,1625
3609,3196800,23,1678,renamed,1664
3610,3200000,18,1667,renamed,1653
3611,3200000,12,1836,renamed,1861
3612,3200000,21,1778,renamed,1768
3613,3200000,22,1652,renamed,1638
3614,3200000,3,1522,renamed,1502
3615,3200000,21,1786,renamed,1778
3616,3200000,19,1650,renamed,1669
3617,3200000,24,1596,stored,
3618,3200000,23,1690,renamed,1678
3619,3206400,20,1593,renamed,1609
3620,3206400,6,1667,renamed,1654
3621,3206400,1,1327,renamed,1333
3622,3206400,17,1761,renamed,1752
3623,3206400,13,1746,renamed,1737
3624,3206400,2,1627,renamed,1645
3625,3206400,22,1665,renamed,1652
3626,3206400,24,1580,renamed,1596
3627,3206400,18,1649,renamed,1667
3628,3206400,23,1672,renamed,1690
3629,3216000,22,1679,renamed,1665
3630,3216000,19,1633,renamed,1650
3631,3216000,20,1580,renamed,1593
3632,3220000,21,1765,renamed,1786
3633,3220000,22,1694,renamed,1679
3634,3220000,13,1727,renamed,1746
3635,3220000,2,1614,renamed,1627
3636,3220000,24,1600,renamed,1580
3637,3220000,23,1687,renamed,1672
3638,3220000,10,1618,renamed,1632
3639,3220000,14,1618,renamed,1632
3640,3225600,20,1600,renamed,1580
3641,3225600,22,1677,renamed,1694
3642,3225600,21,1746,renamed,1765
3643,3225600,19,1621,renamed,1633
3644,3225600,18,1637,renamed,1649
3645,3225600,10,1638,renamed,1618
3646,3225600,24,1589,renamed,1600
3647,3225600,22,1694,renamed,1677
3648,3225600,23,1703,renamed,1687
3649,3225600,20,1619,renamed,1600
3650,3225600,21,1727,renamed,1746
3651,3235200,19,1639,renamed,1621
3652,3235200,18,1623,renamed,1637
3653,3235200,3,1544,renamed,1522
3654,3235200,10,1624,renamed,1638
3655,3235200,7,1632,renamed,1646
3656,3235200,23,1687,renamed,1703
3657,3235200,24,1579,renamed,1589
3658,3235200,14,1607,renamed,1618
3659,3240000,20,1608,renamed,1619
3660,3240000,22,1711,renamed,1694
3661,3240000,21,1711,renamed,1727
3662,3244800,12,1847,renamed,1836
3663,3244800,8,1556,renamed,1533
3664,3244800,6,1684,renamed,1667
3665,3244800,23,1672,renamed,1687
3666,3244800,24,1569,renamed,1579
3667,3244800,20,1597,renamed,1608
3668,3244800,21,1727,renamed,1711
3669,3244800,22,1726,renamed,1711
3670,3244800,19,1626,renamed,1639
3671,3244800,18,1642,renamed,1623
3672,3244800,6,1699,renamed,1684
3673,3244800,15,1695,renamed,1680
3674,3244800,13,1708,renamed,1727
3675,3254400,24,1558,renamed,1569
3676,3254400,16,1667,renamed,1650
3677,3254400,23,1656,renamed,1672
3678,3254400,12,1825,renamed,1847
3679,3254400,9,1764,renamed,1751
3680,3254400,7,1650,renamed,1632
3681,3260000,2,1632,renamed,1614
3682,3260000,22,1708,renamed,1726
3683,3260000,11,1714,renamed,1700
3684,3264000,7,1635,renamed,1650
3685,3264000,20,1585,renamed,1597
3686,3264000,15,1679,renamed,1695
3687,3264000,21,1711,renamed,1727
3688,3264000,18,1630,renamed,1642
3689,3264000,24,1550,renamed,1558
3690,3264000,23,1675,renamed,1656
3691,3264000,19,1615,renamed,1626
3692,3264000,1,1324,renamed,1327
3693,3264000,22,1694,renamed,1708
3694,3264000,20,1576,renamed,1585
3695,3273600,21,1698,renamed,1711
3696,3273600,2,1653,renamed,1632
3697,3273600,23,1694,renamed,1675
3698,3273600,24,1542,renamed,1550
3699,3273600,19,1605,renamed,1615
3700,3273600,14,1598,renamed,1607
3701,3273600,18,1620,renamed,1630
3702,3280000,7,1656,renamed,1635
3703,3280000,6,1716,renamed,1699
3704,3280000,24,1534,renamed,1542
3705,3283200,23,1711,renamed,1694
3706,3283200,22,1710,renamed,1694
3707,3283200,21,1683,renamed,1698
3708,3283200,2,1641,renamed,1653
3709,3283200,20,1567,renamed,1576
3710,3283200,9,1778,renamed,1764
3711,3283200,11,1699,renamed,1714
3712,3283200,15,1697,renamed,1679
3713,3283200,23,1727,renamed,1711
3714,3283200,22,1725,renamed,1710
3715,3283200,24,1556,renamed,1534
3716,3292800,21,1698,renamed,1683
3717,3292800,13,1721,renamed,1708
3718,3292800,25,1638,stored,
3719,3292800,6,1697,renamed,1716
3720,3292800,23,1739,renamed,1727
3721,3292800,14,1615,renamed,1598
3722,3292800,20,1585,renamed,1567
3723,3292800,22,1735,renamed,1725
3724,3292800,24,1543,renamed,1556
3725,3292800,16,1649,renamed,1667
3726,3300000,7,1670,renamed,1656
3727,3300000,12,1832,renamed,1825
3728,3302400,24,1531,renamed,1543
3729,3302400,3,1563,renamed,1544
3730,3302400,1,1319,renamed,1324
3731,3302400,9,1786,renamed,1778
3732,3302400,25,1652,renamed,1638
3733,3302400,2,1623,renamed,1641
3734,3302400,18,1604,renamed,1620
3735,3302400,23,1749,renamed,1739
3736,3302400,21,1709,renamed,1698
3737,3302400,4,1422,renamed,1399
3738,3302400,20,1600,renamed,1585
3739,3312000,19,1588,renamed,1605
3740,3312000,22,1713,renamed,1735
3741,3312000,10,1638,renamed,1624
3742,3312000,25,1664,renamed,1652
3743,3312000,14,1598,renamed,1615
3744,3312000,9,1794,renamed,1786
3745,3312000,4,1413,renamed,1422
3746,3312000,7,1682,renamed,1670
3747,3312000,24,1518,renamed,1531
3748,3320000,16,1631,renamed,1649
3749,3321600,25,1677,renamed,1664
3750,3321600,2,1607,renamed,1623
3751,3321600,21,1690,renamed,1709
3752,3321600,18,1621,renamed,1604
3753,3321600,23,1728,renamed,1749
3754,3321600,4,1406,renamed,1413
3755,3321600,24,1539,renamed,1518
3756,3321600,20,1586,renamed,1600
3757,3321600,25,1660,renamed,1677
3758,3321600,22,1726,renamed,1713
3759,3331200,14,1615,renamed,1598
3760,3331200,8,1574,renamed,1556
3761,3331200,19,1574,renamed,1588
3762,3331200,25,1674,renamed,1660
3763,3331200,23,1708,renamed,1728
3764,3331200,2,1593,renamed,1607
3765,3331200,24,1528,renamed,1539
3766,3331200,11,1712,renamed,1699
3767,3331200,13,1702,renamed,1721
3768,3331200,20,1605,renamed,1586
3769,3331200,16,1616,renamed,1631
3770,3340000,24,1518,renamed,1528
3771,3340000,23,1691,renamed,1708
3772,3340800,25,1659,renamed,1674
3773,3340800,12,1811,renamed,1832
3774,3340800,21,1707,renamed,1690
3775,3340800,5,1357,renamed,1361
3776,3340800,22,1710,renamed,1726
3777,3340800,15,1683,renamed,1697
3778,3340800,20,1595,renamed,1605
3779,3340800,25,1678,renamed,1659
3780,3340800,8,1596,renamed,1574
3781,3350400,24,1541,renamed,1518
3782,3350400,22,1724,renamed,1710
3783,3350400,12,1820,renamed,1811
3784,3350400,23,1705,renamed,1691
3785,3350400,9,1803,renamed,1794
3786,3350400,16,1632,renamed,1616
3787,3350400,24,1529,renamed,1541
3788,3350400,11,1724,renamed,1712
3789,3350400,25,1691,renamed,1678
3790,3350400,10,1652,renamed,1638
3791,3350400,23,1685,renamed,1705
3792,3350400,22,1735,renamed,1724
3793,3360000,2,1609,renamed,1593
3794,3360000,8,1611,renamed,1596
3795,3360000,11,1733,renamed,1724
3796,3360000,7,1692,renamed,1682
3797,3360000,21,1685,renamed,1707
3798,3360000,25,1671,renamed,1691
3799,3360000,6,1677,renamed,1697
3800,3360000,25,1653,renamed,1671
3801,3360000,3,1581,renamed,1563
3802,3360000,10,1666,renamed,1652
3803,3360000,17,1770,renamed,1761
3804,3369600,12,1827,renamed,1820
3805,3369600,25,1635,renamed,1653
3806,3369600,15,1695,renamed,1683
3807,3369600,24,1547,renamed,1529
3808,3369600,14,1628,renamed,1615
3809,3369600,8,1593,renamed,1611
3810,3369600,23,1696,renamed,1685
3811,3369600,2,1592,renamed,1609
3812,3369600,22,1744,renamed,1735
3813,3369600,25,1617,renamed,1635
3814,3369600,12,1802,renamed,1827
3815,3369600,24,1535,renamed,1547
3816,3369600,1,1315,renamed,1319
3817,3379200,16,1617,renamed,1632
3818,3380000,23,1679,renamed,1696
3819,3380000,4,1400,renamed,1406
3820,3380000,25,1604,renamed,1617
3821,3380000,23,1664,renamed,1679
3822,3380000,22,1758,renamed,1744
3823,3380000,20,1614,renamed,1595
3824,3380000,10,1681,renamed,1666
3825,3380000,21,1668,renamed,1685
3826,3380000,15,1679,renamed,1695
3827,3380000,24,1557,renamed,1535
3828,3388800,25,1622,renamed,1604
3829,3388800,9,1781,renamed,1803
3830,3388800,23,1649,renamed,1664
3831,3388800,1,1343,renamed,1315
3832,3388800,25,1608,renamed,1622
3833,3388800,18,1608,renamed,1621
3834,3388800,8,1612,renamed,1593
3835,3388800,22,1769,renamed,1758
3836,3388800,24,1546,renamed,1557
3837,3388800,12,1812,renamed,1802
3838,3398400,21,1683,renamed,1668
3839,3400000,23,1633,renamed,1649
3840,3400000,19,1593,renamed,1574
3841,3400000,25,1594,renamed,1608
3842,3400000,6,1691,renamed,1677
3843,3400000,25,1581,renamed,1594
3844,3400000,20,1631,renamed,1614
3845,3400000,15,1662,renamed,1679
3846,3400000,10,1664,renamed,1681
3847,3400000,24,1536,renamed,1546
3848,3408000,19,1581,renamed,1593
3849,3408000,23,1620,renamed,1633
3850,3408000,22,1751,renamed,1769
3851,3408000,25,1602,renamed,1581
3852,3408000,8,1631,renamed,1612
3853,3408000,20,1648,renamed,1631
3854,3408000,21,1667,renamed,1683
3855,3408000,16,1604,renamed,1617
3856,3408000,22,1764,renamed,1751
3857,3408000,25,1621,renamed,1602
3858,3408000,24,1557,renamed,1536
3859,3408000,6,1673,renamed,1691
3860,3408000,23,1637,renamed,1620
3861,3417600,9,1760,renamed,1781
3862,3417600,21,1651,renamed,1667
3863,3417600,15,1647,renamed,1662
3864,3417600,10,1681,renamed,1664
3865,3420000,2,1580,renamed,1592
3866,3420000,22,1776,renamed,1764
3867,3420000,25,1608,renamed,1621
3868,3420000,18,1596,renamed,1608
3869,3420000,20,1666,renamed,1648
3870,3420000,24,1578,renamed,1557
3871,3420000,15,1663,renamed,1647
3872,3420000,23,1622,renamed,1637
3873,3427200,22,1786,renamed,1776
3874,3427200,25,1595,renamed,1608
3875,3427200,9,1771,renamed,1760
3876,3427200,17,1750,renamed,1770
3877,3427200,8,1618,renamed,1631
3878,3427200,24,1567,renamed,1578
3879,3427200,23,1610,renamed,1622
3880,3427200,21,1638,renamed,1651
3881,3427200,4,1427,renamed,1400
3882,3427200,25,1584,renamed,1595
3883,3427200,13,1687,renamed,1702
3884,3436800,9,1784,renamed,1771
3885,3436800,3,1571,renamed,1581
3886,3436800,1,1340,renamed,1343
3887,3436800,5,1354,renamed,1357
3888,3440000,23,1630,renamed,1610
3889,3440000,15,1680,renamed,1663
3890,3440000,24,1557,renamed,1567
3891,3440000,26,1698,stored,
3892,3440000,21,1656,renamed,1638
3893,3440000,25,1603,renamed,1584
3894,3440000,20,1681,renamed,1666
3895,3440000,9,1793,renamed,1784
3896,3446400,22,1764,renamed,1786
3897,3446400,19,1600,renamed,1581
3898,3446400,23,1615,renamed,1630
3899,3446400,26,1711,renamed,1698
3900,3446400,24,1576,renamed,1557
3901,3446400,21,1639,renamed,1656
3902,3446400,25,1589,renamed,1603
3903,3446400,7,1705,renamed,1692
3904,3446400,8,1634,renamed,1618
3905,3446400,14,1643,renamed,1628
3906,3446400,0,1285,renamed,1289
3907,3446400,3,1557,renamed,1571
3908,3456000,26,1692,renamed,1711
3909,3456000,12,1820,renamed,1812
3910,3456000,25,1606,renamed,1589
3911,3456000,24,1562,renamed,1576
3912,3460000,23,1631,renamed,1615
3913,3460000,22,1742,renamed,1764
3914,3460000,26,1705,renamed,1692
3915,3460000,6,1686,renamed,1673
3916,3460000,21,1653,renamed,1639
3917,3460000,8,1648,renamed,1634
3918,3460000,25,1590,renamed,1606
3919,3465600,16,1619,renamed,1604
3920,3465600,9,1800,renamed,1793
3921,3465600,26,1684,renamed,1705
3922,3465600,11,1743,renamed,1733
3923,3465600,24,1578,renamed,1562
3924,3465600,25,1604,renamed,1590
3925,3465600,23,1643,renamed,1631
3926,3465600,4,1417,renamed,1427
3927,3465600,10,1660,renamed,1681
3928,3465600,19,1584,renamed,1600
3929,3475200,26,1695,renamed,1684
3930,3475200,3,1543,renamed,1557
3931,3475200,17,1728,renamed,1750
3932,3475200,7,1717,renamed,1705
3933,3475200,8,1661,renamed,1648
3934,3475200,6,1697,renamed,1686
3935,3475200,9,1776,renamed,1800
3936,3475200,25,1589,renamed,1604
3937,3480000,21,1667,renamed,1653
3938,3480000,26,1676,renamed,1695
3939,3484800,24,1595,renamed,1578
3940,3484800,2,1596,renamed,1580
3941,3484800,16,1602,renamed,1619
3942,3484800,22,1721,renamed,1742
3943,3484800,14,1627,renamed,1643
3944,3484800,17,1740,renamed,1728
3945,3484800,25,1576,renamed,1589
3946,3484800,7,1699,renamed,1717
3947,3484800,16,1590,renamed,1602
3948,3484800,18,1615,renamed,1596
3949,3484800,26,1691,renamed,1676
3950,3484800,24,1612,renamed,1595
3951,3484800,6,1709,renamed,1697
3952,3484800,23,1626,renamed,1643
3953,3494400,21,1650,renamed,1667
3954,3494400,22,1703,renamed,1721
3955,3494400,7,1713,renamed,1699
3956,3494400,26,1674,renamed,1691
3957,3494400,25,1595,renamed,1576
3958,3494400,24,1629,renamed,1612
3959,3494400,14,1612,renamed,1627
3960,3500000,23,1612,renamed,1626
3961,3500000,7,1696,renamed,1713
3962,3500000,21,1636,renamed,1650
3963,3500000,25,1584,renamed,1595
3964,3500000,10,1677,renamed,1660
3965,3504000,24,1647,renamed,1629
3966,3504000,26,1659,renamed,1674
3967,3504000,22,1718,renamed,1703
3968,3504000,9,1787,renamed,1776
3969,3504000,23,1599,renamed,1612
3970,3504000,19,1603,renamed,1584
3971,3504000,21,1622,renamed,1636
3972,3504000,25,1572,renamed,1584
3973,3504000,11,1756,renamed,1743
3974,3504000,0,1282,renamed,1285
3975,3504000,18,1633,renamed,1615
3976,3513600,13,1701,renamed,1687
3977,3513600,26,1643,renamed,1659
3978,3513600,15,1694,renamed,1680
3979,3513600,12,1797,renamed,1820
3980,3513600,24,1663,renamed,1647
3981,3513600,23,1616,renamed,1599
3982,3513600,25,1559,renamed,1572
3983,3513600,21,1608,renamed,1622
3984,3520000,6,1722,renamed,1709
3985,3523200,22,1730,renamed,1718
3986,3523200,26,1658,renamed,1643
3987,3523200,5,1348,renamed,1354
3988,3523200,3,1531,renamed,1543
3989,3523200,24,1677,renamed,1663
3990,3523200,23,1601,renamed,1616
3991,3523200,16,1577,renamed,1590
3992,3523200,9,1797,renamed,1787
3993,3523200,13,1683,renamed,1701
3994,3523200,25,1579,renamed,1559
3995,3523200,1,1335,renamed,1340
3996,3523200,26,1642,renamed,1658
3997,3532800,11,1737,renamed,1756
3998,3532800,20,1666,renamed,1681
3999,3532800,23,1590,renamed,1601
4000,3532800,22,1744,renamed,1730
4001,3532800,24,1662,renamed,1677
4002,3532800,25,1569,renamed,1579
4003,3532800,9,1778,renamed,1797
4004,3532800,15,1711,renamed,1694
4005,3540000,26,1630,renamed,1642
4006,3540000,2,1617,renamed,1596
4007,3540000,23,1610,renamed,1590
4008,3542400,6,1736,renamed,1722
4009,3542400,22,1756,renamed,1744
4010,3542400,25,1588,renamed,1569
4011,3542400,24,1646,renamed,1662
4012,3542400,21,1625,renamed,1608
4013,3542400,26,1646,renamed,1630
4014,3542400,7,1708,renamed,1696
4015,3542400,20,1679,renamed,1666
4016,3542400,10,1658,renamed,1677
4017,3542400,5,1374,renamed,1348
4018,3542400,23,1594,renamed,1610
4019,3552000,2,1632,renamed,1617
4020,3552000,25,1573,renamed,1588
4021,3552000,8,1643,renamed,1661
4022,3552000,26,1630,renamed,1646
4023,3552000,24,1631,renamed,1646
4024,3552000,23,1612,renamed,1594
4025,3552000,20,1693,renamed,1679
4026,3552000,22,1766,renamed,1756
4027,3560000,25,1560,renamed,1573
4028,3560000,21,1640,renamed,1625
4029,3561600,26,1645,renamed,1630
4030,3561600,19,1618,renamed,1603
4031,3561600,15,1690,renamed,1711
4032,3561600,2,1646,renamed,1632
4033,3561600,24,1644,renamed,1631
4034,3561600,8,1655,renamed,1643
4035,3561600,3,1548,renamed,1531
4036,3561600,25,1544,renamed,1560
4037,3561600,16,1561,renamed,1577
4038,3561600,20,1703,renamed,1693
4039,3561600,23,1595,renamed,1612
4040,3571200,17,1749,renamed,1740
4041,3571200,26,1627,renamed,1645
4042,3571200,11,1716,renamed,1737
4043,3571200,24,1628,renamed,1644
4044,3571200,17,1759,renamed,1749
4045,3571200,22,1745,renamed,1766
4046,3571200,25,1533,renamed,1544
4047,3571200,23,1613,renamed,1595
4048,3571200,5,1400,renamed,1374
4049,3571200,15,1671,renamed,1690
4050,3580800,26,1612,renamed,1627
4051,3580800,21,1625,renamed,1640
4052,3580800,25,1554,renamed,1533
4053,3580800,20,1716,renamed,1703
4054,3580800,23,1598,renamed,1613
4055,3580800,24,1644,renamed,1628
4056,3580800,22,1725,renamed,1745
4057,3580800,21,1611,renamed,1625
4058,3580800,11,1729,renamed,1716
4059,3580800,3,1568,renamed,1548
4060,3580800,13,1665,renamed,1683
4061,3590400,26,1629,renamed,1612
4062,3590400,9,1756,renamed,1778
4063,3590400,2,1662,renamed,1646
4064,3590400,14,1628,renamed,1612
4065,3590400,10,1641,renamed,1658
4066,3590400,25,1573,renamed,1554
4067,3590400,7,1719,renamed,1708
4068,3590400,26,1613,renamed,1629
4069,3590400,18,1648,renamed,1633
4070,3590400,23,1583,renamed,1598
4071,3590400,24,1658,renamed,1644
4072,3590400,21,1596,renamed,1611
4073,3600000,22,1736,renamed,1725
4074,3600000,25,1590,renamed,1573
4075,3600000,12,1804,renamed,1797
4076,3600000,26,1597,renamed,1613
4077,3600000,23,1599,renamed,1583
4078,3600000,18,1661,renamed,1648
4079,3600000,6,1714,renamed,1736
4080,3600000,20,1726,renamed,1716
4081,3600000,24,1670,renamed,1658
4082,3600000,8,1667,renamed,1655
4083,3609600,13,1676,renamed,1665
4084,3609600,21,1609,renamed,1596
4085,3609600,14,1609,renamed,1628
4086,3609600,26,1610,renamed,1597
4087,3609600,24,1649,renamed,1670
4088,3609600,25,1574,renamed,1590
4089,3609600,16,1547,renamed,1561
4090,3609600,6,1694,renamed,1714
4091,3609600,23,1615,renamed,1599
4092,3619200,7,1699,renamed,1719
4093,3620000,0,1278,renamed,1282
4094,3620000,26,1595,renamed,1610
4095,3620000,15,1654,renamed,1671
4096,3620000,25,1562,renamed,1574
4097,3620000,2,1647,renamed,1662
4098,3620000,24,1635,renamed,1649
4099,3620000,18,1647,renamed,1661
4100,3620000,26,1585,renamed,1595
4101,3620000,25,1584,renamed,1562
4102,3620000,23,1603,renamed,1615
4103,3620000,17,1772,renamed,1759
4104,3620000,22,1750,renamed,1736
4105,3628800,7,1683,renamed,1699
4106,3628800,24,1653,renamed,1635
4107,3628800,21,1628,renamed,1609
4108,3628800,26,1604,renamed,1585
4109,3628800,3,1587,renamed,1568
4110,3628800,23,1619,renamed,1603
4111,3628800,25,1570,renamed,1584
4112,3628800,19,1603,renamed,1618
4113,3628800,9,1766,renamed,1756
4114,3628800,21,1643,renamed,1628
4115,3628800,7,1695,renamed,1683
4116,3638400,26,1589,renamed,1604
4117,3638400,13,1689,renamed,1676
4118,3640000,24,1636,renamed,1653
4119,3640000,10,1625,renamed,1641
4120,3640000,25,1558,renamed,1570
4121,3640000,23,1605,renamed,1619
4122,3640000,22,1731,renamed,1750
4123,3640000,26,1608,renamed,1589
4124,3640000,12,1814,renamed,1804
4125,3640000,21,1659,renamed,1643
4126,3640000,25,1546,renamed,1558
4127,3648000,24,1621,renamed,1636
4128,3648000,7,1678,renamed,1695
4129,3648000,23,1593,renamed,1605
4130,3648000,6,1709,renamed,1694
4131,3648000,22,1713,renamed,1731
4132,3648000,25,1537,renamed,1546
4133,3648000,0,1276,renamed,1278
4134,3648000,26,1628,renamed,1608
4135,3648000,16,1568,renamed,1547
4136,3648000,24,1608,renamed,1621
4137,3657600,23,1612,renamed,1593
4138,3657600,26,1614,renamed,1628
4139,3657600,6,1723,renamed,1709
4140,3657600,22,1695,renamed,1713
4141,3660000,24,1596,renamed,1608
4142,3660000,8,1653,renamed,1667
4143,3660000,21,1676,renamed,1659
4144,3660000,25,1528,renamed,1537
4145,3660000,23,1631,renamed,1612
4146,3660000,26,1632,renamed,1614
4147,3660000,9,1746,renamed,1766
4148,3660000,19,1591,renamed,1603
4149,3660000,22,1680,renamed,1695
4150,3667200,4,1412,renamed,1417
4151,3667200,20,1710,renamed,1726
4152,3667200,25,1521,renamed,1528
4153,3667200,22,1667,renamed,1680
4154,3667200,27,1751,stored,
4155,3667200,21,1664,renamed,1676
4156,3667200,19,1583,renamed,1591
4157,3667200,24,1619,renamed,1596
4158,3667200,26,1622,renamed,1632
4159,3667200,23,1652,renamed,1631
4160,3667200,27,1735,renamed,1751
4161,3667200,20,1697,renamed,1710
4162,3676800,1,1333,renamed,1335
4163,3676800,25,1546,renamed,1521
4164,3676800,14,1599,renamed,1609
4165,3680000,24,1609,renamed,1619
4166,3680000,4,1408,renamed,1412
4167,3680000,3,1579,renamed,1587
4168,3680000,13,1677,renamed,1689
4169,3680000,23,1673,renamed,1652
4170,3680000,9,1762,renamed,1746
4171,3680000,20,1715,renamed,1697
4172,3680000,22,1685,renamed,1667
4173,3686400,21,1651,renamed,1664
4174,3686400,27,1750,renamed,1735
4175,3686400,26,1641,renamed,1622
4176,3686400,14,1588,renamed,1599
4177,3686400,24,1598,renamed,1609
4178,3686400,25,1538,renamed,1546
4179,3686400,26,1629,renamed,1641
4180,3686400,11,1714,renamed,1729
4181,3686400,23,1661,renamed,1673
4182,3686400,12,1827,renamed,1814
4183,3686400,24,1620,renamed,1598
4184,3686400,27,1764,renamed,1750
4185,3686400,22,1671,renamed,1685
4186,3696000,25,1561,renamed,1538
4187,3696000,4,1403,renamed,1408
4188,3696000,9,1744,renamed,1762
4189,3700000,26,1618,renamed,1629
4190,3700000,24,1640,renamed,1620
4191,3700000,21,1669,renamed,1651
4192,3700000,3,1569,renamed,1579
4193,3700000,27,1777,renamed,1764
4194,3700000,25,1551,renamed,1561
4195,3700000,7,1664,renamed,1678
4196,3705600,8,1641,renamed,1653
4197,3705600,20,1701,renamed,1715
4198,3705600,26,1639,renamed,1618
4199,3705600,24,1628,renamed,1640
4200,3705600,22,1689,renamed,1671
4201,3705600,25,1543,renamed,1551
4202,3705600,27,1790,renamed,1777
4203,3705600,23,1679,renamed,1661
4204,3705600,26,1626,renamed,1639
4205,3705600,13,1694,renamed,1677
4206,3705600,4,1429,renamed,1403
4207,3705600,25,1533,renamed,1543
4208,3705600,24,1645,renamed,1628
4209,3715200,21,1653,renamed,1669
4210,3715200,17,1783,renamed,1772
4211,3715200,7,1649,renamed,1664
4212,3715200,23,1664,renamed,1679
4213,3720000,10,1613,renamed,1625
4214,3720000,27,1802,renamed,1790
4215,3720000,15,1641,renamed,1654
4216,3720000,26,1645,renamed,1626
4217,3720000,4,1423,renamed,1429
4218,3724800,25,1524,renamed,1533
4219,3724800,2,1634,renamed,1647
4220,3724800,27,1814,renamed,1802
4221,3724800,17,1764,renamed,1783
4222,3724800,26,1664,renamed,1645
4223,3724800,13,1710,renamed,1694
4224,3724800,24,1632,renamed,1645
4225,3724800,25,1516,renamed,1524
4226,3724800,27,1825,renamed,1814
4227,3724800,16,1558,renamed,1568
4228,3724800,10,1632,renamed,1613
4229,3724800,13,1724,renamed,1710
4230,3734400,6,1706,renamed,1723
4231,3734400,9,1726,renamed,1744
4232,3734400,11,1699,renamed,1714
4233,3734400,26,1682,renamed,1664
4234,3734400,23,1681,renamed,1664
4235,3740000,27,1835,renamed,1825
4236,3740000,25,1538,renamed,1516
4237,3740000,13,1736,renamed,1724
4238,3740000,24,1617,renamed,1632
4239,3740000,22,1672,renamed,1689
4240,3740000,6,1689,renamed,1706
4241,3744000,19,1572,renamed,1583
4242,3744000,26,1668,renamed,1682
4243,3744000,23,1698,renamed,1681
4244,3744000,27,1814,renamed,1835
4245,3744000,24,1606,renamed,1617
4246,3744000,16,1581,renamed,1558
4247,3744000,17,1777,renamed,1764
4248,3744000,25,1529,renamed,1538
4249,3744000,27,1825,renamed,1814
4250,3753600,3,1559,renamed,1569
4251,3753600,23,1683,renamed,1698
4252,3753600,26,1655,renamed,1668
4253,3753600,22,1690,renamed,1672
4254,3753600,24,1595,renamed,1606
4255,3753600,28,1727,stored,
4256,3753600,19,1563,renamed,1572
4257,3753600,16,1572,renamed,1581
4258,3753600,25,1553,renamed,1529
4259,3760000,26,1643,renamed,1655
4260,3760000,27,1836,renamed,1825
4261,3763200,9,1711,renamed,1726
4262,3763200,28,1712,renamed,1727
4263,3763200,24,1586,renamed,1595
4264,3763200,22,1708,renamed,1690
4265,3763200,23,1670,renamed,1683
4266,3763200,15,1661,renamed,1641
4267,3763200,26,1632,renamed,1643
4268,3763200,27,1817,renamed,1836
4269,3763200,28,1699,renamed,1712
4270,3763200,25,1577,renamed,1553
4271,3763200,9,1728,renamed,1711
4272,3763200,24,1577,renamed,1586
4273,3763200,11,1686,renamed,1699
4274,3763200,27,1830,renamed,1817
4275,3772800,23,1689,renamed,1670
4276,3772800,26,1621,renamed,1632
4277,3772800,28,1716,renamed,1699
4278,3772800,17,1790,renamed,1777
4279,3772800,20,1686,renamed,1701
4280,3772800,27,1810,renamed,1830
4281,3772800,25,1569,renamed,1577
4282,3780000,24,1569,renamed,1577
4283,3780000,18,1667,renamed,1647
4284,3782400,28,1732,renamed,1716
4285,3782400,4,1418,renamed,1423
4286,3782400,21,1641,renamed,1653
4287,3782400,17,1773,renamed,1790
4288,3782400,26,1642,renamed,1621
4289,3782400,12,1808,renamed,1827
4290,3782400,11,1674,renamed,1686
4291,3782400,27,1824,renamed,1810
4292,3782400,28,1718,renamed,1732
4293,3782400,25,1562,renamed,1569
4294,3782400,22,1726,renamed,1708
4295,3782400,8,1661,renamed,1641
4296,3792000,27,1836,renamed,1824
4297,3792000,17,1786,renamed,1773
4298,3792000,15,1648,renamed,1661
4299,3792000,14,1609,renamed,1588
4300,3792000,1,1361,renamed,1333
4301,3792000,22,1709,renamed,1726
4302,3792000,11,1660,renamed,1674
4303,3792000,28,1702,renamed,1718
4304,3792000,2,1623,renamed,1634
4305,3792000,23,1676,renamed,1689
4306,3800000,13,1752,renamed,1736
4307,3800000,28,1719,renamed,1702
4308,3801600,27,1846,renamed,1836
4309,3801600,26,1660,renamed,1642
4310,3801600,25,1552,renamed,1562
4311,3801600,20,1671,renamed,1686
4312,3801600,21,1629,renamed,1641
4313,3801600,24,1560,renamed,1569
4314,3801600,8,1649,renamed,1661
4315,3801600,27,1857,renamed,1846
4316,3801600,5,1427,renamed,1400
4317,3801600,28,1734,renamed,1719
4318,3801600,1,1357,renamed,1361
4319,3811200,15,1665,renamed,1648
4320,3811200,25,1573,renamed,1552
4321,3811200,26,1645,renamed,1660
4322,3811200,20,1656,renamed,1671
4323,3811200,28,1747,renamed,1734
4324,3811200,3,1549,renamed,1559
4325,3811200,11,1646,renamed,1660
4326,3811200,27,1835,renamed,1857
4327,3811200,15,1652,renamed,1665
4328,3811200,24,1552,renamed,1560
4329,3811200,25,1565,renamed,1573
4330,3820800,23,1664,renamed,1676
4331,3820800,10,1622,renamed,1632
4332,3820800,28,1733,renamed,1747
4333,3820800,6,1678,renamed,1689
4334,3820800,26,1636,renamed,1645
4335,3820800,27,1849,renamed,1835
4336,3820800,18,1657,renamed,1667
4337,3820800,24,1546,renamed,1552
4338,3820800,25,1559,renamed,1565
4339,3830400,23,1655,renamed,1664
4340,3830400,28,1722,renamed,1733
4341,3830400,22,1699,renamed,1709
4342,3830400,15,1645,renamed,1652
4343,3830400,20,1680,renamed,1656
4344,3830400,27,1864,renamed,1849
4345,3830400,19,1557,renamed,1563
4346,3830400,2,1647,renamed,1623
4347,3830400,28,1741,renamed,1722
4348,3830400,26,1627,renamed,1636
4349,3840000,11,1637,renamed,1646
4350,3840000,18,1648,renamed,1657
4351,3840000,13,1770,renamed,1752
4352,3840000,15,1666,renamed,1645
4353,3840000,23,1645,renamed,1655
4354,3840000,24,1540,renamed,1546
4355,3840000,28,1758,renamed,1741
4356,3840000,29,1768,stored,
4357,3840000,25,1583,renamed,1559
4358,3840000,26,1617,renamed,1627
4359,3840000,27,1875,renamed,1864
4360,3849600,20,1667,renamed,1680
4361,3849600,15,1685,renamed,1666
4362,3849600,28,1772,renamed,1758
4363,3849600,22,1715,renamed,1699
4364,3849600,24,1531,renamed,1540
4365,3849600,21,1617,renamed,1629
4366,3849600,29,1751,renamed,1768
4367,3849600,28,1786,renamed,1772
4368,3849600,27,1854,renamed,1875
4369,3849600,26,1607,renamed,1617
4370,3849600,25,1575,renamed,1583
4371,3849600,28,1801,renamed,1786
4372,3849600,27,1834,renamed,1854
4373,3849600,23,1635,renamed,1645
4374,3849600,20,1657,renamed,1667
4375,3849600,29,1738,renamed,1751
4376,3860000,13,1787,renamed,1770
4377,3860000,27,1817,renamed,1834
4378,3860000,18,1670,renamed,1648
4379,3860000,28,1785,renamed,1801
4380,3860000,26,1599,renamed,1607
4381,3860000,25,1569,renamed,1575
4382,3860000,29,1757,renamed,1738
4383,3860000,19,1551,renamed,1557
4384,3860000,21,1609,renamed,1617
4385,3860000,24,1526,renamed,1531
4386,3868800,3,1544,renamed,1549
4387,3868800,28,1771,renamed,1785
4388,3868800,27,1833,renamed,1817
4389,3868800,15,1675,renamed,1685
4390,3868800,26,1593,renamed,1599
4391,3868800,29,1776,renamed,1757
4392,3868800,25,1563,renamed,1569
4393,3868800,20,1648,renamed,1657
4394,3868800,13,1804,renamed,1787
4395,3868800,18,1661,renamed,1670
4396,3868800,28,1758,renamed,1771
4397,3878400,29,1763,renamed,1776
4398,3878400,4,1416,renamed,1418
4399,3878400,12,1795,renamed,1808
4400,3880000,23,1660,renamed,1635
4401,3880000,28,1777,renamed,1758
4402,3880000,24,1521,renamed,1526
4403,3880000,27,1817,renamed,1833
4404,3880000,26,1618,renamed,1593
4405,3880000,29,1781,renamed,1763
4406,3880000,22,1734,renamed,1715
4407,3880000,25,1556,renamed,1563
4408,3880000,2,1637,renamed,1647
4409,3888000,15,1695,renamed,1675
4410,3888000,28,1792,renamed,1777
4411,3888000,27,1830,renamed,1817
4412,3888000,7,1668,renamed,1649
4413,3888000,21,1629,renamed,1609
4414,3888000,4,1442,renamed,1416
4415,3888000,29,1761,renamed,1781
4416,3888000,17,1767,renamed,1786
4417,3888000,26,1638,renamed,1618
4418,3888000,27,1840,renamed,1830
4419,3888000,28,1772,renamed,1792
4420,3897600,15,1680,renamed,1695
4421,3897600,16,1563,renamed,1572
4422,3897600,13,1816,renamed,1804
4423,3897600,20,1636,renamed,1648
4424,3900000,29,1775,renamed,1761
4425,3900000,26,1657,renamed,1638
4426,3900000,27,1849,renamed,1840
4427,3900000,25,1577,renamed,1556
4428,3900000,6,1693,renamed,1678
4429,3900000,17,1777,renamed,1767
4430,3900000,28,1782,renamed,1772
4431,3900000,29,1784,renamed,1775
4432,3900000,4,1465,renamed,1442
4433,3907200,14,1624,renamed,1609
4434,3907200,16,1549,renamed,1563
4435,3907200,25,1563,renamed,1577
4436,3907200,5,1450,renamed,1427
4437,3907200,27,1855,renamed,1849
4438,3907200,28,1759,renamed,1782
4439,3907200,26,1640,renamed,1657
4440,3907200,24,1541,renamed,1521
4441,3907200,29,1792,renamed,1784
4442,3907200,9,1707,renamed,1728
4443,3907200,15,1662,renamed,1680
4444,3907200,8,1664,renamed,1649
4445,3916800,19,1569,renamed,1551
4446,3916800,29,1769,renamed,1792
4447,3916800,7,1681,renamed,1668
4448,3920000,27,1830,renamed,1855
4449,3920000,18,1675,renamed,1661
4450,3920000,28,1738,renamed,1759
4451,3920000,14,1610,renamed,1624
4452,3920000,26,1626,renamed,1640
4453,3920000,25,1583,renamed,1563
4454,3920000,29,1749,renamed,1769
4455,3920000,27,1808,renamed,1830
4456,3920000,24,1532,renamed,1541
4457,3926400,28,1752,renamed,1738
4458,3926400,3,1535,renamed,1544
4459,3926400,23,1647,renamed,1660
4460,3926400,30,1715,stored,
4461,3926400,26,1615,renamed,1626
4462,3926400,29,1763,renamed,1749
4463,3926400,8,1681,renamed,1664
4464,3926400,13,1826,renamed,1816
4465,3926400,28,1764,renamed,1752
4466,3926400,16,1539,renamed,1549
4467,3926400,15,1648,renamed,1662
4468,3936000,29,1775,renamed,1763
4469,3936000,9,1691,renamed,1707
4470,3936000,30,1730,renamed,1715
4471,3936000,27,1787,renamed,1808
4472,3936000,22,1718,renamed,1734
4473,3936000,24,1524,renamed,1532
4474,3936000,17,1760,renamed,1777
4475,3940000,6,1680,renamed,1693
4476,3940000,29,1790,renamed,1775
4477,3940000,20,1656,renamed,1636
4478,3940000,27,1800,renamed,1787
4479,3945600,28,1777,renamed,1764
4480,3945600,3,1526,renamed,1535
4481,3945600,26,1604,renamed,1615
4482,3945600,30,1745,renamed,1730
4483,3945600,25,1573,renamed,1583
4484,3945600,13,1837,renamed,1826
4485,3945600,28,1759,renamed,1777
4486,3945600,29,1772,renamed,1790
4487,3945600,12,1777,renamed,1795
4488,3945600,27,1783,renamed,1800
4489,3945600,19,1562,renamed,1569
4490,3945600,30,1762,renamed,1745
4491,3945600,26,1626,renamed,1604
4492,3955200,22,1734,renamed,1718
4493,3955200,28,1773,renamed,1759
4494,3955200,27,1795,renamed,1783
4495,3955200,1,1353,renamed,1357
4496,3955200,29,1784,renamed,1772
4497,3955200,30,1774,renamed,1762
4498,3955200,21,1616,renamed,1629
4499,3960000,26,1644,renamed,1626
4500,3960000,30,1785,renamed,1774
4501,3960000,18,1659,renamed,1675
4502,3960000,28,1784,renamed,1773
4503,3960000,27,1774,renamed,1795
4504,3964800,25,1563,renamed,1573
4505,3964800,12,1789,renamed,1777
4506,3964800,6,1696,renamed,1680
4507,3964800,29,1795,renamed,1784
4508,3964800,28,1794,renamed,1784
4509,3964800,27,1784,renamed,1774
4510,3964800,5,1473,renamed,1450
4511,3964800,30,1793,renamed,1785
4512,3964800,10,1637,renamed,1622
4513,3964800,20,1638,renamed,1656
4514,3964800,29,1803,renamed,1795
4515,3964800,28,1802,renamed,1794
4516,3974400,26,1627,renamed,1644
4517,3974400,30,1801,renamed,1793
4518,3974400,21,1631,renamed,1616
4519,3974400,27,1792,renamed,1784
4520,3974400,29,1779,renamed,1803
4521,3980000,25,1550,renamed,1563
4522,3980000,20,1652,renamed,1638
4523,3980000,30,1778,renamed,1801
4524,3980000,26,1612,renamed,1627
4525,3980000,28,1811,renamed,1802
4526,3984000,30,1787,renamed,1778
4527,3984000,18,1673,renamed,1659
4528,3984000,19,1549,renamed,1562
4529,3984000,29,1788,renamed,1779
4530,3984000,14,1626,renamed,1610
4531,3984000,15,1661,renamed,1648
4532,3984000,6,1676,renamed,1696
4533,3984000,18,1655,renamed,1673
4534,3984000,28,1788,renamed,1811
4535,3984000,30,1766,renamed,1787
4536,3984000,22,1716,renamed,1734
4537,3984000,5,1497,renamed,1473
4538,3984000,29,1798,renamed,1788
4539,3993600,30,1777,renamed,1766
4540,3993600,26,1629,renamed,1612
4541,3993600,28,1797,renamed,1788
4542,3993600,24,1513,renamed,1524
4543,3993600,21,1616,renamed,1631
4544,3993600,27,1801,renamed,1792
4545,3993600,17,1739,renamed,1760
4546,3993600,29,1807,renamed,1798
4547,4000000,11,1622,renamed,1637
4548,4000000,28,1776,renamed,1797
4549,4000000,30,1788,renamed,1777
4550,4000000,14,1643,renamed,1626
4551,4003200,27,1810,renamed,1801
4552,4003200,25,1539,renamed,1550
4553,4003200,23,1663,renamed,1647
4554,4003200,29,1816,renamed,1807
4555,4003200,21,1601,renamed,1616
4556,4003200,24,1503,renamed,1513
4557,4003200,28,1756,renamed,1776
4558,4003200,27,1789,renamed,1810
4559,4003200,30,1800,renamed,1788
4560,4003200,17,1721,renamed,1739
4561,4003200,29,1827,renamed,1816
4562,4003200,23,1680,renamed,1663
4563,4003200,15,1677,renamed,1661
4564,4012800,13,1845,renamed,1837
4565,4012800,27,1768,renamed,1789
4566,4012800,28,1768,renamed,1756
4567,4012800,26,1615,renamed,1629
4568,4012800,12,1800,renamed,1789
4569,4012800,21,1589,renamed,1601
4570,4012800,7,1666,renamed,1681
4571,4012800,27,1780,renamed,1768
4572,4012800,6,1692,renamed,1676
4573,4012800,30,1779,renamed,1800
4574,4012800,29,1837,renamed,1827
4575,4020000,26,1633,renamed,1615
4576,4022400,28,1779,renamed,1768
4577,4022400,20,1667,renamed,1652
4578,4022400,27,1789,renamed,1780
4579,4022400,22,1697,renamed,1716
4580,4022400,30,1758,renamed,1779
4581,4022400,15,1692,renamed,1677
4582,4022400,21,1576,renamed,1589
4583,4022400,24,1494,renamed,1503
4584,4022400,28,1790,renamed,1779
4585,4022400,29,1814,renamed,1837
4586,4022400,11,1640,renamed,1622
4587,4032000,30,1769,renamed,1758
4588,4032000,27,1799,renamed,1789
4589,4032000,29,1792,renamed,1814
4590,4032000,5,1489,renamed,1497
4591,4032000,26,1650,renamed,1633
4592,4032000,12,1779,renamed,1800
4593,4032000,9,1675,renamed,1691
4594,4032000,28,1801,renamed,1790
4595,4032000,27,1779,renamed,1799
4596,4032000,30,1782,renamed,1769
4597,4032000,19,1540,renamed,1549
4598,4040000,26,1668,renamed,1650
4599,4040000,29,1803,renamed,1792
4600,4041600,25,1529,renamed,1539
4601,4041600,8,1696,renamed,1681
4602,4041600,23,1695,renamed,1680
4603,4041600,15,1705,renamed,1692
4604,4041600,30,1791,renamed,1782
4605,4041600,26,1651,renamed,1668
4606,4041600,29,1812,renamed,1803
4607,4041600,17,1702,renamed,1721
4608,4041600,27,1789,renamed,1779
4609,4041600,14,1628,renamed,1643
4610,4041600,25,1519,renamed,1529
4611,4051200,28,1811,renamed,1801
4612,4051200,11,1626,renamed,1640
4613,4051200,29,1822,renamed,1812
4614,4051200,27,1799,renamed,1789
4615,4051200,30,1770,renamed,1791
4616,4051200,21,1596,renamed,1576
4617,4051200,26,1667,renamed,1651
4618,4051200,29,1799,renamed,1822
4619,4051200,23,1678,renamed,1695
4620,4051200,30,1782,renamed,1770
4621,4060000,4,1458,renamed,1465
4622,4060000,28,1790,renamed,1811
4623,4060800,25,1511,renamed,1519
4624,4060800,27,1780,renamed,1799
4625,4060800,29,1811,renamed,1799
4626,4060800,26,1684,renamed,1667
4627,4060800,12,1791,renamed,1779
4628,4060800,30,1762,renamed,1782
4629,4060800,18,1642,renamed,1655
4630,4060800,20,1685,renamed,1667
4631,4060800,13,1854,renamed,1845
4632,4060800,28,1801,renamed,1790
4633,4070400,29,1821,renamed,1811
4634,4070400,7,1681,renamed,1666
4635,4070400,25,1532,renamed,1511
4636,4070400,17,1714,renamed,1702
4637,4070400,10,1621,renamed,1637
4638,4070400,2,1622,renamed,1637
4639,4070400,11,1642,renamed,1626
4640,4070400,30,1772,renamed,1762
4641,4070400,21,1582,renamed,1596
4642,4070400,29,1798,renamed,1821
4643,4070400,26,1698,renamed,1684
4644,4070400,27,1790,renamed,1780
4645,4070400,28,1810,renamed,1801
4646,4070400,7,1694,renamed,1681
4647,4080000,25,1551,renamed,1532
4648,4080000,29,1774,renamed,1798
4649,4080000,30,1781,renamed,1772
4650,4080000,2,1606,renamed,1622
4651,4080000,28,1787,renamed,1810
4652,4080000,27,1799,renamed,1790
4653,4080000,6,1705,renamed,1692
4654,4080000,18,1626,renamed,1642
4655,4080000,26,1680,renamed,1698
4656,4080000,14,1614,renamed,1628
4657,4089600,22,1711,renamed,1697
4658,4089600,5,1481,renamed,1489
4659,4089600,23,1662,renamed,1678
4660,4089600,17,1728,renamed,1714
4661,4089600,1,1380,renamed,1353
4662,4089600,30,1791,renamed,1781
4663,4089600,20,1667,renamed,1685
4664,4089600,10,1607,renamed,1621
4665,4089600,27,1809,renamed,1799
4666,4089600,29,1784,renamed,1774
4667,4089600,28,1766,renamed,1787
4668,4089600,6,1719,renamed,1705
4669,4099200,25,1540,renamed,1551
4670,4100000,26,1664,renamed,1680
4671,4100000,27,1819,renamed,1809
4672,4100000,30,1801,renamed,1791
4673,4100000,24,1485,renamed,1494
4674,4100000,9,1659,renamed,1675
4675,4100000,30,1811,renamed,1801
4676,4100000,29,1764,renamed,1784
4677,4100000,15,1689,renamed,1705
4678,4100000,28,1779,renamed,1766
4679,4100000,23,1679,renamed,1662
4680,4100000,6,1733,renamed,1719
4681,4108800,27,1797,renamed,1819
4682,4108800,30,1821,renamed,1811
4683,4108800,21,1571,renamed,1582
4684,4108800,26,1650,renamed,1664
4685,4108800,10,1596,renamed,1607
4686,4108800,29,1747,renamed,1764
4687,4108800,28,1762,renamed,1779
4688,4108800,22,1728,renamed,1711
4689,4108800,27,1810,renamed,1797
4690,4108800,30,1832,renamed,1821
4691,4108800,16,1531,renamed,1539
4692,4118400,26,1638,renamed,1650
4693,4118400,2,1627,renamed,1606
4694,4118400,29,1761,renamed,1747
4695,4118400,3,1518,renamed,1526
4696,4120000,28,1744,renamed,1762
4697,4120000,18,1615,renamed,1626
4698,4120000,29,1775,renamed,1761
4699,4120000,27,1791,renamed,1810
4700,4120000,11,1631,renamed,1642
4701,4120000,30,1813,renamed,1832
4702,4120000,12,1775,renamed,1791
4703,4120000,16,1556,renamed,1531
4704,4128000,26,1628,renamed,1638
4705,4128000,9,1649,renamed,1659
4706,4128000,8,1684,renamed,1696
4707,4128000,29,1791,renamed,1775
4708,4128000,28,1761,renamed,1744
4709,4128000,30,1826,renamed,1813
4710,4128000,25,1564,renamed,1540
4711,4128000,26,1617,renamed,1628
4712,4128000,27,1804,renamed,1791
4713,4128000,23,1666,renamed,1679
4714,4137600,29,1804,renamed,1791
4715,4137600,24,1479,renamed,1485
4716,4140000,8,1671,renamed,1684
4717,4140000,7,1681,renamed,1694
4718,4140000,30,1808,renamed,1826
4719,4140000,29,1818,renamed,1804
4720,4140000,27,1817,renamed,1804
4721,4140000,28,1776,renamed,1761
4722,4140000,21,1562,renamed,1571
4723,4140000,30,1820,renamed,1808
4724,4140000,25,1555,renamed,1564
4725,4147200,5,1506,renamed,1481
4726,4147200,8,1688,renamed,1671
4727,4147200,28,1788,renamed,1776
4728,4147200,29,1828,renamed,1818
4729,4147200,26,1604,renamed,1617
4730,4147200,27,1827,renamed,1817
4731,4147200,11,1618,renamed,1631
4732,4147200,28,1799,renamed,1788
4733,4147200,6,1746,renamed,1733
4734,4147200,30,1829,renamed,1820
4735,4147200,25,1575,renamed,1555
4736,4147200,23,1649,renamed,1666
4737,4147200,29,1836,renamed,1828
4738,4156800,26,1621,renamed,1604
4739,4160000,11,1634,renamed,1618
4740,4160000,29,1843,renamed,1836
4741,4160000,30,1836,renamed,1829
4742,4160000,20,1649,renamed,1667
4743,4160000,8,1670,renamed,1688
4744,4160000,16,1544,renamed,1556
4745,4160000,30,1813,renamed,1836
4746,4160000,28,1778,renamed,1799
4747,4160000,17,1711,renamed,1728
4748,4166400,29,1822,renamed,1843
4749,4166400,27,1838,renamed,1827
4750,4166400,26,1610,renamed,1621
4751,4166400,2,1616,renamed,1627
4752,4166400,8,1688,renamed,1670
4753,4166400,18,1604,renamed,1615
4754,4166400,7,1668,renamed,1681
4755,4166400,25,1597,renamed,1575
4756,4166400,12,1758,renamed,1775
4757,4166400,17,1728,renamed,1711
4758,4166400,15,1675,renamed,1689
4759,4176000,28,1792,renamed,1778
4760,4176000,29,1803,renamed,1822
4761,4176000,16,1537,renamed,1544
4762,4176000,4,1453,renamed,1458
4763,4180000,27,1819,renamed,1838
4764,4180000,30,1796,renamed,1813
4765,4180000,11,1625,renamed,1634
4766,4180000,31,1804,stored,
4767,4180000,29,1818,renamed,1803
4768,4180000,28,1807,renamed,1792
4769,4180000,26,1601,renamed,1610
4770,4180000,6,1763,renamed,1746
4771,4185600,8,1676,renamed,1688
4772,4185600,25,1589,renamed,1597
4773,4185600,21,1586,renamed,1562
4774,4185600,29,1831,renamed,1818
4775,4185600,13,1834,renamed,1854
4776,4185600,30,1810,renamed,1796
4777,4185600,31,1817,renamed,1804
4778,4185600,22,1713,renamed,1728
4779,4185600,24,1474,renamed,1479
4780,4185600,31,1830,renamed,1817
4781,4195200,17,1714,renamed,1728
4782,4195200,29,1843,renamed,1831
4783,4195200,10,1587,renamed,1596
4784,4195200,31,1842,renamed,1830
4785,4195200,30,1822,renamed,1810
4786,4195200,7,1686,renamed,1668
4787,4195200,11,1644,renamed,1625
4788,4195200,9,1636,renamed,1649
4789,4200000,1,1376,renamed,1380
4790,4200000,6,1745,renamed,1763
4791,4200000,28,1819,renamed,1807
4792,4200000,12,1741,renamed,1758
4793,4200000,31,1853,renamed,1842
4794,4200000,30,1802,renamed,1822
4795,4200000,21,1608,renamed,1586
4796,4204800,7,1703,renamed,1686
4797,4204800,20,1636,renamed,1649
4798,4204800,8,1693,renamed,1676
4799,4204800,31,1862,renamed,1853
4800,4204800,29,1821,renamed,1843
4801,4204800,13,1844,renamed,1834
4802,4204800,2,1604,renamed,1616
4803,4204800,17,1729,renamed,1714
4804,4204800,30,1813,renamed,1802
4805,4214400,28,1798,renamed,1819
4806,4214400,7,1719,renamed,1703
4807,4214400,20,1623,renamed,1636
4808,4214400,29,1831,renamed,1821
4809,4214400,13,1853,renamed,1844
4810,4214400,23,1635,renamed,1649
4811,4214400,30,1793,renamed,1813
4812,4214400,31,1871,renamed,1862
4813,4220000,6,1759,renamed,1745
4814,4220000,29,1841,renamed,1831
4815,4220000,28,1778,renamed,1798
4816,4220000,0,1274,renamed,1276
4817,4224000,30,1805,renamed,1793
4818,4224000,15,1691,renamed,1675
4819,4224000,25,1578,renamed,1589
4820,4224000,27,1798,renamed,1819
4821,4224000,22,1698,renamed,1713
4822,4224000,12,1725,renamed,1741
4823,4224000,31,1850,renamed,1871
4824,4224000,29,1853,renamed,1841
4825,4224000,9,1626,renamed,1636
4826,4224000,28,1793,renamed,1778
4827,4224000,26,1592,renamed,1601
4828,4224000,30,1788,renamed,1805
4829,4233600,27,1812,renamed,1798
4830,4233600,31,1862,renamed,1850
4831,4233600,29,1833,renamed,1853
4832,4233600,24,1469,renamed,1474
4833,4233600,25,1571,renamed,1578
4834,4233600,5,1501,renamed,1506
4835,4240000,28,1778,renamed,1793
4836,4240000,9,1618,renamed,1626
4837,4240000,3,1513,renamed,1518
4838,4240000,30,1805,renamed,1788
4839,4243200,17,1747,renamed,1729
4840,4243200,29,1846,renamed,1833
4841,4243200,23,1656,renamed,1635
4842,4243200,31,1872,renamed,1862
4843,4243200,10,1578,renamed,1587
4844,4243200,28,1761,renamed,1778
4845,4243200,27,1825,renamed,1812
4846,4243200,26,1583,renamed,1592
4847,4243200,31,1852,renamed,1872
4848,4243200,17,1764,renamed,1747
4849,4252800,8,1711,renamed,1693
4850,4252800,29,1826,renamed,1846
4851,4252800,20,1614,renamed,1623
4852,4252800,30,1819,renamed,1805
4853,4252800,25,1563,renamed,1571
4854,4252800,28,1777,renamed,1761
4855,4252800,7,1736,renamed,1719
4856,4252800,3,1506,renamed,1513
4857,4260000,30,1831,renamed,1819
4858,4260000,31,1862,renamed,1852
4859,4260000,13,1863,renamed,1853
4860,4260000,21,1597,renamed,1608
4861,4262400,23,1643,renamed,1656
4862,4262400,11,1632,renamed,1644
4863,4262400,15,1678,renamed,1691
4864,4262400,19,1533,renamed,1540
4865,4262400,30,1843,renamed,1831
4866,4262400,22,1716,renamed,1698
4867,4262400,16,1560,renamed,1537
4868,4262400,4,1478,renamed,1453
4869,4262400,12,1708,renamed,1725
4870,4262400,24,1463,renamed,1469
4871,4272000,31,1840,renamed,1862
4872,4272000,30,1854,renamed,1843
4873,4272000,28,1790,renamed,1777
4874,4272000,8,1726,renamed,1711
4875,4272000,18,1592,renamed,1604
4876,4272000,29,1836,renamed,1826
4877,4272000,22,1730,renamed,1716
4878,4272000,31,1849,renamed,1840
4879,4272000,30,1862,renamed,1854
4880,4272000,27,1834,renamed,1825
4881,4272000,19,1553,renamed,1533
4882,4280000,28,1768,renamed,1790
4883,4280000,26,1601,renamed,1583
4884,4280000,17,1774,renamed,1764
4885,4281600,29,1843,renamed,1836
4886,4281600,14,1599,renamed,1614
4887,4281600,30,1838,renamed,1862
4888,4281600,31,1857,renamed,1849
4889,4281600,10,1596,renamed,1578
4890,4281600,28,1778,renamed,1768
4891,4281600,27,1841,renamed,1834
4892,4281600,23,1626,renamed,1643
4893,4281600,30,1814,renamed,1838
4894,4281600,29,1851,renamed,1843
4895,4281600,26,1588,renamed,1601
4896,4281600,7,1717,renamed,1736
4897,4291200,3,1498,renamed,1506
4898,4291200,28,1789,renamed,1778
4899,4291200,31,1834,renamed,1857
4900,4291200,10,1585,renamed,1596
4901,4291200,17,1756,renamed,1774
4902,4291200,29,1861,renamed,1851
4903,4291200,21,1587,renamed,1597
4904,4291200,30,1795,renamed,1814
4905,4291200,27,1822,renamed,1841
4906,4291200,28,1803,renamed,1789
4907,4300000,31,1846,renamed,1834
4908,4300800,30,1808,renamed,1795
4909,4300800,8,1711,renamed,1726
4910,4300800,18,1614,renamed,1592
4911,4300800,12,1693,renamed,1708
4912,4300800,29,1840,renamed,1861
4913,4300800,28,1786,renamed,1803
4914,4300800,7,1735,renamed,1717
4915,4300800,27,1804,renamed,1822
4916,4300800,31,1828,renamed,1846
4917,4300800,30,1823,renamed,1808
4918,4300800,8,1699,renamed,1711
4919,4300800,29,1823,renamed,1840
4920,4300800,14,1592,renamed,1599
4921,4310400,6,1777,renamed,1759
4922,4310400,27,1789,renamed,1804
4923,4310400,12,1683,renamed,1693
4924,4310400,15,1700,renamed,1678
4925,4310400,28,1772,renamed,1786
4926,4310400,2,1597,renamed,1604
4927,4310400,10,1579,renamed,1585
4928,4310400,31,1813,renamed,1828
4929,4310400,30,1839,renamed,1823
4930,4320000,28,1759,renamed,1772
4931,4320000,29,1839,renamed,1823
4932,4320000,31,1829,renamed,1813
4933,4320000,26,1612,renamed,1588
4934,4320000,24,1459,renamed,1463
4935,4320000,25,1556,renamed,1563
4936,4320000,27,1805,renamed,1789
4937,4320000,11,1623,renamed,1632
4938,4320000,9,1640,renamed,1618
4939,4320000,29,1821,renamed,1839
4940,4320000,31,1812,renamed,1829
4941,4320000,30,1853,renamed,1839
4942,4320000,4,1474,renamed,1478
4943,4320000,13,1875,renamed,1863
4944,4320000,8,1687,renamed,1699
4945,4329600,28,1776,renamed,1759
4946,4329600,30,1865,renamed,1853
4947,4329600,29,1803,renamed,1821
4948,4329600,20,1606,renamed,1614
4949,4329600,22,1748,renamed,1730
4950,4329600,9,1630,renamed,1640
4951,4329600,31,1826,renamed,1812
4952,4329600,10,1571,renamed,1579
4953,4329600,29,1787,renamed,1803
4954,4339200,28,1792,renamed,1776
4955,4340000,30,1846,renamed,1865
4956,4340000,20,1598,renamed,1606
4957,4340000,25,1581,renamed,1556
4958,4340000,31,1809,renamed,1826
4959,4340000,7,1753,renamed,1735
4960,4340000,17,1772,renamed,1756
4961,4340000,28,1806,renamed,1792
4962,4340000,29,1801,renamed,1787
4963,4340000,30,1826,renamed,1846
4964,4340000,18,1604,renamed,1614
4965,4340000,19,1546,renamed,1553
4966,4348800,26,1634,renamed,1612
4967,4348800,31,1822,renamed,1809
4968,4348800,12,1701,renamed,1683
4969,4348800,29,1782,renamed,1801
4970,4348800,28,1788,renamed,1806
4971,4348800,9,1620,renamed,1630
4972,4348800,30,1839,renamed,1826
4973,4348800,27,1787,renamed,1805
4974,4348800,29,1766,renamed,1782
4975,4348800,26,1656,renamed,1634
4976,4348800,15,1688,renamed,1700
4977,4358400,30,1852,renamed,1839
4978,4358400,31,1804,renamed,1822
4979,4358400,32,1783,stored,
4980,4360000,6,1762,renamed,1777
4981,4360000,28,1773,renamed,1788
4982,4360000,27,1803,renamed,1787
4983,4360000,29,1783,renamed,1766
4984,4360000,26,1646,renamed,1656
4985,4360000,15,1708,renamed,1688
4986,4360000,31,1818,renamed,1804
4987,4360000,32,1797,renamed,1783
4988,4360000,25,1572,renamed,1581
4989,4368000,27,1816,renamed,1803
4990,4368000,17,1786,renamed,1772
4991,4368000,30,1862,renamed,1852
4992,4368000,18,1593,renamed,1604
4993,4368000,20,1588,renamed,1598
4994,4368000,32,1779,renamed,1797
4995,4368000,29,1766,renamed,1783
4996,4368000,31,1831,renamed,1818
4997,4368000,7,1768,renamed,1753
4998,4368000,30,1872,renamed,1862
4999,4368000,12,1717,renamed,1701
5000,4368000,28,1786,renamed,1773
5001,4368000,13,1852,renamed,1875
5002,4380000,9,1640,renamed,1620
5003,4380000,31,1841,renamed,1831
5004,4380000,4,1467,renamed,1474
5005,4380000,32,1791,renamed,1779
5006,4380000,30,1880,renamed,1872
5007,4380000,11,1610,renamed,1623
5008,4380000,29,1747,renamed,1766
5009,4380000,5,1525,renamed,1501
5010,4380000,14,1581,renamed,1592
5011,4387200,19,1537,renamed,1546
5012,4387200,31,1820,renamed,1841
5013,4387200,15,1694,renamed,1708
5014,4387200,32,1804,renamed,1791
5015,4387200,18,1583,renamed,1593
5016,4387200,12,1733,renamed,1717
5017,4387200,31,1831,renamed,1820
5018,4387200,9,1628,renamed,1640
5019,4387200,25,1563,renamed,1572
5020,4387200,30,1889,renamed,1880
5021,4387200,7,1751,renamed,1768
5022,4387200,32,1817,renamed,1804
5023,4387200,17,1768,renamed,1786
5024,4396800,29,1732,renamed,1747
5025,4400000,10,1594,renamed,1571
5026,4400000,28,1799,renamed,1786
5027,4400000,27,1797,renamed,1816
5028,4400000,30,1868,renamed,1889
5029,4400000,31,1813,renamed,1831
5030,4400000,7,1737,renamed,1751
5031,4400000,4,1494,renamed,1467
5032,4406400,19,1562,renamed,1537
5033,4406400,29,1748,renamed,1732
5034,4406400,28,1811,renamed,1799
5035,4406400,30,1846,renamed,1868
5036,4406400,32,1829,renamed,1817
5037,4406400,31,1825,renamed,1813
5038,4406400,26,1634,renamed,1646
5039,4406400,17,1751,renamed,1768
5040,4406400,24,1454,renamed,1459
5041,4406400,30,1827,renamed,1846
5042,4406400,21,1610,renamed,1587
5043,4406400,25,1555,renamed,1563
5044,4416000,12,1719,renamed,1733
5045,4416000,13,1864,renamed,1852
5046,4416000,32,1841,renamed,1829
5047,4416000,29,1733,renamed,1748
5048,4416000,31,1807,renamed,1825
5049,4420000,27,1812,renamed,1797
5050,4420000,30,1809,renamed,1827
5051,4420000,28,1825,renamed,1811
5052,4420000,32,1853,renamed,1841
5053,4420000,25,1579,renamed,1555
5054,4420000,29,1748,renamed,1733
5055,4425600,26,1653,renamed,1634
5056,4425600,31,1787,renamed,1807
5057,4425600,18,1573,renamed,1583
5058,4425600,2,1587,renamed,1597
5059,4425600,30,1821,renamed,1809
5060,4425600,8,1704,renamed,1687
5061,4425600,32,1862,renamed,1853
5062,4425600,31,1768,renamed,1787
5063,4425600,7,1751,renamed,1737
5064,4425600,13,1842,renamed,1864
5065,4425600,17,1765,renamed,1751
5066,4425600,19,1584,renamed,1562
5067,4435200,23,1644,renamed,1626
5068,4435200,18,1592,renamed,1573
5069,4435200,9,1644,renamed,1628
5070,4435200,31,1778,renamed,1768
5071,4435200,30,1798,renamed,1821
5072,4440000,32,1869,renamed,1862
5073,4440000,28,1802,renamed,1825
5074,4440000,2,1606,renamed,1587
5075,4440000,29,1759,renamed,1748
5076,4444800,30,1807,renamed,1798
5077,4444800,26,1667,renamed,1653
5078,4444800,27,1788,renamed,1812
5079,4444800,28,1780,renamed,1802
5080,4444800,31,1788,renamed,1778
5081,4444800,12,1701,renamed,1719
5082,4444800,32,1876,renamed,1869
5083,4444800,27,1767,renamed,1788
5084,4444800,30,1786,renamed,1807
5085,4444800,31,1800,renamed,1788
5086,4444800,12,1685,renamed,1701
5087,4444800,15,1710,renamed,1694
5088,4444800,29,1741,renamed,1759
5089,4444800,24,1448,renamed,1454
5090,4454400,32,1854,renamed,1876
5091,4454400,10,1585,renamed,1594
5092,4454400,28,1763,renamed,1780
5093,4454400,31,1783,renamed,1800
5094,4460000,30,1801,renamed,1786
5095,4460000,17,1780,renamed,1765
5096,4460000,15,1727,renamed,1710
5097,4460000,32,1834,renamed,1854
5098,4460000,20,1579,renamed,1588
5099,4464000,29,1727,renamed,1741
5100,4464000,14,1604,renamed,1581
5101,4464000,8,1691,renamed,1704
5102,4464000,27,1752,renamed,1767
5103,4464000,21,1632,renamed,1610
5104,4464000,31,1797,renamed,1783
5105,4464000,3,1492,renamed,1498
5106,4464000,32,1846,renamed,1834
5107,4464000,26,1685,renamed,1667
5108,4464000,17,1762,renamed,1780
5109,4473600,16,1552,renamed,1560
5110,4473600,11,1600,renamed,1610
5111,4473600,21,1653,renamed,1632
5112,4473600,22,1763,renamed,1748
5113,4473600,31,1809,renamed,1797
5114,4473600,6,1775,renamed,1762
5115,4473600,30,1812,renamed,1801
5116,4473600,0,1271,renamed,1274
5117,4473600,32,1824,renamed,1846
5118,4473600,10,1575,renamed,1585
5119,4480000,15,1711,renamed,1727
5120,4480000,31,1821,renamed,1809
5121,4483200,2,1596,renamed,1606
5122,4483200,27,1766,renamed,1752
5123,4483200,30,1823,renamed,1812
5124,4483200,32,1804,renamed,1824
5125,4483200,14,1625,renamed,1604
5126,4483200,16,1543,renamed,1552
5127,4483200,19,1605,renamed,1584
5128,4483200,6,1756,renamed,1775
5129,4483200,4,1487,renamed,1494
5130,4483200,8,1708,renamed,1691
5131,4483200,29,1741,renamed,1727
5132,4483200,31,1831,renamed,1821
5133,4492800,30,1802,renamed,1823
5134,4492800,28,1776,renamed,1763
5135,4492800,32,1814,renamed,1804
5136,4492800,27,1777,renamed,1766
5137,4492800,8,1721,renamed,1708
5138,4492800,11,1617,renamed,1600
5139,4492800,26,1667,renamed,1685
5140,4500000,32,1823,renamed,1814
5141,4500000,22,1743,renamed,1763
5142,4500000,31,1809,renamed,1831
5143,4500000,5,1516,renamed,1525
5144,4502400,31,1819,renamed,1809
5145,4502400,29,1754,renamed,1741
5146,4502400,6,1737,renamed,1756
5147,4502400,30,1782,renamed,1802
5148,4502400,10,1565,renamed,1575
5149,4502400,28,1789,renamed,1776
5150,4502400,32,1833,renamed,1823
5151,4502400,16,1565,renamed,1543
5152,4502400,30,1793,renamed,1782
5153,4502400,31,1797,renamed,1819
5154,4502400,29,1736,renamed,1754
5155,4512000,8,1705,renamed,1721
5156,4512000,17,1776,renamed,1762
5157,4512000,19,1594,renamed,1605
5158,4512000,32,1843,renamed,1833
5159,4512000,9,1662,renamed,1644
5160,4512000,18,1581,renamed,1592
5161,4512000,5,1539,renamed,1516
5162,4512000,14,1612,renamed,1625
5163,4512000,28,1769,renamed,1789
5164,4520000,22,1726,renamed,1743
5165,4521600,31,1779,renamed,1797
5166,4521600,10,1557,renamed,1565
5167,4521600,3,1486,renamed,1492
5168,4521600,29,1752,renamed,1736
5169,4521600,16,1557,renamed,1565
5170,4521600,26,1655,renamed,1667
5171,4521600,32,1855,renamed,1843
5172,4521600,30,1776,renamed,1793
5173,4521600,4,1482,renamed,1487
5174,4521600,14,1634,renamed,1612
5175,4521600,29,1767,renamed,1752
5176,4531200,31,1762,renamed,1779
5177,4531200,6,1753,renamed,1737
5178,4531200,11,1607,renamed,1617
5179,4531200,32,1835,renamed,1855
5180,4531200,15,1698,renamed,1711
5181,4531200,33,1782,stored,
5182,4531200,7,1768,renamed,1751
5183,4531200,4,1477,renamed,1482
5184,4531200,30,1760,renamed,1776
5185,4531200,28,1755,renamed,1769
5186,4531200,31,1779,renamed,1762
5187,4531200,29,1783,renamed,1767
5188,4540000,27,1761,renamed,1777
5189,4540800,32,1817,renamed,1835
5190,4540800,26,1646,renamed,1655
5191,4540800,30,1747,renamed,1760
5192,4540800,33,1799,renamed,1782
5193,4540800,29,1799,renamed,1783
5194,4540800,31,1795,renamed,1779
5195,4540800,28,1771,renamed,1755
5196,4540800,26,1635,renamed,1646
5197,4540800,32,1800,renamed,1817
5198,4540800,27,1777,renamed,1761
5199,4540800,2,1618,renamed,1596
5200,4550400,30,1732,renamed,1747
5201,4550400,29,1813,renamed,1799
5202,4550400,31,1808,renamed,1795
5203,4550400,33,1781,renamed,1799
5204,4550400,27,1761,renamed,1777
5205,4550400,28,1756,renamed,1771
5206,4550400,29,1797,renamed,1813
5207,4550400,32,1815,renamed,1800
5208,4550400,18,1605,renamed,1581
5209,4550400,12,1704,renamed,1685
5210,4550400,23,1633,renamed,1644
5211,4550400,33,1765,renamed,1781
5212,4550400,30,1749,renamed,1732
5213,4560000,31,1821,renamed,1808
5214,4560000,32,1827,renamed,1815
5215,4560000,30,1763,renamed,1749
5216,4560000,28,1769,renamed,1756
5217,4560000,33,1777,renamed,1765
5218,4560000,29,1808,renamed,1797
5219,4560000,18,1593,renamed,1605
5220,4560000,27,1743,renamed,1761
5221,4560000,31,1831,renamed,1821
5222,4560000,32,1837,renamed,1827
5223,4569600,30,1775,renamed,1763
5224,4569600,33,1788,renamed,1777
5225,4569600,6,1764,renamed,1753
5226,4569600,7,1778,renamed,1768
5227,4569600,29,1816,renamed,1808
5228,4569600,32,1844,renamed,1837
5229,4569600,31,1838,renamed,1831
5230,4569600,11,1623,renamed,1607
5231,4569600,33,1796,renamed,1788
5232,4569600,30,1783,renamed,1775
5233,4569600,4,1466,renamed,1477
5234,4569600,29,1823,renamed,1816
5235,4580000,7,1786,renamed,1778
5236,4580000,14,1616,renamed,1634
5237,4580000,32,1819,renamed,1844
5238,4580000,19,1580,renamed,1594
5239,4580000,31,1815,renamed,1838
5240,4580000,30,1793,renamed,1783
5241,4580000,27,1754,renamed,1743
5242,4580000,33,1774,renamed,1796
5243,4580000,11,1609,renamed,1623
5244,4580000,28,1780,renamed,1769
5245,4580000,29,1832,renamed,1823
5246,4588800,32,1797,renamed,1819
5247,4588800,7,1797,renamed,1786
5248,4588800,9,1678,renamed,1662
5249,4588800,22,1707,renamed,1726
5250,4588800,27,1735,renamed,1754
5251,4588800,23,1620,renamed,1633
5252,4588800,4,1460,renamed,1466
5253,4588800,33,1787,renamed,1774
5254,4588800,31,1795,renamed,1815
5255,4588800,32,1809,renamed,1797
5256,4588800,7,1778,renamed,1797
5257,4598400,30,1775,renamed,1793
5258,4600000,11,1599,renamed,1609
5259,4600000,21,1673,renamed,1653
5260,4600000,33,1800,renamed,1787
5261,4600000,13,1852,renamed,1842
5262,4600000,9,1664,renamed,1678
5263,4600000,32,1821,renamed,1809
5264,4600000,7,1760,renamed,1778
5265,4600000,23,1609,renamed,1620
5266,4608000,5,1532,renamed,1539
5267,4608000,6,1779,renamed,1764
5268,4608000,31,1808,renamed,1795
5269,4608000,33,1812,renamed,1800
5270,4608000,28,1792,renamed,1780
5271,4608000,32,1800,renamed,1821
5272,4608000,30,1788,renamed,1775
5273,4608000,15,1683,renamed,1698
5274,4608000,18,1614,renamed,1593
5275,4608000,24,1442,renamed,1448
5276,4608000,30,1800,renamed,1788
5277,4608000,31,1788,renamed,1808
5278,4617600,5,1524,renamed,1532
5279,4617600,33,1793,renamed,1812
5280,4617600,12,1721,renamed,1704
5281,4617600,20,1570,renamed,1579
5282,4620000,29,1843,renamed,1832
5283,4620000,32,1812,renamed,1800
5284,4620000,31,1769,renamed,1788
5285,4620000,15,1670,renamed,1683
5286,4620000,22,1693,renamed,1707
5287,4620000,28,1806,renamed,1792
5288,4620000,6,1793,renamed,1779
5289,4620000,33,1805,renamed,1793
5290,4627200,12,1706,renamed,1721
5291,4627200,7,1774,renamed,1760
5292,4627200,32,1823,renamed,1812
5293,4627200,28,1817,renamed,1806
5294,4627200,27,1718,renamed,1735
5295,4627200,17,1758,renamed,1776
5296,4627200,31,1783,renamed,1769
5297,4627200,20,1561,renamed,1570
5298,4627200,33,1817,renamed,1805
5299,4627200,30,1781,renamed,1800
5300,4627200,13,1832,renamed,1852
5301,4627200,29,1855,renamed,1843
5302,4636800,32,1835,renamed,1823
5303,4636800,31,1765,renamed,1783
5304,4636800,21,1692,renamed,1673
5305,4640000,17,1741,renamed,1758
5306,4640000,11,1590,renamed,1599
5307,4640000,33,1830,renamed,1817
5308,4640000,7,1757,renamed,1774
5309,4640000,2,1609,renamed,1618
5310,4640000,3,1481,renamed,1486
5311,4646400,12,1724,renamed,1706
5312,4646400,32,1847,renamed,1835
5313,4646400,31,1779,renamed,1765
5314,4646400,33,1841,renamed,1830
5315,4646400,28,1828,renamed,1817
5316,4646400,30,1793,renamed,1781
5317,4646400,14,1635,renamed,1616
5318,4646400,15,1685,renamed,1670
5319,4646400,29,1863,renamed,1855
5320,4646400,31,1758,renamed,1779
5321,4656000,7,1738,renamed,1757
5322,4656000,32,1825,renamed,1847
5323,4656000,8,1721,renamed,1705
5324,4656000,27,1732,renamed,1718
5325,4656000,28,1807,renamed,1828
5326,4660000,24,1436,renamed,1442
5327,4660000,15,1671,renamed,1685
5328,4660000,30,1775,renamed,1793
5329,4660000,26,1624,renamed,1635
5330,4660000,33,1853,renamed,1841
5331,4660000,14,1655,renamed,1635
5332,4660000,31,1741,renamed,1758
5333,4660000,32,1837,renamed,1825
5334,4660000,29,1842,renamed,1863
5335,4665600,21,1679,renamed,1692
5336,4665600,7,1724,renamed,1738
5337,4665600,33,1865,renamed,1853
5338,4665600,19,1572,renamed,1580
5339,4665600,30,1790,renamed,1775
5340,4665600,25,1571,renamed,1579
5341,4665600,31,1727,renamed,1741
5342,4665600,29,1824,renamed,1842
5343,4665600,32,1851,renamed,1837
5344,4665600,22,1712,renamed,1693
5345,4675200,33,1876,renamed,1865
5346,4675200,9,1653,renamed,1664
5347,4675200,30,1774,renamed,1790
5348,4675200,31,1714,renamed,1727
5349,4675200,28,1791,renamed,1807
5350,4680000,6,1779,renamed,1793
5351,4680000,33,1889,renamed,1876
5352,4680000,8,1710,renamed,1721
5353,4680000,30,1761,renamed,1774
5354,4680000,17,1730,renamed,1741
5355,4680000,32,1836,renamed,1851
5356,4684800,11,1585,renamed,1590
5357,4684800,24,1465,renamed,1436
5358,4684800,30,1749,renamed,1761
5359,4684800,33,1903,renamed,1889
5360,4684800,31,1735,renamed,1714
5361,4684800,29,1839,renamed,1824
5362,4684800,12,1712,renamed,1724
5363,4684800,28,1807,renamed,1791
5364,4684800,32,1819,renamed,1836
5365,4684800,33,1884,renamed,1903
5366,4684800,13,1817,renamed,1832
5367,4684800,30,1769,renamed,1749
5368,4684800,31,1754,renamed,1735
5369,4694400,33,1896,renamed,1884
5370,4694400,29,1822,renamed,1839
5371,4694400,28,1792,renamed,1807
5372,4694400,27,1721,renamed,1732
5373,4694400,34,1843,stored,
5374,4694400,17,1750,renamed,1730
5375,4694400,32,1804,renamed,1819
5376,4694400,30,1787,renamed,1769
5377,4700000,14,1646,renamed,1655
5378,4700000,33,1878,renamed,1896
5379,4700000,29,1838,renamed,1822
5380,4704000,31,1742,renamed,1754
5381,4704000,7,1744,renamed,1724
5382,4704000,8,1730,renamed,1710
5383,4704000,32,1819,renamed,1804
5384,4704000,13,1831,renamed,1817
5385,4704000,34,1825,renamed,1843
5386,4704000,6,1795,renamed,1779
5387,4704000,11,1608,renamed,1585
5388,4704000,33,1857,renamed,1878
5389,4704000,32,1802,renamed,1819
5390,4704000,31,1759,renamed,1742
5391,4713600,31,1744,renamed,1759
5392,4713600,28,1807,renamed,1792
5393,4713600,7,1760,renamed,1744
5394,4713600,15,1690,renamed,1671
5395,4713600,34,1806,renamed,1825
5396,4713600,30,1801,renamed,1787
5397,4713600,33,1837,renamed,1857
5398,4713600,12,1729,renamed,1712
5399,4713600,13,1842,renamed,1831
5400,4720000,34,1818,renamed,1806
5401,4720000,22,1697,renamed,1712
5402,4720000,32,1814,renamed,1802
5403,4723200,31,1728,renamed,1744
5404,4723200,33,1817,renamed,1837
5405,4723200,30,1784,renamed,1801
5406,4723200,11,1600,renamed,1608
5407,4723200,7,1746,renamed,1760
5408,4723200,15,1679,renamed,1690
5409,4723200,32,1799,renamed,1814
5410,4723200,31,1748,renamed,1728
5411,4723200,34,1802,renamed,1818
5412,4723200,33,1802,renamed,1817
5413,4723200,14,1669,renamed,1646
5414,4723200,8,1749,renamed,1730
5415,4732800,21,1669,renamed,1679
5416,4732800,29,1852,renamed,1838
5417,4732800,13,1825,renamed,1842
5418,4732800,31,1766,renamed,1748
5419,4732800,28,1822,renamed,1807
5420,4732800,34,1816,renamed,1802
5421,4732800,33,1815,renamed,1802
5422,4740000,32,1812,renamed,1799
5423,4740000,10,1580,renamed,1557
5424,4740000,18,1603,renamed,1614
5425,4740000,33,1796,renamed,1815
5426,4740000,30,1797,renamed,1784
5427,4742400,17,1764,renamed,1750
5428,4742400,18,1623,renamed,1603
5429,4742400,15,1664,renamed,1679
5430,4742400,31,1779,renamed,1766
5431,4742400,32,1822,renamed,1812
5432,4742400,29,1860,renamed,1852
5433,4742400,34,1795,renamed,1816
5434,4742400,4,1454,renamed,1460
5435,4742400,22,1682,renamed,1697
5436,4752000,31,1761,renamed,1779
5437,4752000,33,1778,renamed,1796
5438,4752000,20,1553,renamed,1561
5439,4752000,34,1809,renamed,1795
5440,4752000,7,1761,renamed,1746
5441,4752000,32,1803,renamed,1822
5442,4752000,22,1670,renamed,1682
5443,4752000,5,1549,renamed,1524
5444,4760000,15,1683,renamed,1664
5445,4760000,13,1836,renamed,1825
5446,4761600,11,1620,renamed,1600
5447,4761600,31,1773,renamed,1761
5448,4761600,9,1669,renamed,1653
5449,4761600,34,1787,renamed,1809
5450,4761600,32,1783,renamed,1803
5451,4761600,31,1755,renamed,1773
5452,4761600,4,1449,renamed,1454
5453,4761600,16,1579,renamed,1557
5454,4761600,33,1790,renamed,1778
5455,4761600,28,1832,renamed,1822
5456,4761600,30,1807,renamed,1797
5457,4771200,3,1473,renamed,1481
5458,4771200,34,1798,renamed,1787
5459,4771200,31,1767,renamed,1755
5460,4771200,32,1762,renamed,1783
5461,4771200,33,1770,renamed,1790
5462,4771200,29,1869,renamed,1860
5463,4771200,28,1811,renamed,1832
5464,4771200,33,1783,renamed,1770
5465,4771200,30,1787,renamed,1807
5466,4771200,26,1613,renamed,1624
5467,4771200,31,1750,renamed,1767
5468,4771200,32,1746,renamed,1762
5469,4780800,34,1781,renamed,1798
5470,4780800,29,1881,renamed,1869
5471,4780800,31,1736,renamed,1750
5472,4780800,33,1768,renamed,1783
5473,4780800,28,1826,renamed,1811
5474,4780800,15,1672,renamed,1683
5475,4780800,21,1690,renamed,1669
5476,4780800,0,1301,renamed,1271
5477,4780800,34,1795,renamed,1781
5478,4780800,30,1800,renamed,1787
5479,4780800,33,1781,renamed,1768
5480,4780800,32,1759,renamed,1746
5481,4790400,29,1858,renamed,1881
5482,4790400,5,1540,renamed,1549
5483,4790400,31,1751,renamed,1736
5484,4790400,28,1806,renamed,1826
5485,4790400,2,1629,renamed,1609
5486,4790400,34,1807,renamed,1795
5487,4790400,30,1811,renamed,1800
5488,4790400,32,1740,renamed,1759
5489,4790400,33,1793,renamed,1781
5490,4790400,17,1746,renamed,1764
5491,4790400,8,1763,renamed,1749
5492,4790400,13,1845,renamed,1836
5493,4790400,11,1608,renamed,1620
5494,4800000,20,1574,renamed,1553
5495,4800000,33,1803,renamed,1793
5496,4800000,34,1816,renamed,1807
5497,4800000,14,1653,renamed,1669
5498,4800000,32,1752,renamed,1740
5499,4800000,6,1805,renamed,1795
5500,4800000,15,1656,renamed,1672
5501,4800000,21,1674,renamed,1690
5502,4800000,27,1704,renamed,1721
5503,4800000,30,1822,renamed,1811
5504,4809600,31,1764,renamed,1751
5505,4809600,33,1782,renamed,1803
5506,4809600,30,1832,renamed,1822
5507,4809600,32,1734,renamed,1752
5508,4809600,34,1827,renamed,1816
5509,4809600,19,1562,renamed,1572
5510,4809600,29,1867,renamed,1858
5511,4809600,23,1628,renamed,1609
5512,4809600,33,1793,renamed,1782
5513,4809600,31,1775,renamed,1764
5514,4819200,5,1530,renamed,1540
5515,4819200,6,1814,renamed,1805
5516,4820000,32,1746,renamed,1734
5517,4820000,16,1566,renamed,1579
5518,4820000,34,1805,renamed,1827
5519,4820000,33,1803,renamed,1793
5520,4820000,30,1810,renamed,1832
5521,4820000,31,1787,renamed,1775
5522,4820000,29,1844,renamed,1867
5523,4820000,6,1794,renamed,1814
5524,4820000,32,1730,renamed,1746
5525,4820000,14,1672,renamed,1653
5526,4820000,7,1775,renamed,1761
5527,4828800,18,1642,renamed,1623
5528,4828800,11,1596,renamed,1608
5529,4828800,20,1595,renamed,1574
5530,4828800,23,1615,renamed,1628
5531,4828800,34,1785,renamed,1805
5532,4828800,5,1522,renamed,1530
5533,4828800,25,1562,renamed,1571
5534,4828800,28,1787,renamed,1806
5535,4828800,32,1746,renamed,1730
5536,4828800,33,1785,renamed,1803
5537,4838400,17,1731,renamed,1746
5538,4838400,10,1572,renamed,1580
5539,4838400,1,1405,renamed,1376
5540,4840000,34,1799,renamed,1785
5541,4840000,33,1767,renamed,1785
5542,4840000,22,1689,renamed,1670
5543,4840000,26,1633,renamed,1613
5544,4840000,2,1617,renamed,1629
5545,4840000,20,1585,renamed,1595
5546,4840000,32,1730,renamed,1746
5547,4840000,11,1618,renamed,1596
5548,4848000,31,1769,renamed,1787
5549,4848000,30,1792,renamed,1810
5550,4848000,34,1813,renamed,1799
5551,4848000,33,1751,renamed,1767
5552,4848000,29,1825,renamed,1844
5553,4848000,28,1772,renamed,1787
5554,4848000,21,1664,renamed,1674
5555,4848000,32,1718,renamed,1730
5556,4848000,14,1694,renamed,1672
5557,4848000,33,1769,renamed,1751
5558,4857600,13,1858,renamed,1845
5559,4857600,5,1516,renamed,1522
5560,4857600,34,1827,renamed,1813
5561,4857600,31,1753,renamed,1769
5562,4860000,2,1639,renamed,1617
5563,4860000,32,1735,renamed,1718
5564,4860000,23,1605,renamed,1615
5565,4860000,29,1806,renamed,1825
5566,4860000,21,1653,renamed,1664
5567,4860000,33,1785,renamed,1769
5568,4860000,12,1715,renamed,1729
5569,4867200,18,1663,renamed,1642
5570,4867200,30,1806,renamed,1792
5571,4867200,32,1751,renamed,1735
5572,4867200,17,1746,renamed,1731
5573,4867200,34,1837,renamed,1827
5574,4867200,26,1621,renamed,1633
5575,4867200,31,1766,renamed,1753
5576,4867200,20,1574,renamed,1585
5577,4867200,33,1766,renamed,1785
5578,4867200,28,1755,renamed,1772
5579,4867200,10,1564,renamed,1572
5580,4867200,12,1732,renamed,1715
5581,4876800,29,1818,renamed,1806
5582,4876800,30,1787,renamed,1806
5583,4876800,9,1657,renamed,1669
5584,4880000,34,1849,renamed,1837
5585,4880000,33,1780,renamed,1766
5586,4880000,17,1730,renamed,1746
5587,4880000,8,1778,renamed,1763
5588,4880000,32,1735,renamed,1751
5589,4880000,19,1554,renamed,1562
5590,4880000,27,1691,renamed,1704
5591,4880000,1,1402,renamed,1405
5592,4886400,6,1808,renamed,1794
5593,4886400,34,1860,renamed,1849
5594,4886400,32,1751,renamed,1735
5595,4886400,23,1595,renamed,1605
5596,4886400,33,1794,renamed,1780
5597,4886400,12,1747,renamed,1732
5598,4886400,8,1790,renamed,1778
5599,4886400,34,1869,renamed,1860
5600,4886400,3,1497,renamed,1473
5601,4886400,29,1827,renamed,1818
5602,4886400,32,1732,renamed,1751
5603,4896000,31,1777,renamed,1766
5604,4896000,20,1562,renamed,1574
5605,4896000,33,1804,renamed,1794
5606,4900000,15,1672,renamed,1656
5607,4900000,32,1744,renamed,1732
5608,4900000,34,1875,renamed,1869
5609,4900000,12,1727,renamed,1747
5610,4900000,13,1865,renamed,1858
5611,4900000,19,1542,renamed,1554
5612,4900000,0,1329,renamed,1301
5613,4900000,26,1636,renamed,1621
5614,4905600,33,1812,renamed,1804
5615,4905600,15,1684,renamed,1672
5616,4905600,21,1635,renamed,1653
5617,4905600,34,1849,renamed,1875
5618,4905600,9,1671,renamed,1657
5619,4905600,32,1754,renamed,1744
5620,4905600,22,1701,renamed,1689
5621,4905600,2,1652,renamed,1639
5622,4915200,30,1763,renamed,1787
5623,4915200,31,1755,renamed,1777
5624,4915200,34,1856,renamed,1849
5625,4915200,33,1820,renamed,1812
5626,4915200,25,1580,renamed,1562
5627,4915200,24,1455,renamed,1465
5628,4920000,27,1703,renamed,1691
5629,4920000,32,1763,renamed,1754
5630,4920000,30,1771,renamed,1763
5631,4920000,2,1664,renamed,1652
5632,4924800,25,1564,renamed,1580
5633,4924800,5,1504,renamed,1516
5634,4924800,33,1827,renamed,1820
5635,4924800,31,1764,renamed,1755
5636,4924800,34,1830,renamed,1856
5637,4924800,12,1706,renamed,1727
5638,4924800,32,1773,renamed,1763
5639,4924800,29,1803,renamed,1827
5640,4924800,3,1488,renamed,1497
5641,4924800,15,1698,renamed,1684
5642,4924800,5,1525,renamed,1504
5643,4924800,30,1780,renamed,1771
5644,4924800,11,1633,renamed,1618
5645,4934400,34,1836,renamed,1830
5646,4934400,32,1781,renamed,1773
5647,4934400,33,1833,renamed,1827
5648,4940000,29,1809,renamed,1803
5649,4940000,31,1771,renamed,1764
5650,4940000,30,1787,renamed,1780
5651,4940000,8,1796,renamed,1790
5652,4940000,34,1810,renamed,1836
5653,4940000,20,1547,renamed,1562
5654,4940000,1,1425,renamed,1402
5655,4940000,33,1838,renamed,1833
5656,4944000,19,1558,renamed,1542
5657,4944000,22,1679,renamed,1701
5658,4944000,16,1551,renamed,1566
5659,4944000,32,1788,renamed,1781
5660,4944000,18,1674,renamed,1663
5661,4944000,29,1815,renamed,1809
5662,4944000,0,1322,renamed,1329
5663,4944000,1,1446,renamed,1425
5664,4953600,30,1762,renamed,1787
5665,4953600,34,1816,renamed,1810
5666,4953600,23,1578,renamed,1595
5667,4953600,3,1507,renamed,1488
5668,4953600,31,1778,renamed,1771
5669,4953600,32,1794,renamed,1788
5670,4953600,33,1843,renamed,1838
5671,4953600,30,1769,renamed,1762
5672,4953600,7,1750,renamed,1775
5673,4953600,29,1821,renamed,1815
5674,4960000,34,1790,renamed,1816
5675,4960000,33,1849,renamed,1843
5676,4960000,13,1839,renamed,1865
5677,4963200,18,1655,renamed,1674
5678,4963200,2,1677,renamed,1664
5679,4963200,15,1679,renamed,1698
5680,4963200,3,1497,renamed,1507
5681,4963200,32,1803,renamed,1794
5682,4963200,31,1756,renamed,1778
5683,4963200,34,1799,renamed,1790
5684,4963200,6,1816,renamed,1808
5685,4963200,30,1748,renamed,1769
5686,4963200,28,1735,renamed,1755
5687,4963200,33,1857,renamed,1849
5688,4963200,29,1830,renamed,1821
5689,4972800,19,1547,renamed,1558
5690,4972800,7,1731,renamed,1750
5691,4972800,34,1779,renamed,1799
5692,4972800,5,1548,renamed,1525
5693,4972800,11,1620,renamed,1633
5694,4972800,32,1814,renamed,1803
5695,4972800,31,1768,renamed,1756
5696,4980000,22,1663,renamed,1679
5697,4980000,21,1622,renamed,1635
5698,4980000,1,1440,renamed,1446
5699,4980000,33,1835,renamed,1857
5700,4982400,3,1522,renamed,1497
5701,4982400,34,1791,renamed,1779
5702,4982400,12,1690,renamed,1706
5703,4982400,33,1845,renamed,1835
5704,4982400,32,1824,renamed,1814
5705,4982400,30,1730,renamed,1748
5706,4982400,29,1840,renamed,1830
5707,4982400,33,1823,renamed,1845
5708,4982400,16,1573,renamed,1551
5709,4982400,31,1780,renamed,1768
5710,4982400,34,1802,renamed,1791
5711,4982400,28,1748,renamed,1735
5712,4992000,2,1661,renamed,1677
5713,4992000,7,1744,renamed,1731
5714,4992000,32,1833,renamed,1824
5715,4992000,22,1647,renamed,1663
5716,4992000,33,1801,renamed,1823
5717,4992000,34,1813,renamed,1802
5718,4992000,10,1584,renamed,1564
5719,4992000,2,1646,renamed,1661
5720,4992000,31,1791,renamed,1780
5721,4992000,30,1742,renamed,1730
5722,4992000,34,1822,renamed,1813
5723,5000000,32,1841,renamed,1833
5724,5001600,11,1636,renamed,1620
5725,5001600,20,1535,renamed,1547
5726,5001600,18,1669,renamed,1655
5727,5001600,34,1829,renamed,1822
5728,5001600,13,1845,renamed,1839
5729,5001600,33,1808,renamed,1801
5730,5001600,14,1705,renamed,1694
5731,5001600,6,1822,renamed,1816
5732,5001600,12,1700,renamed,1690
5733,5001600,15,1659,renamed,1679
5734,5011200,32,1816,renamed,1841
5735,5011200,34,1805,renamed,1829
5736,5011200,20,1524,renamed,1535
5737,5011200,31,1800,renamed,1791
5738,5011200,33,1816,renamed,1808
5739,5011200,5,1567,renamed,1548
5740,5011200,19,1534,renamed,1547
5741,5011200,30,1752,renamed,1742
5742,5011200,7,1723,renamed,1744
5743,5011200,30,1762,renamed,1752
5744,5011200,32,1824,renamed,1816
5745,5020000,33,1823,renamed,1816
5746,5020000,34,1813,renamed,1805
5747,5020800,24,1446,renamed,1455
5748,5020800,13,1851,renamed,1845
5749,5020800,31,1808,renamed,1800
5750,5020800,22,1629,renamed,1647
5751,5020800,32,1831,renamed,1824
5752,5020800,8,1804,renamed,1796
5753,5020800,30,1771,renamed,1762
5754,5020800,1,1431,renamed,1440
5755,5020800,31,1784,renamed,1808
5756,5020800,33,1830,renamed,1823
5757,5020800,29,1847,renamed,1840
5758,5020800,34,1820,renamed,1813
5759,5030400,17,1709,renamed,1730
5760,5030400,21,1637,renamed,1622
5761,5030400,14,1685,renamed,1705
5762,5030400,32,1838,renamed,1831
5763,5030400,3,1542,renamed,1522
5764,5030400,10,1600,renamed,1584
5765,5030400,27,1683,renamed,1703
5766,5030400,16,1559,renamed,1573
5767,5030400,2,1630,renamed,1646
5768,5030400,34,1797,renamed,1820
5769,5040000,31,1794,renamed,1784
5770,5040000,30,1781,renamed,1771
5771,5040000,32,1845,renamed,1838
5772,5040000,22,1614,renamed,1629
5773,5040000,11,1652,renamed,1636
5774,5040000,33,1837,renamed,1830
5775,5040000,27,1665,renamed,1683
5776,5040000,34,1775,renamed,1797
5777,5040000,23,1597,renamed,1578
5778,5040000,32,1822,renamed,1845
5779,5049600,26,1622,renamed,1636
5780,5049600,7,1737,renamed,1723
5781,5049600,31,1804,renamed,1794
5782,5049600,8,1813,renamed,1804
5783,5049600,33,1814,renamed,1837
5784,5049600,19,1555,renamed,1534
5785,5049600,27,1649,renamed,1665
5786,5049600,34,1786,renamed,1775
5787,5049600,26,1639,renamed,1622
5788,5049600,2,1646,renamed,1630
5789,5049600,9,1684,renamed,1671
5790,5059200,1,1423,renamed,1431
5791,5060000,32,1798,renamed,1822
5792,5060000,17,1721,renamed,1709
5793,5060000,19,1543,renamed,1555
5794,5060000,33,1822,renamed,1814
5795,5060000,31,1812,renamed,1804
5796,5060000,22,1599,renamed,1614
5797,5060000,26,1624,renamed,1639
5798,5060000,28,1759,renamed,1748
5799,5060000,32,1807,renamed,1798
5800,5060000,34,1795,renamed,1786
5801,5060000,27,1633,renamed,1649
5802,5060000,16,1578,renamed,1559
5803,5068800,33,1829,renamed,1822
5804,5068800,34,1772,renamed,1795
5805,5068800,9,1697,renamed,1684
5806,5068800,31,1820,renamed,1812
5807,5068800,32,1815,renamed,1807
5808,5068800,17,1732,renamed,1721
5809,5068800,30,1789,renamed,1781
5810,5068800,11,1665,renamed,1652
5811,5068800,31,1795,renamed,1820
5812,5068800,34,1750,renamed,1772
5813,5068800,33,1805,renamed,1829
5814,5078400,20,1514,renamed,1524
5815,5078400,29,1824,renamed,1847
5816,5078400,32,1794,renamed,1815
5817,5080000,5,1588,renamed,1567
5818,5080000,26,1611,renamed,1624
5819,5080000,28,1772,renamed,1759
5820,5080000,14,1700,renamed,1685
5821,5080000,33,1815,renamed,1805
5822,5080000,34,1761,renamed,1750
5823,5080000,4,1472,renamed,1449
5824,5080000,15,1673,renamed,1659
5825,5080000,21,1651,renamed,1637
5826,5088000,9,1708,renamed,1697
5827,5088000,33,1821,renamed,1815
5828,5088000,25,1549,renamed,1564
5829,5088000,5,1603,renamed,1588
5830,5088000,32,1770,renamed,1794
5831,5088000,34,1739,renamed,1761
5832,5088000,30,1767,renamed,1789
5833,5088000,31,1804,renamed,1795
5834,5088000,18,1683,renamed,1669
5835,5088000,33,1828,renamed,1821
5836,5097600,32,1748,renamed,1770
5837,5097600,29,1801,renamed,1824
5838,5097600,24,1470,renamed,1446
5839,5100000,26,1597,renamed,1611
5840,5100000,34,1750,renamed,1739
5841,5100000,17,1713,renamed,1732
5842,5100000,15,1688,renamed,1673
5843,5100000,1,1416,renamed,1423
5844,5100000,33,1836,renamed,1828
5845,5100000,5,1620,renamed,1603
5846,5100000,31,1812,renamed,1804
5847,5100000,12,1712,renamed,1700
5848,5100000,32,1727,renamed,1748
5849,5107200,20,1503,renamed,1514
5850,5107200,34,1730,renamed,1750
5851,5107200,29,1780,renamed,1801
5852,5107200,11,1650,renamed,1665
5853,5107200,33,1845,renamed,1836
5854,5107200,32,1710,renamed,1727
5855,5107200,30,1780,renamed,1767
5856,5107200,31,1792,renamed,1812
5857,5107200,34,1714,renamed,1730
5858,5107200,29,1762,renamed,1780
5859,5107200,18,1670,renamed,1683
5860,5107200,22,1590,renamed,1599
5861,5116800,33,1857,renamed,1845
5862,5116800,17,1700,renamed,1713
5863,5116800,28,1787,renamed,1772
5864,5116800,32,1727,renamed,1710
5865,5120000,3,1565,renamed,1542
5866,5120000,27,1621,renamed,1633
5867,5120000,12,1728,renamed,1712
5868,5120000,33,1835,renamed,1857
5869,5120000,31,1774,renamed,1792
5870,5120000,34,1731,renamed,1714
5871,5120000,30,1763,renamed,1780
5872,5120000,32,1713,renamed,1727
5873,5120000,33,1817,renamed,1835
5874,5126400,16,1602,renamed,1578
5875,5126400,10,1622,renamed,1600
5876,5126400,29,1746,renamed,1762
5877,5126400,2,1666,renamed,1646
5878,5126400,6,1833,renamed,1822
5879,5126400,34,1715,renamed,1731
5880,5126400,23,1618,renamed,1597
5881,5126400,13,1861,renamed,1851
5882,5126400,7,1720,renamed,1737
5883,5126400,30,1746,renamed,1763
5884,5126400,33,1798,renamed,1817
5885,5126400,34,1732,renamed,1715
5886,5126400,32,1730,renamed,1713
5887,5136000,34,1716,renamed,1732
5888,5136000,31,1757,renamed,1774
5889,5136000,27,1611,renamed,1621
5890,5136000,23,1609,renamed,1618
5891,5140000,29,1763,renamed,1746
5892,5140000,33,1812,renamed,1798
5893,5140000,6,1845,renamed,1833
5894,5140000,34,1732,renamed,1716
5895,5140000,21,1669,renamed,1651
5896,5140000,5,1639,renamed,1620
5897,5140000,32,1712,renamed,1730
5898,5140000,33,1822,renamed,1812
5899,5145600,30,1728,renamed,1746
5900,5145600,2,1652,renamed,1666
5901,5145600,31,1771,renamed,1757
5902,5145600,29,1745,renamed,1763
5903,5145600,34,1716,renamed,1732
5904,5145600,5,1659,renamed,1639
5905,5145600,15,1674,renamed,1688
5906,5145600,32,1698,renamed,1712
5907,5145600,4,1467,renamed,1472
5908,5145600,12,1744,renamed,1728
5909,5145600,34,1702,renamed,1716
5910,5145600,33,1834,renamed,1822
5911,5155200,2,1640,renamed,1652
5912,5155200,30,1714,renamed,1728
5913,5155200,20,1528,renamed,1503
5914,5155200,19,1566,renamed,1543
5915,5155200,31,1753,renamed,1771
5916,5155200,16,1592,renamed,1602
5917,5160000,34,1689,renamed,1702
5918,5160000,21,1688,renamed,1669
5919,5160000,20,1521,renamed,1528
5920,5160000,22,1612,renamed,1590
5921,5160000,33,1845,renamed,1834
5922,5160000,32,1683,renamed,1698
5923,5164800,11,1669,renamed,1650
5924,5164800,8,1824,renamed,1813
5925,5164800,34,1705,renamed,1689
5926,5164800,14,1714,renamed,1700
5927,5164800,20,1512,renamed,1521
5928,5164800,21,1703,renamed,1688
5929,5164800,9,1691,renamed,1708
5930,5164800,33,1823,renamed,1845
5931,5164800,32,1699,renamed,1683
5932,5164800,2,1627,renamed,1640
5933,5164800,3,1555,renamed,1565
5934,5174400,14,1729,renamed,1714
5935,5174400,34,1689,renamed,1705
5936,5174400,1,1411,renamed,1416
5937,5174400,26,1617,renamed,1597
5938,5174400,30,1728,renamed,1714
5939,5180000,33,1832,renamed,1823
5940,5180000,23,1596,renamed,1609
5941,5180000,22,1600,renamed,1612
5942,5180000,0,1350,renamed,1322
5943,5180000,32,1713,renamed,1699
5944,5184000,10,1608,renamed,1622
5945,5184000,34,1703,renamed,1689
5946,5184000,25,1538,renamed,1549
5947,5184000,28,1766,renamed,1787
5948,5184000,35,1683,stored,
5949,5184000,31,1735,renamed,1753
5950,5184000,19,1556,renamed,1566
5951,5184000,2,1615,renamed,1627
5952,5184000,33,1843,renamed,1832
5953,5184000,12,1758,renamed,1744
5954,5184000,15,1690,renamed,1674
5955,5184000,35,1668,renamed,1683
5956,5193600,33,1822,renamed,1843
5957,5193600,32,1729,renamed,1713
5958,5193600,34,1688,renamed,1703
5959,5193600,24,1464,renamed,1470
5960,5193600,31,1750,renamed,1735
5961,5193600,21,1719,renamed,1703
5962,5193600,16,1581,renamed,1592
5963,5193600,33,1832,renamed,1822
5964,5200000,35,1654,renamed,1668
5965,5200000,32,1713,renamed,1729
5966,5203200,14,1714,renamed,1729
5967,5203200,12,1742,renamed,1758
5968,5203200,34,1676,renamed,1688
5969,5203200,31,1766,renamed,1750
5970,5203200,33,1844,renamed,1832
5971,5203200,30,1744,renamed,1728
5972,5203200,17,1686,renamed,1700
5973,5203200,35,1642,renamed,1654
5974,5203200,34,1664,renamed,1676
5975,5203200,32,1700,renamed,1713
5976,5203200,26,1608,renamed,1617
5977,5203200,16,1574,renamed,1581
5978,5203200,10,1631,renamed,1608
5979,5203200,22,1592,renamed,1600
5980,5212800,35,1632,renamed,1642
5981,5212800,33,1826,renamed,1844
5982,5212800,7,1739,renamed,1720
5983,5212800,34,1685,renamed,1664
5984,5212800,30,1760,renamed,1744
5985,5212800,32,1717,renamed,1700
5986,5212800,31,1749,renamed,1766
5987,5212800,6,1856,renamed,1845
5988,5222400,18,1658,renamed,1670
5989,5222400,12,1758,renamed,1742
5990,5222400,33,1807,renamed,1826
5991,5222400,35,1653,renamed,1632
5992,5222400,26,1629,renamed,1608
5993,5222400,8,1835,renamed,1824
5994,5222400,34,1701,renamed,1685
5995,5222400,16,1563,renamed,1574
5996,5222400,27,1630,renamed,1611
5997,5222400,35,1639,renamed,1653
5998,5222400,33,1817,renamed,1807
5999,5222400,32,1731,renamed,1717
6000,5232000,21,1732,renamed,1719
6001,5232000,29,1756,renamed,1745
6002,5232000,31,1760,renamed,1749
6003,5232000,34,1713,renamed,1701
6004,5232000,30,1739,renamed,1760
6005,5232000,25,1527,renamed,1538
6006,5232000,28,1776,renamed,1766
6007,5232000,35,1654,renamed,1639
6008,5232000,33,1825,renamed,1817
6009,5232000,9,1703,renamed,1691
6010,5232000,12,1767,renamed,1758
6011,5241600,34,1723,renamed,1713
6012,5241600,31,1737,renamed,1760
6013,5241600,32,1741,renamed,1731
6014,5241600,30,1718,renamed,1739
6015,5241600,16,1550,renamed,1563
6016,5241600,25,1547,renamed,1527
6017,5241600,35,1667,renamed,1654
6018,5241600,33,1832,renamed,1825
6019,5241600,34,1733,renamed,1723
6020,5241600,23,1580,renamed,1596
6021,5241600,32,1720,renamed,1741
6022,5241600,31,1747,renamed,1737
6023,5251200,19,1574,renamed,1556
6024,5251200,6,1862,renamed,1856
6025,5251200,8,1810,renamed,1835
6026,5251200,34,1712,renamed,1733
6027,5251200,35,1681,renamed,1667
6028,5251200,10,1646,renamed,1631
6029,5251200,32,1730,renamed,1720
6030,5251200,5,1671,renamed,1659
6031,5251200,33,1807,renamed,1832
6032,5260800,8,1817,renamed,1810
6033,5260800,19,1560,renamed,1574
6034,5260800,13,1836,renamed,1861
6035,5260800,25,1536,renamed,1547
6036,5260800,21,1713,renamed,1732
6037,5260800,26,1646,renamed,1629
6038,5260800,34,1694,renamed,1712
6039,5260800,35,1665,renamed,1681
6040,5260800,29,1768,renamed,1756
6041,5260800,31,1759,renamed,1747
6042,5260800,32,1742,renamed,1730
6043,5260800,33,1816,renamed,1807
6044,5260800,30,1730,renamed,1718
6045,5260800,7,1750,renamed,1739
6046,5270400,13,1812,renamed,1836
6047,5270400,32,1753,renamed,1742
6048,5270400,34,1706,renamed,1694
6049,5270400,35,1648,renamed,1665
6050,5270400,33,1824,renamed,1816
6051,5270400,20,1502,renamed,1512
6052,5270400,26,1661,renamed,1646
6053,5270400,17,1698,renamed,1686
6054,5270400,31,1768,renamed,1759
6055,5270400,11,1651,renamed,1669
6056,5280000,34,1718,renamed,1706
6057,5280000,24,1455,renamed,1464
6058,5280000,33,1831,renamed,1824
6059,5280000,35,1662,renamed,1648
6060,5280000,18,1671,renamed,1658
6061,5280000,23,1595,renamed,1580
6062,5280000,34,1696,renamed,1718
6063,5280000,32,1762,renamed,1753
6064,5280000,20,1521,renamed,1502
6065,5280000,31,1775,renamed,1768
6066,5280000,33,1836,renamed,1831
6067,5289600,35,1672,renamed,1662
6068,5289600,30,1707,renamed,1730
6069,5289600,34,1706,renamed,1696
6070,5289600,16,1535,renamed,1550
6071,5289600,3,1540,renamed,1555
6072,5289600,7,1728,renamed,1750
6073,5289600,12,1776,renamed,1767
6074,5289600,22,1607,renamed,1592
6075,5289600,26,1642,renamed,1661
6076,5289600,35,1684,renamed,1672
6077,5299200,23,1610,renamed,1595
6078,5299200,17,1677,renamed,1698
6079,5300000,8,1824,renamed,1817
6080,5300000,30,1717,renamed,1707
6081,5300000,33,1842,renamed,1836
6082,5300000,10,1627,renamed,1646
6083,5300000,27,1613,renamed,1630
6084,5300000,35,1665,renamed,1684
6085,5300000,34,1718,renamed,1706
6086,5300000,3,1558,renamed,1540
6087,5300000,5,1652,renamed,1671
6088,5308800,32,1771,renamed,1762
6089,5308800,23,1594,renamed,1610
6090,5308800,34,1729,renamed,1718
6091,5308800,35,1678,renamed,1665
6092,5308800,33,1848,renamed,1842
6093,5308800,19,1546,renamed,1560
6094,5308800,11,1634,renamed,1651
6095,5308800,2,1631,renamed,1615
6096,5308800,24,1446,renamed,1455
6097,5308800,25,1524,renamed,1536
6098,5308800,35,1661,renamed,1678
6099,5308800,32,1781,renamed,1771
6100,5318400,4,1459,renamed,1467
6101,5318400,34,1710,renamed,1729
6102,5318400,33,1825,renamed,1848
6103,5320000,5,1669,renamed,1652
6104,5320000,35,1677,renamed,1661
6105,5320000,31,1755,renamed,1775
6106,5320000,2,1618,renamed,1631
6107,5320000,22,1626,renamed,1607
6108,5320000,34,1723,renamed,1710
6109,5320000,18,1686,renamed,1671
6110,5320000,33,1833,renamed,1825
6111,5320000,32,1790,renamed,1781
6112,5328000,21,1724,renamed,1713
6113,5328000,3,1545,renamed,1558
6114,5328000,34,1703,renamed,1723
6115,5328000,1,1405,renamed,1411
6116,5328000,31,1766,renamed,1755
6117,5328000,35,1660,renamed,1677
6118,5328000,2,1635,renamed,1618
6119,5328000,33,1841,renamed,1833
6120,5328000,32,1768,renamed,1790
6121,5328000,30,1699,renamed,1717
6122,5328000,31,1747,renamed,1766
6123,5337600,26,1629,renamed,1642
6124,5340000,9,1688,renamed,1703
6125,5340000,34,1719,renamed,1703
6126,5340000,32,1750,renamed,1768
6127,5340000,35,1648,renamed,1660
6128,5340000,27,1634,renamed,1613
6129,5340000,31,1730,renamed,1747
6130,5340000,33,1852,renamed,1841
6131,5340000,25,1517,renamed,1524
6132,5340000,30,1716,renamed,1699
6133,5347200,24,1440,renamed,1446
6134,5347200,34,1734,renamed,1719
6135,5347200,33,1830,renamed,1852
6136,5347200,10,1647,renamed,1627
6137,5347200,35,1635,renamed,1648
6138,5347200,32,1764,renamed,1750
6139,5347200,26,1617,renamed,1629
6140,5347200,31,1714,renamed,1730
6141,5347200,34,1749,renamed,1734
6142,5347200,19,1538,renamed,1546
6143,5347200,30,1701,renamed,1716
6144,5347200,33,1841,renamed,1830
6145,5347200,35,1624,renamed,1635
6146,5356800,23,1615,renamed,1594
6147,5356800,32,1747,renamed,1764
6148,5356800,31,1730,renamed,1714
6149,5360000,3,1568,renamed,1545
6150,5360000,34,1731,renamed,1749
6151,5360000,33,1820,renamed,1841
6152,5360000,26,1607,renamed,1617
6153,5360000,6,1842,renamed,1862
6154,5360000,2,1656,renamed,1635
6155,5360000,35,1645,renamed,1624
6156,5360000,13,1824,renamed,1812
6157,5366400,29,1781,renamed,1768
6158,5366400,33,1800,renamed,1820
6159,5366400,8,1835,renamed,1824
6160,5366400,34,1745,renamed,1731
6161,5366400,32,1760,renamed,1747
6162,5366400,9,1703,renamed,1688
6163,5366400,26,1594,renamed,1607
6164,5366400,35,1631,renamed,1645
6165,5366400,23,1634,renamed,1615
6166,5366400,33,1810,renamed,1800
6167,5376000,17,1692,renamed,1677
6168,5376000,34,1756,renamed,1745
6169,5376000,32,1739,renamed,1760
6170,5376000,29,1791,renamed,1781
6171,5380000,9,1716,renamed,1703
6172,5380000,1,1398,renamed,1405
6173,5380000,35,1616,renamed,1631
6174,5380000,33,1788,renamed,1810
6175,5380000,34,1737,renamed,1756
6176,5380000,25,1509,renamed,1517
6177,5385600,32,1753,renamed,1739
6178,5385600,31,1713,renamed,1730
6179,5385600,20,1513,renamed,1521
6180,5385600,30,1717,renamed,1701
6181,5385600,33,1800,renamed,1788
6182,5385600,2,1673,renamed,1656
6183,5385600,34,1719,renamed,1737
6184,5385600,35,1635,renamed,1616
6185,5385600,1,1424,renamed,1398
6186,5385600,8,1843,renamed,1835
6187,5385600,33,1778,renamed,1800
6188,5385600,28,1756,renamed,1776
6189,5395200,32,1735,renamed,1753
6190,5395200,31,1728,renamed,1713
6191,5395200,35,1622,renamed,1635
6192,5395200,30,1701,renamed,1717
6193,5395200,19,1530,renamed,1538
6194,5400000,26,1584,renamed,1594
6195,5400000,34,1704,renamed,1719
6196,5400000,22,1647,renamed,1626
6197,5400000,33,1791,renamed,1778
6198,5400000,35,1641,renamed,1622
6199,5400000,18,1671,renamed,1686
6200,5404800,21,1708,renamed,1724
6201,5404800,32,1750,renamed,1735
6202,5404800,31,1712,renamed,1728
6203,5404800,30,1687,renamed,1701
6204,5404800,34,1721,renamed,1704
6205,5404800,33,1773,renamed,1791
6206,5404800,10,1666,renamed,1647
6207,5404800,35,1629,renamed,1641
6208,5404800,32,1734,renamed,1750
6209,5404800,26,1576,renamed,1584
6210,5404800,19,1554,renamed,1530
6211,5414400,18,1659,renamed,1671
6212,5414400,36,1748,stored,
6213,5414400,31,1729,renamed,1712
6214,5414400,33,1786,renamed,1773
6215,5414400,9,1701,renamed,1716
6216,5414400,34,1737,renamed,1721
6217,5414400,11,1622,renamed,1634
6218,5420000,3,1590,renamed,1568
6219,5420000,22,1634,renamed,1647
6220,5420000,16,1527,renamed,1535
6221,5424000,7,1743,renamed,1728
6222,5424000,36,1731,renamed,1748
6223,5424000,31,1744,renamed,1729
6224,5424000,34,1751,renamed,1737
6225,5424000,35,1647,renamed,1629
6226,5424000,28,1737,renamed,1756
6227,5424000,33,1767,renamed,1786
6228,5424000,20,1537,renamed,1513
6229,5424000,30,1703,renamed,1687
6230,5424000,32,1747,renamed,1734
6231,5424000,22,1620,renamed,1634
6232,5433600,36,1713,renamed,1731
6233,5433600,35,1634,renamed,1647
6234,5433600,34,1734,renamed,1751
6235,5433600,5,1687,renamed,1669
6236,5433600,27,1653,renamed,1634
6237,5433600,33,1748,renamed,1767
6238,5433600,32,1730,renamed,1747
6239,5433600,31,1759,renamed,1744
6240,5440000,35,1653,renamed,1634
6241,5440000,9,1716,renamed,1701
6242,5440000,36,1696,renamed,1713
6243,5440000,30,1687,renamed,1703
6244,5443200,34,1718,renamed,1734
6245,5443200,6,1852,renamed,1842
6246,5443200,32,1714,renamed,1730
6247,5443200,33,1763,renamed,1748
6248,5443200,35,1641,renamed,1653
6249,5443200,36,1713,renamed,1696
6250,5443200,34,1703,renamed,1718
6251,5443200,5,1674,renamed,1687
6252,5443200,31,1774,renamed,1759
6253,5443200,20,1560,renamed,1537
6254,5452800,32,1729,renamed,1714
6255,5452800,11,1610,renamed,1622
6256,5452800,29,1802,renamed,1791
6257,5452800,36,1727,renamed,1713
6258,5452800,23,1651,renamed,1634
6259,5452800,17,1706,renamed,1692
6260,5452800,33,1743,renamed,1763
6261,5452800,14,1727,renamed,1714
6262,5460000,35,1626,renamed,1641
6263,5460000,13,1833,renamed,1824
6264,5460000,30,1670,renamed,1687
6265,5462400,29,1781,renamed,1802
6266,5462400,36,1710,renamed,1727
6267,5462400,20,1582,renamed,1560
6268,5462400,7,1756,renamed,1743
6269,5462400,15,1705,renamed,1690
6270,5462400,33,1724,renamed,1743
6271,5462400,35,1644,renamed,1626
6272,5462400,34,1717,renamed,1703
6273,5462400,11,1627,renamed,1610
6274,5462400,24,1432,renamed,1440
6275,5462400,36,1722,renamed,1710
6276,5462400,14,1738,renamed,1727
6277,5472000,22,1635,renamed,1620
6278,5472000,23,1633,renamed,1651
6279,5472000,25,1498,renamed,1509
6280,5472000,35,1659,renamed,1644
6281,5472000,10,1679,renamed,1666
6282,5472000,36,1732,renamed,1722
6283,5472000,30,1682,renamed,1670
6284,5472000,34,1726,renamed,1717
6285,5472000,7,1764,renamed,1756
6286,5480000,14,1746,renamed,1738
6287,5481600,33,1732,renamed,1724
6288,5481600,32,1706,renamed,1729
6289,5481600,35,1640,renamed,1659
6290,5481600,30,1663,renamed,1682
6291,5481600,16,1515,renamed,1527
6292,5481600,19,1542,renamed,1554
6293,5481600,13,1809,renamed,1833
6294,5481600,36,1744,renamed,1732
6295,5481600,35,1625,renamed,1640
6296,5481600,34,1708,renamed,1726
6297,5481600,15,1689,renamed,1705
6298,5491200,36,1727,renamed,1744
6299,5491200,20,1572,renamed,1582
6300,5491200,33,1716,renamed,1732
6301,5491200,23,1653,renamed,1633
6302,5491200,30,1650,renamed,1663
6303,5491200,2,1660,renamed,1673
6304,5491200,3,1581,renamed,1590
6305,5491200,7,1779,renamed,1764
6306,5491200,36,1712,renamed,1727
6307,5491200,35,1646,renamed,1625
6308,5491200,24,1427,renamed,1432
6309,5500000,30,1638,renamed,1650
6310,5500800,34,1725,renamed,1708
6311,5500800,33,1701,renamed,1716
6312,5500800,32,1723,renamed,1706
6313,5500800,36,1698,renamed,1712
6314,5500800,28,1722,renamed,1737
6315,5500800,8,1855,renamed,1843
6316,5500800,2,1648,renamed,1660
6317,5500800,34,1742,renamed,1725
6318,5500800,35,1635,renamed,1646
6319,5500800,11,1648,renamed,1627
6320,5510400,7,1792,renamed,1779
6321,5510400,36,1714,renamed,1698
6322,5510400,4,1484,renamed,1459
6323,5510400,32,1706,renamed,1723
6324,5510400,33,1685,renamed,1701
6325,5510400,31,1787,renamed,1774
6326,5510400,35,1622,renamed,1635
6327,5510400,14,1760,renamed,1746
6328,5510400,7,1773,renamed,1792
6329,5510400,1,1450,renamed,1424
6330,5520000,9,1730,renamed,1716
6331,5520000,36,1697,renamed,1714
6332,5520000,8,1864,renamed,1855
6333,5520000,34,1724,renamed,1742
6334,5520000,15,1674,renamed,1689
6335,5520000,19,1565,renamed,1542
6336,5520000,33,1701,renamed,1685
6337,5520000,35,1609,renamed,1622
6338,5520000,3,1570,renamed,1581
6339,5520000,32,1691,renamed,1706
6340,5520000,34,1708,renamed,1724
6341,5520000,36,1714,renamed,1697
6342,5520000,18,1677,renamed,1659
6343,5529600,16,1507,renamed,1515
6344,5529600,28,1706,renamed,1722
6345,5529600,1,1445,renamed,1450
6346,5529600,35,1599,renamed,1609
6347,5529600,22,1655,renamed,1635
6348,5529600,27,1671,renamed,1653
6349,5529600,33,1716,renamed,1701
6350,5529600,13,1819,renamed,1809
6351,5529600,34,1722,renamed,1708
6352,5539200,36,1727,renamed,1714
6353,5540000,32,1704,renamed,1691
6354,5540000,26,1594,renamed,1576
6355,5540000,28,1687,renamed,1706
6356,5540000,17,1718,renamed,1706
6357,5540000,35,1585,renamed,1599
6358,5540000,33,1728,renamed,1716
6359,5540000,23,1636,renamed,1653
6360,5540000,36,1708,renamed,1727
6361,5540000,2,1664,renamed,1648
6362,5540000,34,1734,renamed,1722
6363,5548800,27,1654,renamed,1671
6364,5548800,32,1686,renamed,1704
6365,5548800,11,1664,renamed,1648
6366,5548800,7,1752,renamed,1773
6367,5548800,3,1590,renamed,1570
6368,5548800,36,1690,renamed,1708
6369,5548800,35,1604,renamed,1585
6370,5548800,34,1715,renamed,1734
6371,5548800,10,1694,renamed,1679
6372,5548800,2,1679,renamed,1664
6373,5548800,15,1688,renamed,1674
6374,5548800,33,1739,renamed,1728
6375,5560000,29,1790,renamed,1781
6376,5560000,32,1698,renamed,1686
6377,5560000,17,1697,renamed,1718
6378,5560000,20,1589,renamed,1572
6379,5560000,36,1701,renamed,1690
6380,5560000,5,1685,renamed,1674
6381,5560000,9,1739,renamed,1730
6382,5560000,12,1783,renamed,1776
6383,5560000,28,1697,renamed,1687
6384,5560000,36,1679,renamed,1701
6385,5560000,35,1618,renamed,1604
6386,5568000,34,1693,renamed,1715
6387,5568000,33,1717,renamed,1739
6388,5568000,17,1678,renamed,1697
6389,5568000,32,1679,renamed,1698
6390,5568000,26,1581,renamed,1594
6391,5568000,31,1797,renamed,1787
6392,5568000,35,1634,renamed,1618
6393,5568000,19,1552,renamed,1565
6394,5568000,36,1693,renamed,1679
6395,5568000,18,1659,renamed,1677
6396,5568000,10,1707,renamed,1694
6397,5568000,25,1488,renamed,1498
6398,5577600,15,1671,renamed,1688
6399,5577600,23,1652,renamed,1636
6400,5577600,36,1675,renamed,1693
6401,5580000,34,1707,renamed,1693
6402,5580000,32,1662,renamed,1679
6403,5580000,35,1620,renamed,1634
6404,5580000,31,1807,renamed,1797
6405,5580000,9,1751,renamed,1739
6406,5580000,33,1699,renamed,1717
6407,5580000,15,1686,renamed,1671
6408,5580000,30,1654,renamed,1638
6409,5587200,22,1670,renamed,1655
6410,5587200,23,1636,renamed,1652
6411,5587200,36,1658,renamed,1675
6412,5587200,27,1669,renamed,1654
6413,5587200,34,1689,renamed,1707
6414,5587200,31,1786,renamed,1807
6415,5587200,35,1608,renamed,1620
6416,5587200,36,1644,renamed,1658
6417,5587200,21,1723,renamed,1708
6418,5587200,33,1684,renamed,1699
6419,5587200,16,1500,renamed,1507
6420,5596800,34,1706,renamed,1689
6421,5596800,32,1679,renamed,1662
6422,5596800,35,1627,renamed,1608
6423,5600000,36,1660,renamed,1644
6424,5600000,18,1674,renamed,1659
6425,5600000,33,1666,renamed,1684
6426,5600000,13,1797,renamed,1819
6427,5600000,27,1654,renamed,1669
6428,5600000,34,1690,renamed,1706
6429,5600000,31,1767,renamed,1786
6430,5606400,35,1647,renamed,1627
6431,5606400,32,1665,renamed,1679
6432,5606400,30,1642,renamed,1654
6433,5606400,23,1625,renamed,1636
6434,5606400,36,1679,renamed,1660
6435,5606400,33,1653,renamed,1666
6436,5606400,0,1347,renamed,1350
6437,5606400,34,1677,renamed,1690
6438,5606400,3,1581,renamed,1590
6439,5606400,14,1775,renamed,1760
6440,5606400,10,1694,renamed,1707
6441,5616000,35,1637,renamed,1647
6442,5616000,22,1659,renamed,1670
6443,5616000,36,1668,renamed,1679
6444,5616000,26,1605,renamed,1581
6445,5616000,34,1666,renamed,1677
6446,5616000,31,1752,renamed,1767
6447,5620000,33,1644,renamed,1653
6448,5620000,32,1686,renamed,1665
6449,5620000,35,1659,renamed,1637
6450,5620000,19,1545,renamed,1552
6451,5620000,12,1798,renamed,1783
6452,5620000,34,1685,renamed,1666
6453,5625600,30,1661,renamed,1642
6454,5625600,36,1685,renamed,1668
6455,5625600,33,1662,renamed,1644
6456,5625600,35,1675,renamed,1659
6457,5625600,32,1700,renamed,1686
6458,5625600,17,1692,renamed,1678
6459,5625600,7,1732,renamed,1752
6460,5625600,15,1669,renamed,1686
6461,5625600,24,1452,renamed,1427
6462,5625600,34,1699,renamed,1685
6463,5625600,2,1662,renamed,1679
6464,5635200,36,1699,renamed,1685
6465,5635200,35,1658,renamed,1675
6466,5635200,33,1646,renamed,1662
6467,5635200,23,1612,renamed,1625
6468,5635200,32,1715,renamed,1700
6469,5635200,31,1764,renamed,1752
6470,5640000,30,1676,renamed,1661
6471,5640000,34,1712,renamed,1699
6472,5640000,25,1478,renamed,1488
6473,5640000,10,1676,renamed,1694
6474,5640000,36,1712,renamed,1699
6475,5644800,35,1673,renamed,1658
6476,5644800,18,1687,renamed,1674
6477,5644800,8,1839,renamed,1864
6478,5644800,34,1694,renamed,1712
6479,5644800,5,1699,renamed,1685
6480,5644800,33,1661,renamed,1646
6481,5644800,32,1727,renamed,1715
6482,5644800,26,1590,renamed,1605
6483,5644800,7,1743,renamed,1732
6484,5644800,36,1723,renamed,1712
6485,5644800,19,1532,renamed,1545
6486,5654400,30,1658,renamed,1676
6487,5654400,33,1675,renamed,1661
6488,5654400,35,1656,renamed,1673
6489,5654400,32,1739,renamed,1727
6490,5654400,5,1711,renamed,1699
6491,5654400,34,1706,renamed,1694
6492,5654400,16,1489,renamed,1500
6493,5660000,36,1734,renamed,1723
6494,5660000,19,1520,renamed,1532
6495,5660000,30,1671,renamed,1658
6496,5664000,35,1638,renamed,1656
6497,5664000,33,1657,renamed,1675
6498,5664000,32,1719,renamed,1739
6499,5664000,34,1719,renamed,1706
6500,5664000,36,1715,renamed,1734
6501,5664000,29,1769,renamed,1790
6502,5664000,31,1776,renamed,1764
6503,5664000,33,1673,renamed,1657
6504,5664000,35,1624,renamed,1638
6505,5664000,18,1702,renamed,1687
6506,5664000,34,1732,renamed,1719
6507,5664000,10,1690,renamed,1676
6508,5673600,7,1754,renamed,1743
6509,5673600,33,1686,renamed,1673
6510,5673600,35,1638,renamed,1624
6511,5673600,32,1698,renamed,1719
6512,5673600,23,1597,renamed,1612
6513,5673600,36,1696,renamed,1715
6514,5673600,34,1713,renamed,1732
6515,5680000,15,1684,renamed,1669
6516,5680000,26,1577,renamed,1590
6517,5680000,35,1654,renamed,1638
6518,5680000,28,1710,renamed,1697
6519,5683200,33,1668,renamed,1686
6520,5683200,11,1679,renamed,1664
6521,5683200,32,1711,renamed,1698
6522,5683200,36,1678,renamed,1696
6523,5683200,17,1675,renamed,1692
6524,5683200,33,1683,renamed,1668
6525,5683200,34,1725,renamed,1713
6526,5683200,35,1668,renamed,1654
6527,5683200,23,1583,renamed,1597
6528,5683200,36,1691,renamed,1678
6529,5683200,31,1754,renamed,1776
6530,5683200,32,1723,renamed,1711
6531,5692800,34,1736,renamed,1725
6532,5692800,7,1764,renamed,1754
6533,5692800,22,1641,renamed,1659
6534,5692800,5,1723,renamed,1711
6535,5692800,11,1691,renamed,1679
6536,5692800,33,1664,renamed,1683
6537,5692800,35,1681,renamed,1668
6538,5692800,36,1672,renamed,1691
6539,5692800,30,1654,renamed,1671
6540,5700000,32,1735,renamed,1723
6541,5700000,29,1779,renamed,1769
6542,5702400,34,1746,renamed,1736
6543,5702400,31,1733,renamed,1754
6544,5702400,26,1564,renamed,1577
6545,5702400,35,1695,renamed,1681
6546,5702400,33,1647,renamed,1664
6547,5702400,3,1569,renamed,1581
6548,5702400,15,1668,renamed,1684
6549,5702400,17,1690,renamed,1675
6550,5702400,36,1656,renamed,1672
6551,5702400,2,1648,renamed,1662
6552,5702400,28,1694,renamed,1710
6553,5702400,35,1680,renamed,1695
6554,5712000,34,1730,renamed,1746
6555,5712000,33,1666,renamed,1647
6556,5712000,11,1708,renamed,1691
6557,5712000,6,1861,renamed,1852
6558,5712000,36,1673,renamed,1656
6559,5712000,9,1763,renamed,1751
6560,5712000,35,1664,renamed,1680
6561,5720000,31,1746,renamed,1733
6562,5720000,14,1755,renamed,1775
6563,5721600,32,1748,renamed,1735
6564,5721600,34,1743,renamed,1730
6565,5721600,33,1651,renamed,1666
6566,5721600,11,1691,renamed,1708
6567,5721600,31,1729,renamed,1746
6568,5721600,32,1731,renamed,1748
6569,5721600,17,1677,renamed,1690
6570,5721600,36,1691,renamed,1673
6571,5721600,19,1513,renamed,1520
6572,5721600,34,1758,renamed,1743
6573,5721600,35,1651,renamed,1664
6574,5721600,30,1642,renamed,1654
6575,5731200,33,1670,renamed,1651
6576,5731200,13,1809,renamed,1797
6577,5731200,32,1715,renamed,1731
6578,5731200,24,1447,renamed,1452
6579,5731200,9,1746,renamed,1763
6580,5731200,35,1671,renamed,1651
6581,5731200,36,1708,renamed,1691
6582,5731200,34,1771,renamed,1758
6583,5731200,10,1675,renamed,1690
6584,5740800,31,1744,renamed,1729
6585,5740800,4,1477,renamed,1484
6586,5740800,33,1656,renamed,1670
6587,5740800,32,1731,renamed,1715
6588,5740800,35,1688,renamed,1671
6589,5740800,34,1783,renamed,1771
6590,5740800,13,1788,renamed,1809
6591,5740800,6,1870,renamed,1861
6592,5740800,36,1692,renamed,1708
6593,5740800,22,1628,renamed,1641
6594,5740800,34,1765,renamed,1783
6595,5740800,12,1780,renamed,1798
6596,5740800,3,1592,renamed,1569
6597,5750400,30,1631,renamed,1642
6598,5750400,33,1675,renamed,1656
6599,5750400,11,1708,renamed,1691
6600,5750400,35,1674,renamed,1688
6601,5750400,29,1761,renamed,1779
6602,5750400,36,1709,renamed,1692
6603,5750400,5,1738,renamed,1723
6604,5750400,1,1439,renamed,1445
6605,5750400,34,1747,renamed,1765
6606,5750400,21,1708,renamed,1723
6607,5750400,15,1656,renamed,1668
6608,5760000,13,1771,renamed,1788
6609,5760000,36,1697,renamed,1709
6610,5760000,35,1664,renamed,1674
6611,5760000,37,1799,stored,
6612,5760000,7,1750,renamed,1764
6613,5760000,33,1665,renamed,1675
6614,5760000,25,1474,renamed,1478
6615,5760000,34,1735,renamed,1747
6616,5760000,17,1668,renamed,1677
6617,5760000,11,1729,renamed,1708
6618,5760000,26,1558,renamed,1564
6619,5760000,37,1785,renamed,1799
6620,5769600,18,1693,renamed,1702
6621,5769600,13,1790,renamed,1771
6622,5769600,35,1686,renamed,1664
6623,5769600,36,1717,renamed,1697
6624,5769600,34,1722,renamed,1735
6625,5769600,5,1726,renamed,1738
6626,5769600,31,1732,renamed,1744
6627,5769600,37,1802,renamed,1785
6628,5769600,32,1719,renamed,1731
6629,5769600,33,1687,renamed,1665
6630,5779200,35,1676,renamed,1686
6631,5779200,36,1706,renamed,1717
6632,5780000,11,1718,renamed,1729
6633,5780000,34,1742,renamed,1722
6634,5780000,6,1852,renamed,1870
6635,5780000,21,1729,renamed,1708
6636,5780000,37,1787,renamed,1802
6637,5780000,22,1651,renamed,1628
6638,5780000,8,1822,renamed,1839
6639,5788800,35,1667,renamed,1676
6640,5788800,36,1696,renamed,1706
6641,5788800,16,1517,renamed,1489
6642,5788800,15,1647,renamed,1656
6643,5788800,34,1730,renamed,1742
6644,5788800,37,1774,renamed,1787
6645,5788800,20,1614,renamed,1589
6646,5788800,33,1677,renamed,1687
6647,5788800,36,1686,renamed,1696
6648,5788800,6,1836,renamed,1852
6649,5788800,34,1751,renamed,1730
6650,5788800,32,1739,renamed,1719
6651,5788800,35,1658,renamed,1667
6652,5788800,37,1792,renamed,1774
6653,5800000,14,1742,renamed,1755
6654,5800000,28,1715,renamed,1694
6655,5800000,33,1698,renamed,1677
6656,5800000,5,1744,renamed,1726
6657,5800000,36,1674,renamed,1686
6658,5800000,35,1648,renamed,1658
6659,5800000,34,1768,renamed,1751
6660,5800000,7,1766,renamed,1750
6661,5800000,37,1775,renamed,1792
6662,5800000,32,1725,renamed,1739
6663,5800000,3,1584,renamed,1592
6664,5808000,26,1552,renamed,1558
6665,5808000,34,1785,renamed,1768
6666,5808000,33,1717,renamed,1698
6667,5808000,36,1693,renamed,1674
6668,5808000,35,1667,renamed,1648
6669,5808000,33,1732,renamed,1717
6670,5808000,37,1757,renamed,1775
6671,5808000,34,1767,renamed,1785
6672,5808000,13,1773,renamed,1790
6673,5808000,21,1715,renamed,1729
6674,5808000,31,1749,renamed,1732
6675,5817600,34,1751,renamed,1767
6676,5820000,36,1681,renamed,1693
6677,5820000,23,1576,renamed,1583
6678,5820000,35,1657,renamed,1667
6679,5820000,20,1606,renamed,1614
6680,5820000,37,1744,renamed,1757
6681,5820000,11,1707,renamed,1718
6682,5820000,33,1721,renamed,1732
6683,5820000,34,1740,renamed,1751
6684,5820000,36,1704,renamed,1681
6685,5820000,32,1714,renamed,1725
6686,5827200,29,1749,renamed,1761
6687,5827200,23,1602,renamed,1576
6688,5827200,8,1807,renamed,1822
6689,5827200,37,1733,renamed,1744
6690,5827200,7,1785,renamed,1766
6691,5827200,36,1694,renamed,1704
6692,5827200,17,1660,renamed,1668
6693,5827200,35,1650,renamed,1657
6694,5827200,22,1675,renamed,1651
6695,5827200,34,1729,renamed,1740
6696,5827200,31,1738,renamed,1749
6697,5836800,21,1737,renamed,1715
6698,5836800,33,1741,renamed,1721
6699,5836800,18,1683,renamed,1693
6700,5836800,15,1670,renamed,1647
6701,5840000,36,1683,renamed,1694
6702,5840000,37,1752,renamed,1733
6703,5840000,12,1765,renamed,1780
6704,5840000,20,1630,renamed,1606
6705,5840000,29,1766,renamed,1749
6706,5840000,35,1640,renamed,1650
6707,5846400,28,1733,renamed,1715
6708,5846400,30,1621,renamed,1631
6709,5846400,34,1746,renamed,1729
6710,5846400,7,1799,renamed,1785
6711,5846400,37,1736,renamed,1752
6712,5846400,38,1756,stored,
6713,5846400,36,1671,renamed,1683
6714,5846400,13,1788,renamed,1773
6715,5846400,23,1593,renamed,1602
6716,5846400,28,1719,renamed,1733
6717,5846400,18,1702,renamed,1683
6718,5846400,35,1630,renamed,1640
6719,5846400,34,1762,renamed,1746
6720,5846400,16,1511,renamed,1517
6721,5856000,38,1771,renamed,1756
6722,5856000,10,1693,renamed,1675
6723,5856000,29,1779,renamed,1766
6724,5856000,13,1800,renamed,1788
6725,5860000,37,1719,renamed,1736
6726,5860000,32,1729,renamed,1714
6727,5860000,36,1657,renamed,1671
6728,5860000,7,1780,renamed,1799
6729,5860000,38,1754,renamed,1771
6730,5865600,35,1620,renamed,1630
6731,5865600,21,1723,renamed,1737
6732,5865600,37,1737,renamed,1719
6733,5865600,18,1720,renamed,1702
6734,5865600,36,1676,renamed,1657
6735,5865600,34,1775,renamed,1762
6736,5865600,7,1792,renamed,1780
6737,5865600,38,1736,renamed,1754
6738,5865600,37,1751,renamed,1737
6739,5865600,10,1678,renamed,1693
6740,5865600,31,1752,renamed,1738
6741,5865600,5,1727,renamed,1744
6742,5875200,4,1502,renamed,1477
6743,5875200,35,1608,renamed,1620
6744,5875200,36,1662,renamed,1676
6745,5875200,38,1720,renamed,1736
6746,5875200,1,1434,renamed,1439
6747,5880000,29,1793,renamed,1779
6748,5880000,11,1693,renamed,1707
6749,5880000,37,1766,renamed,1751
6750,5880000,34,1788,renamed,1775
6751,5884800,35,1628,renamed,1608
6752,5884800,3,1573,renamed,1584
6753,5884800,36,1648,renamed,1662
6754,5884800,23,1583,renamed,1593
6755,5884800,27,1642,renamed,1654
6756,5884800,31,1767,renamed,1752
6757,5884800,16,1504,renamed,1511
6758,5884800,38,1705,renamed,1720
6759,5884800,37,1750,renamed,1766
6760,5884800,22,1664,renamed,1675
6761,5884800,29,1807,renamed,1793
6762,5884800,28,1706,renamed,1719
6763,5894400,36,1638,renamed,1648
6764,5894400,35,1619,renamed,1628
6765,5894400,38,1724,renamed,1705
6766,5894400,9,1762,renamed,1746
6767,5900000,37,1735,renamed,1750
6768,5900000,34,1772,renamed,1788
6769,5900000,16,1499,renamed,1504
6770,5900000,36,1660,renamed,1638
6771,5900000,10,1667,renamed,1678
6772,5904000,35,1610,renamed,1619
6773,5904000,2,1639,renamed,1648
6774,5904000,38,1712,renamed,1724
6775,5904000,21,1712,renamed,1723
6776,5904000,30,1645,renamed,1621
6777,5904000,22,1654,renamed,1664
6778,5904000,37,1754,renamed,1735
6779,5904000,12,1781,renamed,1765
6780,5904000,36,1680,renamed,1660
6781,5904000,6,1848,renamed,1836
6782,5913600,35,1600,renamed,1610
6783,5913600,14,1727,renamed,1742
6784,5913600,10,1656,renamed,1667
6785,5913600,38,1700,renamed,1712
6786,5913600,37,1771,renamed,1754
6787,5913600,12,1765,renamed,1781
6788,5913600,34,1758,renamed,1772
6789,5920000,35,1624,renamed,1600
6790,5920000,36,1669,renamed,1680
6791,5920000,26,1546,renamed,1552
6792,5920000,28,1695,renamed,1706
6793,5920000,21,1701,renamed,1712
6794,5923200,15,1661,renamed,1670
6795,5923200,1,1431,renamed,1434
6796,5923200,32,1718,renamed,1729
6797,5923200,9,1781,renamed,1762
6798,5923200,37,1758,renamed,1771
6799,5923200,33,1730,renamed,1741
6800,5923200,4,1498,renamed,1502
6801,5923200,35,1618,renamed,1624
6802,5923200,36,1661,renamed,1669
6803,5923200,38,1722,renamed,1700
6804,5932800,37,1777,renamed,1758
6805,5932800,8,1823,renamed,1807
6806,5932800,33,1749,renamed,1730
6807,5932800,38,1740,renamed,1722
6808,5932800,13,1814,renamed,1800
6809,5932800,36,1650,renamed,1661
6810,5932800,34,1743,renamed,1758
6811,5932800,5,1714,renamed,1727
6812,5932800,30,1667,renamed,1645
6813,5932800,39,1774,stored,
6814,5940000,37,1792,renamed,1777
6815,5940000,28,1682,renamed,1695
6816,5942400,17,1649,renamed,1660
6817,5942400,13,1828,renamed,1814
6818,5942400,38,1726,renamed,1740
6819,5942400,19,1539,renamed,1513
6820,5942400,5,1701,renamed,1714
6821,5942400,29,1790,renamed,1807
6822,5942400,33,1735,renamed,1749
6823,5942400,31,1753,renamed,1767
6824,5942400,39,1761,renamed,1774
6825,5942400,0,1345,renamed,1347
6826,5942400,38,1715,renamed,1726
6827,5952000,36,1642,renamed,1650
6828,5952000,37,1810,renamed,1792
6829,5952000,35,1611,renamed,1618
6830,5952000,28,1673,renamed,1682
6831,5952000,13,1814,renamed,1828
6832,5952000,39,1781,renamed,1761
6833,5952000,38,1736,renamed,1715
6834,5952000,9,1798,renamed,1781
6835,5952000,12,1751,renamed,1765
6836,5952000,29,1807,renamed,1790
6837,5960000,6,1861,renamed,1848
6838,5961600,17,1639,renamed,1649
6839,5961600,24,1443,renamed,1447
6840,5961600,8,1807,renamed,1823
6841,5961600,2,1662,renamed,1639
6842,5961600,7,1807,renamed,1792
6843,5961600,39,1796,renamed,1781
6844,5961600,9,1812,renamed,1798
6845,5961600,38,1721,renamed,1736
6846,5961600,37,1793,renamed,1810
6847,5961600,35,1603,renamed,1611
6848,5961600,33,1722,renamed,1735
6849,5961600,1,1428,renamed,1431
6850,5971200,36,1664,renamed,1642
6851,5971200,39,1811,renamed,1796
6852,5971200,38,1708,renamed,1721
6853,5971200,32,1706,renamed,1718
6854,5971200,37,1808,renamed,1793
6855,5971200,35,1595,renamed,1603
6856,5971200,15,1651,renamed,1661
6857,5971200,28,1663,renamed,1673
6858,5971200,9,1827,renamed,1812
6859,5971200,34,1730,renamed,1743
6860,5971200,12,1769,renamed,1751
6861,5980800,39,1795,renamed,1811
6862,5980800,18,1739,renamed,1720
6863,5980800,36,1654,renamed,1664
6864,5980800,37,1823,renamed,1808
6865,5980800,38,1726,renamed,1708
6866,5980800,15,1671,renamed,1651
6867,5980800,39,1777,renamed,1795
6868,5980800,3,1565,renamed,1573
6869,5980800,14,1744,renamed,1727
6870,5980800,36,1643,renamed,1654
6871,5990400,6,1841,renamed,1861
6872,5990400,37,1806,renamed,1823
6873,5990400,19,1533,renamed,1539
6874,5990400,39,1793,renamed,1777
6875,5990400,38,1744,renamed,1726
6876,5990400,35,1587,renamed,1595
6877,5990400,15,1691,renamed,1671
6878,5990400,36,1633,renamed,1643
6879,5990400,4,1524,renamed,1498
6880,5990400,8,1819,renamed,1807
6881,5990400,38,1728,renamed,1744
6882,5990400,37,1819,renamed,1806
6883,5990400,2,1680,renamed,1662
6884,6000000,39,1774,renamed,1793
6885,6000000,3,1587,renamed,1565
6886,6000000,1,1423,renamed,1428
6887,6000000,34,1745,renamed,1730
6888,6000000,36,1651,renamed,1633
6889,6000000,35,1576,renamed,1587
6890,6000000,38,1711,renamed,1728
6891,6000000,14,1727,renamed,1744
6892,6000000,39,1757,renamed,1774
6893,6000000,31,1768,renamed,1753
6894,6000000,37,1830,renamed,1819
6895,6009600,20,1649,renamed,1630
6896,6009600,10,1643,renamed,1656
6897,6009600,36,1638,renamed,1651
6898,6009600,18,1754,renamed,1739
6899,6009600,15,1707,renamed,1691
6900,6009600,32,1690,renamed,1706
6901,6009600,4,1516,renamed,1524
6902,6009600,3,1577,renamed,1587
6903,6009600,39,1771,renamed,1757
6904,6020000,38,1726,renamed,1711
6905,6020000,36,1625,renamed,1638
6906,6020000,33,1706,renamed,1722
6907,6020000,37,1810,renamed,1830
6908,6020000,21,1688,renamed,1701
6909,6020000,35,1568,renamed,1576
6910,6020000,39,1786,renamed,1771
6911,6020000,38,1712,renamed,1726
6912,6020000,11,1681,renamed,1693
6913,6028800,36,1647,renamed,1625
6914,6028800,40,1758,stored,
6915,6028800,18,1769,renamed,1754
6916,6028800,34,1730,renamed,1745
6917,6028800,10,1633,renamed,1643
6918,6028800,37,1793,renamed,1810
6919,6028800,8,1833,renamed,1819
6920,6028800,12,1784,renamed,1769
6921,6028800,38,1729,renamed,1712
6922,6028800,23,1574,renamed,1583
6923,6028800,39,1800,renamed,1786
6924,6028800,37,1775,renamed,1793
6925,6038400,35,1560,renamed,1568
6926,6038400,40,1743,renamed,1758
6927,6038400,15,1695,renamed,1707
6928,6040000,36,1638,renamed,1647
6929,6040000,39,1785,renamed,1800
6930,6040000,11,1671,renamed,1681
6931,6040000,38,1718,renamed,1729
6932,6040000,34,1750,renamed,1730
6933,6040000,37,1762,renamed,1775
6934,6040000,36,1630,renamed,1638
6935,6040000,35,1586,renamed,1560
6936,6040000,40,1761,renamed,1743
6937,6048000,38,1706,renamed,1718
6938,6048000,39,1801,renamed,1785
6939,6048000,37,1748,renamed,1762
6940,6048000,9,1841,renamed,1827
6941,6048000,6,1854,renamed,1841
6942,6048000,34,1736,renamed,1750
6943,6048000,36,1621,renamed,1630
6944,6048000,40,1747,renamed,1761
6945,6048000,0,1343,renamed,1345
6946,6057600,15,1685,renamed,1695
6947,6057600,37,1736,renamed,1748
6948,6060000,39,1787,renamed,1801
6949,6060000,12,1772,renamed,1784
6950,6060000,24,1440,renamed,1443
6951,6060000,40,1767,renamed,1747
6952,6060000,38,1697,renamed,1706
6953,6060000,36,1615,renamed,1621
6954,6060000,8,1819,renamed,1833
6955,6060000,13,1801,renamed,1814
6956,6067200,37,1758,renamed,1736
6957,6067200,30,1660,renamed,1667
6958,6067200,7,1795,renamed,1807
6959,6067200,9,1828,renamed,1841
6960,6067200,40,1757,renamed,1767
6961,6067200,39,1808,renamed,1787
6962,6067200,10,1627,renamed,1633
6963,6067200,38,1690,renamed,1697
6964,6067200,34,1758,renamed,1736
6965,6067200,40,1778,renamed,1757
6966,6067200,39,1795,renamed,1808
6967,6067200,37,1748,renamed,1758
6968,6067200,14,1718,renamed,1727
6969,6076800,32,1714,renamed,1690
6970,6076800,36,1609,renamed,1615
6971,6080000,38,1713,renamed,1690
6972,6080000,5,1723,renamed,1701
6973,6080000,39,1812,renamed,1795
6974,6080000,15,1706,renamed,1685
6975,6080000,10,1649,renamed,1627
6976,6080000,37,1764,renamed,1748
6977,6080000,40,1792,renamed,1778
6978,6086400,38,1729,renamed,1713
6979,6086400,36,1629,renamed,1609
6980,6086400,35,1606,renamed,1586
6981,6086400,39,1822,renamed,1812
6982,6086400,19,1554,renamed,1533
6983,6086400,34,1768,renamed,1758
6984,6086400,16,1489,renamed,1499
6985,6086400,18,1779,renamed,1769
6986,6086400,40,1770,renamed,1792
6987,6086400,17,1624,renamed,1639
6988,6086400,21,1703,renamed,1688
6989,6096000,29,1816,renamed,1807
6990,6096000,39,1830,renamed,1822
6991,6096000,38,1740,renamed,1729
6992,6096000,32,1726,renamed,1714
6993,6096000,1,1415,renamed,1423
6994,6100000,14,1699,renamed,1718
6995,6100000,37,1774,renamed,1764
6996,6100000,40,1780,renamed,1770
6997,6100000,11,1684,renamed,1671
6998,6100000,35,1591,renamed,1606
6999,6100000,19,1572,renamed,1554
7000,6100000,32,1706,renamed,1726
7001,6105600,39,1837,renamed,1830
7002,6105600,36,1644,renamed,1629
7003,6105600,22,1667,renamed,1654
7004,6105600,40,1757,renamed,1780
7005,6105600,37,1783,renamed,1774
7006,6105600,38,1750,renamed,1740
7007,6105600,21,1683,renamed,1703
7008,6105600,35,1607,renamed,1591
7009,6105600,36,1657,renamed,1644
7010,6105600,39,1812,renamed,1837
7011,6105600,35,1592,renamed,1607
7012,6115200,38,1760,renamed,1750
7013,6115200,40,1736,renamed,1757
7014,6115200,36,1641,renamed,1657
7015,6115200,37,1793,renamed,1783
7016,6115200,39,1790,renamed,1812
7017,6115200,19,1591,renamed,1572
7018,6120000,8,1827,renamed,1819
7019,6120000,34,1778,renamed,1768
7020,6120000,40,1747,renamed,1736
7021,6124800,37,1801,renamed,1793
7022,6124800,38,1738,renamed,1760
7023,6124800,39,1768,renamed,1790
7024,6124800,9,1836,renamed,1828
7025,6124800,36,1656,renamed,1641
7026,6124800,35,1609,renamed,1592
7027,6124800,40,1726,renamed,1747
7028,6124800,34,1757,renamed,1778
7029,6124800,37,1810,renamed,1801
7030,6124800,38,1749,renamed,1738
7031,6124800,29,1793,renamed,1816
7032,6134400,35,1626,renamed,1609
7033,6134400,39,1747,renamed,1768
7034,6134400,36,1671,renamed,1656
7035,6134400,40,1707,renamed,1726
7036,6134400,37,1789,renamed,1810
7037,6134400,23,1594,renamed,1574
7038,6140000,28,1648,renamed,1663
7039,6140000,38,1731,renamed,1749
7040,6140000,21,1699,renamed,1683
7041,6140000,14,1714,renamed,1699
7042,6144000,25,1466,renamed,1474
7043,6144000,8,1836,renamed,1827
7044,6144000,24,1433,renamed,1440
7045,6144000,5,1706,renamed,1723
7046,6144000,19,1611,renamed,1591
7047,6144000,40,1690,renamed,1707
7048,6144000,38,1744,renamed,1731
7049,6144000,30,1645,renamed,1660
7050,6144000,39,1729,renamed,1747
7051,6144000,27,1660,renamed,1642
7052,6144000,31,1780,renamed,1768
7053,6153600,6,1862,renamed,1854
7054,6153600,37,1769,renamed,1789
7055,6153600,28,1635,renamed,1648
7056,6153600,40,1675,renamed,1690
7057,6153600,39,1713,renamed,1729
7058,6153600,0,1340,renamed,1343
7059,6153600,22,1655,renamed,1667
7060,6153600,38,1729,renamed,1744
7061,6160000,21,1717,renamed,1699
7062,6160000,8,1848,renamed,1836
7063,6160000,17,1644,renamed,1624
7064,6160000,40,1692,renamed,1675
7065,6163200,39,1697,renamed,1713
7066,6163200,37,1751,renamed,1769
7067,6163200,38,1714,renamed,1729
7068,6163200,18,1793,renamed,1779
7069,6163200,5,1692,renamed,1706
7070,6163200,36,1659,renamed,1671
7071,6163200,7,1778,renamed,1795
7072,6163200,40,1711,renamed,1692
7073,6163200,6,1842,renamed,1862
7074,6163200,12,1788,renamed,1772
7075,6172800,20,1669,renamed,1649
7076,6172800,39,1714,renamed,1697
7077,6172800,19,1631,renamed,1611
7078,6172800,38,1698,renamed,1714
7079,6172800,37,1765,renamed,1751
7080,6172800,40,1726,renamed,1711
7081,6172800,7,1789,renamed,1778
7082,6172800,36,1675,renamed,1659
7083,6180000,24,1457,renamed,1433
7084,6180000,20,1652,renamed,1669
7085,6180000,11,1667,renamed,1684
7086,6180000,35,1613,renamed,1626
7087,6180000,40,1709,renamed,1726
7088,6182400,39,1729,renamed,1714
7089,6182400,19,1618,renamed,1631
7090,6182400,38,1683,renamed,1698
7091,6182400,30,1633,renamed,1645
7092,6182400,37,1779,renamed,1765
7093,6182400,36,1692,renamed,1675
7094,6182400,5,1677,renamed,1692
7095,6182400,11,1684,renamed,1667
7096,6182400,7,1800,renamed,1789
7097,6182400,17,1661,renamed,1644
7098,6192000,39,1741,renamed,1729
7099,6192000,34,1737,renamed,1757
7100,6192000,38,1698,renamed,1683
7101,6192000,40,1691,renamed,1709
7102,6192000,37,1759,renamed,1779
7103,6192000,33,1690,renamed,1706
7104,6192000,39,1724,renamed,1741
7105,6200000,36,1709,renamed,1692
7106,6200000,27,1678,renamed,1660
7107,6201600,40,1676,renamed,1691
7108,6201600,38,1683,renamed,1698
7109,6201600,34,1752,renamed,1737
7110,6201600,35,1602,renamed,1613
7111,6201600,37,1773,renamed,1759
7112,6201600,39,1708,renamed,1724
7113,6201600,24,1451,renamed,1457
7114,6201600,36,1695,renamed,1709
7115,6201600,38,1701,renamed,1683
7116,6201600,40,1663,renamed,1676
7117,6201600,35,1592,renamed,1602
7118,6201600,37,1787,renamed,1773
7119,6211200,19,1608,renamed,1618
7120,6211200,8,1859,renamed,1848
7121,6211200,9,1816,renamed,1836
7122,6211200,33,1708,renamed,1690
7123,6211200,24,1477,renamed,1451
7124,6211200,11,1700,renamed,1684
7125,6211200,40,1680,renamed,1663
7126,6211200,27,1693,renamed,1678
7127,6211200,39,1721,renamed,1708
7128,6211200,38,1683,renamed,1701
7129,6220800,37,1797,renamed,1787
7130,6220800,21,1729,renamed,1717
7131,6220800,40,1663,renamed,1680
7132,6220800,36,1709,renamed,1695
7133,6220800,35,1579,renamed,1592
7134,6220800,19,1625,renamed,1608
7135,6220800,37,1775,renamed,1797
7136,6220800,39,1703,renamed,1721
7137,6220800,38,1668,renamed,1683
7138,6230400,34,1734,renamed,1752
7139,6230400,17,1679,renamed,1661
7140,6230400,36,1693,renamed,1709
7141,6230400,40,1650,renamed,1663
7142,6230400,12,1770,renamed,1788
7143,6230400,39,1720,renamed,1703
7144,6230400,7,1812,renamed,1800
7145,6230400,28,1623,renamed,1635
7146,6230400,22,1643,renamed,1655
7147,6230400,9,1828,renamed,1816
7148,6230400,38,1655,renamed,1668
7149,6230400,19,1615,renamed,1625
7150,6240000,40,1639,renamed,1650
7151,6240000,1,1443,renamed,1415
7152,6240000,20,1640,renamed,1652
7153,6240000,13,1783,renamed,1801
7154,6240000,41,1765,stored,
7155,6240000,8,1870,renamed,1859
7156,6240000,30,1623,renamed,1633
7157,6240000,35,1602,renamed,1579
7158,6240000,39,1736,renamed,1720
7159,6240000,37,1788,renamed,1775
7160,6240000,40,1657,renamed,1639
7161,6240000,38,1641,renamed,1655
7162,6240000,1,1437,renamed,1443
7163,6249600,9,1838,renamed,1828
7164,6249600,36,1709,renamed,1693
7165,6249600,39,1749,renamed,1736
7166,6249600,41,1776,renamed,1765
7167,6249600,40,1672,renamed,1657
7168,6249600,38,1626,renamed,1641
7169,6249600,37,1767,renamed,1788
7170,6249600,3,1597,renamed,1577
7171,6249600,36,1692,renamed,1709
7172,6259200,39,1761,renamed,1749
7173,6259200,10,1665,renamed,1649
7174,6260000,35,1619,renamed,1602
7175,6260000,41,1785,renamed,1776
7176,6260000,26,1565,renamed,1546
7177,6260000,25,1456,renamed,1466
7178,6260000,40,1685,renamed,1672
7179,6260000,39,1739,renamed,1761
7180,6260000,38,1611,renamed,1626
7181,6260000,17,1692,renamed,1679
7182,6260000,41,1763,renamed,1785
7183,6268800,37,1777,renamed,1767
7184,6268800,22,1658,renamed,1643
7185,6268800,2,1662,renamed,1680
7186,6268800,10,1649,renamed,1665
7187,6268800,38,1598,renamed,1611
7188,6268800,40,1669,renamed,1685
7189,6268800,41,1775,renamed,1763
7190,6268800,39,1721,renamed,1739
7191,6268800,24,1470,renamed,1477
7192,6268800,37,1789,renamed,1777
7193,6268800,36,1677,renamed,1692
7194,6268800,40,1655,renamed,1669
7195,6268800,23,1615,renamed,1594
7196,6278400,35,1607,renamed,1619
7197,6278400,38,1618,renamed,1598
7198,6280000,39,1735,renamed,1721
7199,6280000,38,1636,renamed,1618
7200,6280000,41,1785,renamed,1775
7201,6280000,33,1690,renamed,1708
7202,6280000,37,1799,renamed,1789
7203,6280000,24,1462,renamed,1470
7204,6280000,40,1640,renamed,1655
7205,6280000,1,1431,renamed,1437
7206,6288000,38,1653,renamed,1636
7207,6288000,39,1747,renamed,1735
7208,6288000,41,1795,renamed,1785
7209,6288000,17,1705,renamed,1692
7210,6288000,10,1663,renamed,1649
7211,6288000,34,1744,renamed,1734
7212,6288000,40,1654,renamed,1640
7213,6288000,22,1670,renamed,1658
7214,6288000,7,1787,renamed,1812
7215,6288000,36,1658,renamed,1677
7216,6288000,39,1757,renamed,1747
7217,6288000,38,1636,renamed,1653
7218,6288000,41,1804,renamed,1795
7219,6297600,17,1686,renamed,1705
7220,6300000,40,1669,renamed,1654
7221,6300000,39,1736,renamed,1757
7222,6300000,37,1777,renamed,1799
7223,6300000,41,1783,renamed,1804
7224,6300000,38,1623,renamed,1636
7225,6300000,23,1604,renamed,1615
7226,6300000,35,1596,renamed,1607
7227,6300000,36,1646,renamed,1658
7228,6300000,40,1687,renamed,1669
7229,6307200,37,1790,renamed,1777
7230,6307200,38,1611,renamed,1623
7231,6307200,39,1720,renamed,1736
7232,6307200,41,1766,renamed,1783
7233,6307200,27,1680,renamed,1693
7234,6307200,14,1701,renamed,1714
7235,6307200,31,1795,renamed,1780
7236,6307200,40,1706,renamed,1687
7237,6307200,37,1773,renamed,1790
7238,6316800,39,1707,renamed,1720
7239,6316800,12,1755,renamed,1770
7240,6316800,19,1607,renamed,1615
7241,6316800,38,1634,renamed,1611
7242,6316800,41,1751,renamed,1766
7243,6316800,34,1731,renamed,1744
7244,6320000,40,1726,renamed,1706
7245,6320000,36,1637,renamed,1646
7246,6320000,37,1759,renamed,1773
7247,6320000,41,1769,renamed,1751
7248,6320000,35,1588,renamed,1596
7249,6320000,10,1684,renamed,1663
7250,6326400,39,1725,renamed,1707
7251,6326400,27,1668,renamed,1680
7252,6326400,18,1807,renamed,1793
7253,6326400,40,1743,renamed,1726
7254,6326400,20,1629,renamed,1640
7255,6326400,38,1624,renamed,1634
7256,6326400,37,1744,renamed,1759
7257,6326400,41,1754,renamed,1769
7258,6326400,15,1725,renamed,1706
7259,6326400,39,1742,renamed,1725
7260,6336000,40,1728,renamed,1743
7261,6336000,38,1615,renamed,1624
7262,6336000,36,1628,renamed,1637
7263,6336000,35,1581,renamed,1588
7264,6340000,41,1741,renamed,1754
7265,6340000,42,1811,stored,
7266,6340000,37,1732,renamed,1744
7267,6340000,40,1747,renamed,1728
7268,6340000,39,1729,renamed,1742
7269,6340000,11,1720,renamed,1700
7270,6340000,3,1590,renamed,1597
7271,6345600,38,1607,renamed,1615
7272,6345600,36,1620,renamed,1628
7273,6345600,6,1856,renamed,1842
7274,6345600,42,1795,renamed,1811
7275,6345600,41,1729,renamed,1741
7276,6345600,20,1653,renamed,1629
7277,6345600,33,1710,renamed,1690
7278,6345600,5,1697,renamed,1677
7279,6345600,40,1763,renamed,1747
7280,6345600,42,1808,renamed,1795
7281,6355200,22,1688,renamed,1670
7282,6355200,12,1738,renamed,1755
7283,6355200,39,1714,renamed,1729
7284,6355200,41,1715,renamed,1729
7285,6355200,8,1881,renamed,1870
7286,6355200,20,1673,renamed,1653
7287,6355200,6,1866,renamed,1856
7288,6355200,7,1769,renamed,1787
7289,6360000,41,1701,renamed,1715
7290,6360000,22,1676,renamed,1688
7291,6360000,14,1719,renamed,1701
7292,6360000,40,1747,renamed,1763
7293,6360000,39,1732,renamed,1714
7294,6360000,42,1790,renamed,1808
7295,6360000,38,1598,renamed,1607
7296,6364800,31,1779,renamed,1795
7297,6364800,42,1775,renamed,1790
7298,6364800,33,1730,renamed,1710
7299,6364800,29,1778,renamed,1793
7300,6364800,40,1765,renamed,1747
7301,6364800,37,1719,renamed,1732
7302,6364800,41,1721,renamed,1701
7303,6364800,24,1458,renamed,1462
7304,6364800,11,1707,renamed,1720
7305,6364800,26,1559,renamed,1565
7306,6374400,6,1879,renamed,1866
7307,6374400,23,1627,renamed,1604
7308,6374400,7,1754,renamed,1769
7309,6380000,31,1794,renamed,1779
7310,6380000,39,1718,renamed,1732
7311,6380000,41,1739,renamed,1721
7312,6380000,42,1759,renamed,1775
7313,6380000,20,1693,renamed,1673
7314,6380000,40,1749,renamed,1765
7315,6380000,38,1590,renamed,1598
7316,6380000,37,1706,renamed,1719
7317,6384000,32,1695,renamed,1706
7318,6384000,39,1707,renamed,1718
7319,6384000,42,1746,renamed,1759
7320,6384000,15,1714,renamed,1725
7321,6384000,40,1738,renamed,1749
7322,6384000,36,1614,renamed,1620
7323,6384000,41,1760,renamed,1739
7324,6384000,38,1584,renamed,1590
7325,6393600,12,1727,renamed,1738
7326,6393600,4,1512,renamed,1516
7327,6393600,37,1697,renamed,1706
7328,6393600,9,1824,renamed,1838
7329,6393600,42,1767,renamed,1746
7330,6393600,40,1759,renamed,1738
7331,6393600,15,1704,renamed,1714
7332,6400000,7,1774,renamed,1754
7333,6400000,12,1747,renamed,1727
7334,6400000,18,1822,renamed,1807
7335,6400000,39,1695,renamed,1707
7336,6403200,42,1784,renamed,1767
7337,6403200,41,1777,renamed,1760
7338,6403200,27,1657,renamed,1668
7339,6403200,38,1577,renamed,1584
7340,6403200,35,1574,renamed,1581
7341,6403200,17,1706,renamed,1686
7342,6403200,40,1745,renamed,1759
7343,6403200,21,1747,renamed,1729
7344,6403200,42,1799,renamed,1784
7345,6403200,34,1717,renamed,1731
7346,6403200,36,1605,renamed,1614
7347,6403200,6,1890,renamed,1879
7348,6403200,41,1761,renamed,1777
7349,6403200,33,1748,renamed,1730
7350,6412800,40,1731,renamed,1745
7351,6412800,15,1692,renamed,1704
7352,6412800,39,1715,renamed,1695
7353,6412800,4,1506,renamed,1512
7354,6412800,29,1793,renamed,1778
7355,6412800,41,1746,renamed,1761
7356,6412800,22,1665,renamed,1676
7357,6412800,42,1783,renamed,1799
7358,6420000,40,1750,renamed,1731
7359,6422400,31,1809,renamed,1794
7360,6422400,37,1716,renamed,1697
7361,6422400,38,1569,renamed,1577
7362,6422400,41,1762,renamed,1746
7363,6422400,39,1732,renamed,1715
7364,6422400,36,1626,renamed,1605
7365,6422400,42,1795,renamed,1783
7366,6422400,43,1693,stored,
7367,6422400,29,1773,renamed,1793
7368,6422400,40,1764,renamed,1750
7369,6422400,41,1744,renamed,1762
7370,6422400,38,1560,renamed,1569
7371,6422400,22,1652,renamed,1665
7372,6432000,39,1748,renamed,1732
7373,6432000,37,1701,renamed,1716
7374,6432000,1,1426,renamed,1431
7375,6432000,41,1759,renamed,1744
7376,6432000,43,1710,renamed,1693
7377,6432000,42,1776,renamed,1795
7378,6432000,29,1756,renamed,1773
7379,6432000,31,1822,renamed,1809
7380,6432000,3,1611,renamed,1590
7381,6440000,40,1777,renamed,1764
7382,6441600,2,1679,renamed,1662
7383,6441600,20,1708,renamed,1693
7384,6441600,41,1770,renamed,1759
7385,6441600,14,1731,renamed,1719
7386,6441600,43,1722,renamed,1710
7387,6441600,42,1754,renamed,1776
7388,6441600,36,1642,renamed,1626
7389,6441600,1,1419,renamed,1426
7390,6441600,29,1736,renamed,1756
7391,6441600,23,1613,renamed,1627
7392,6441600,39,1760,renamed,1748
7393,6451200,43,1704,renamed,1722
7394,6451200,21,1759,renamed,1747
7395,6451200,42,1735,renamed,1754
7396,6451200,36,1629,renamed,1642
7397,6451200,29,1750,renamed,1736
7398,6451200,14,1744,renamed,1731
7399,6451200,41,1751,renamed,1770
7400,6451200,1,1414,renamed,1419
7401,6451200,40,1758,renamed,1777
7402,6451200,43,1689,renamed,1704
7403,6460800,37,1718,renamed,1701
7404,6460800,26,1550,renamed,1559
7405,6460800,42,1719,renamed,1735
7406,6460800,32,1712,renamed,1695
7407,6460800,39,1743,renamed,1760
7408,6460800,41,1766,renamed,1751
7409,6460800,33,1762,renamed,1748
7410,6460800,43,1705,renamed,1689
7411,6460800,40,1740,renamed,1758
7412,6460800,42,1704,renamed,1719
7413,6460800,29,1734,renamed,1750
7414,6470400,23,1634,renamed,1613
7415,6470400,15,1709,renamed,1692
7416,6470400,41,1779,renamed,1766
7417,6470400,9,1834,renamed,1824
7418,6470400,33,1774,renamed,1762
7419,6470400,43,1719,renamed,1705
7420,6470400,40,1752,renamed,1740
7421,6470400,42,1686,renamed,1704
7422,6470400,39,1755,renamed,1743
7423,6470400,34,1729,renamed,1717
7424,6470400,17,1718,renamed,1706
7425,6480000,21,1738,renamed,1759
7426,6480000,32,1694,renamed,1712
7427,6480000,41,1790,renamed,1779
7428,6480000,43,1732,renamed,1719
7429,6480000,23,1650,renamed,1634
7430,6480000,42,1699,renamed,1686
7431,6480000,39,1734,renamed,1755
7432,6480000,21,1718,renamed,1738
7433,6480000,24,1450,renamed,1458
7434,6480000,40,1733,renamed,1752
7435,6480000,34,1742,renamed,1729
7436,6489600,12,1728,renamed,1747
7437,6489600,41,1801,renamed,1790
7438,6489600,43,1745,renamed,1732
7439,6489600,15,1692,renamed,1709
7440,6489600,9,1843,renamed,1834
7441,6489600,39,1747,renamed,1734
7442,6489600,42,1713,renamed,1699
7443,6489600,27,1641,renamed,1657
7444,6489600,41,1811,renamed,1801
7445,6489600,40,1745,renamed,1733
7446,6489600,43,1756,renamed,1745
7447,6499200,38,1578,renamed,1560
7448,6500000,39,1726,renamed,1747
7449,6500000,37,1730,renamed,1718
7450,6500000,23,1633,renamed,1650
7451,6500000,41,1819,renamed,1811
7452,6500000,42,1725,renamed,1713
7453,6500000,4,1495,renamed,1506
7454,6500000,21,1699,renamed,1718
7455,6500000,32,1707,renamed,1694
7456,6500000,43,1735,renamed,1756
7457,6508800,12,1710,renamed,1728
7458,6508800,34,1724,renamed,1742
7459,6508800,41,1798,renamed,1819
7460,6508800,40,1759,renamed,1745
7461,6508800,35,1564,renamed,1574
7462,6508800,38,1599,renamed,1578
7463,6508800,42,1739,renamed,1725
7464,6508800,3,1598,renamed,1611
7465,6508800,43,1748,renamed,1735
7466,6508800,41,1777,renamed,1798
7467,6508800,29,1717,renamed,1734
7468,6508800,40,1772,renamed,1759
7469,6508800,9,1852,renamed,1843
7470,6508800,0,1336,renamed,1340
7471,6508800,39,1740,renamed,1726
7472,6518400,42,1752,renamed,1739
7473,6520000,43,1729,renamed,1748
7474,6520000,2,1695,renamed,1679
7475,6520000,41,1788,renamed,1777
7476,6520000,38,1586,renamed,1599
7477,6520000,36,1616,renamed,1629
7478,6520000,40,1784,renamed,1772
7479,6520000,4,1518,renamed,1495
7480,6520000,39,1751,renamed,1740
7481,6528000,42,1762,renamed,1752
7482,6528000,41,1766,renamed,1788
7483,6528000,43,1741,renamed,1729
7484,6528000,38,1573,renamed,1586
7485,6528000,37,1742,renamed,1730
7486,6528000,36,1632,renamed,1616
7487,6528000,29,1698,renamed,1717
7488,6528000,28,1609,renamed,1623
7489,6528000,40,1763,renamed,1784
7490,6528000,38,1593,renamed,1573
7491,6537600,1,1408,renamed,1414
7492,6537600,42,1773,renamed,1762
7493,6537600,43,1752,renamed,1741
7494,6537600,15,1674,renamed,1692
7495,6540000,41,1746,renamed,1766
7496,6540000,14,1726,renamed,1744
7497,6540000,20,1723,renamed,1708
7498,6540000,40,1775,renamed,1763
7499,6540000,0,1332,renamed,1336
7500,6540000,16,1481,renamed,1489
7501,6540000,43,1764,renamed,1752
7502,6547200,3,1586,renamed,1598
7503,6547200,9,1860,renamed,1852
7504,6547200,19,1595,renamed,1607
7505,6547200,15,1659,renamed,1674
7506,6547200,10,1700,renamed,1684
7507,6547200,43,1776,renamed,1764
7508,6547200,41,1728,renamed,1746
7509,6547200,42,1785,renamed,1773
7510,6547200,40,1786,renamed,1775
7511,6547200,38,1581,renamed,1593
7512,6547200,14,1709,renamed,1726
7513,6556800,23,1621,renamed,1633
7514,6556800,19,1615,renamed,1595
7515,6556800,39,1733,renamed,1751
7516,6556800,43,1758,renamed,1776
7517,6556800,21,1716,renamed,1699
7518,6556800,41,1712,renamed,1728
7519,6560000,42,1767,renamed,1785
7520,6560000,40,1769,renamed,1786
7521,6560000,37,1758,renamed,1742
7522,6560000,32,1724,renamed,1707
7523,6560000,43,1741,renamed,1758
7524,6560000,41,1698,renamed,1712
7525,6560000,38,1573,renamed,1581
7526,6566400,39,1719,renamed,1733
7527,6566400,42,1752,renamed,1767
7528,6566400,5,1717,renamed,1697
7529,6566400,26,1543,renamed,1550
7530,6566400,43,1728,renamed,1741
7531,6566400,41,1687,renamed,1698
7532,6566400,20,1711,renamed,1723
7533,6566400,1,1405,renamed,1408
7534,6566400,40,1787,renamed,1769
7535,6566400,42,1770,renamed,1752
7536,6566400,35,1557,renamed,1564
7537,6566400,10,1689,renamed,1700
7538,6576000,26,1537,renamed,1543
7539,6576000,43,1716,renamed,1728
7540,6576000,39,1708,renamed,1719
7541,6576000,44,1836,stored,
7542,6576000,41,1678,renamed,1687
7543,6580000,20,1732,renamed,1711
7544,6580000,13,1770,renamed,1783
7545,6580000,24,1447,renamed,1450
7546,6580000,42,1788,renamed,1770
7547,6580000,43,1705,renamed,1716
7548,6580000,12,1731,renamed,1710
7549,6585600,40,1773,renamed,1787
7550,6585600,41,1700,renamed,1678
7551,6585600,22,1674,renamed,1652
7552,6585600,39,1726,renamed,1708
7553,6585600,13,1754,renamed,1770
7554,6585600,44,1849,renamed,1836
7555,6585600,10,1708,renamed,1689
7556,6585600,19,1605,renamed,1615
7557,6585600,38,1596,renamed,1573
7558,6585600,42,1770,renamed,1788
7559,6585600,41,1687,renamed,1700
7560,6585600,40,1788,renamed,1773
7561,6585600,43,1692,renamed,1705
7562,6595200,22,1693,renamed,1674
7563,6595200,39,1742,renamed,1726
7564,6595200,15,1677,renamed,1659
7565,6595200,18,1832,renamed,1822
7566,6595200,44,1827,renamed,1849
7567,6600000,9,1839,renamed,1860
7568,6600000,33,1788,renamed,1774
7569,6600000,42,1753,renamed,1770
7570,6600000,43,1710,renamed,1692
7571,6600000,41,1673,renamed,1687
7572,6604800,27,1661,renamed,1641
7573,6604800,40,1770,renamed,1788
7574,6604800,39,1757,renamed,1742
7575,6604800,44,1807,renamed,1827
7576,6604800,12,1716,renamed,1731
7577,6604800,9,1820,renamed,1839
7578,6604800,28,1601,renamed,1609
7579,6604800,19,1628,renamed,1605
7580,6604800,43,1697,renamed,1710
7581,6604800,40,1786,renamed,1770
7582,6604800,2,1713,renamed,1695
7583,6604800,42,1737,renamed,1753
7584,6614400,38,1587,renamed,1596
7585,6614400,44,1790,renamed,1807
7586,6614400,43,1716,renamed,1697
7587,6614400,13,1739,renamed,1754
7588,6614400,31,1805,renamed,1822
7589,6614400,15,1697,renamed,1677
7590,6620000,40,1801,renamed,1786
7591,6620000,7,1789,renamed,1774
7592,6620000,42,1753,renamed,1737
7593,6624000,44,1803,renamed,1790
7594,6624000,43,1701,renamed,1716
7595,6624000,18,1843,renamed,1832
7596,6624000,23,1641,renamed,1621
7597,6624000,41,1659,renamed,1673
7598,6624000,10,1724,renamed,1708
7599,6624000,28,1590,renamed,1601
7600,6624000,7,1801,renamed,1789
7601,6624000,42,1766,renamed,1753
7602,6624000,16,1474,renamed,1481
7603,6624000,44,1814,renamed,1803
7604,6633600,43,1685,renamed,1701
7605,6633600,41,1645,renamed,1659
7606,6633600,40,1812,renamed,1801
7607,6633600,24,1441,renamed,1447
7608,6633600,6,1898,renamed,1890
7609,6633600,34,1738,renamed,1724
7610,6633600,39,1769,renamed,1757
7611,6640000,23,1658,renamed,1641
7612,6640000,43,1668,renamed,1685
7613,6640000,44,1793,renamed,1814
7614,6640000,18,1852,renamed,1843
7615,6640000,3,1575,renamed,1586
7616,6643200,41,1632,renamed,1645
7617,6643200,19,1647,renamed,1628
7618,6643200,34,1751,renamed,1738
7619,6643200,42,1747,renamed,1766
7620,6643200,23,1644,renamed,1658
7621,6643200,32,1708,renamed,1724
7622,6643200,44,1775,renamed,1793
7623,6643200,37,1742,renamed,1758
7624,6652800,43,1657,renamed,1668
7625,6652800,28,1582,renamed,1590
7626,6652800,41,1654,renamed,1632
7627,6652800,33,1802,renamed,1788
7628,6652800,44,1758,renamed,1775
7629,6652800,42,1763,renamed,1747
7630,6652800,4,1511,renamed,1518
7631,6652800,40,1825,renamed,1812
7632,6652800,41,1642,renamed,1654
7633,6660000,43,1676,renamed,1657
7634,6660000,24,1436,renamed,1441
7635,6660000,32,1724,renamed,1708
7636,6660000,31,1786,renamed,1805
7637,6662400,44,1772,renamed,1758
7638,6662400,40,1805,renamed,1825
7639,6662400,42,1777,renamed,1763
7640,6662400,15,1683,renamed,1697
7641,6662400,43,1664,renamed,1676
7642,6662400,36,1653,renamed,1632
7643,6662400,41,1631,renamed,1642
7644,6662400,39,1753,renamed,1769
7645,6662400,44,1787,renamed,1772
7646,6662400,40,1818,renamed,1805
7647,6672000,38,1609,renamed,1587
7648,6672000,8,1889,renamed,1881
7649,6672000,42,1759,renamed,1777
7650,6672000,2,1698,renamed,1713
7651,6672000,41,1651,renamed,1631
7652,6672000,44,1769,renamed,1787
7653,6672000,43,1682,renamed,1664
7654,6672000,40,1829,renamed,1818
7655,6672000,39,1736,renamed,1753
7656,6680000,38,1629,renamed,1609
7657,6681600,42,1741,renamed,1759
7658,6681600,34,1734,renamed,1751
7659,6681600,44,1752,renamed,1769
7660,6681600,37,1758,renamed,1742
7661,6681600,31,1799,renamed,1786
7662,6681600,4,1504,renamed,1511
7663,6681600,10,1709,renamed,1724
7664,6681600,43,1700,renamed,1682
7665,6681600,40,1809,renamed,1829
7666,6681600,42,1726,renamed,1741
7667,6681600,5,1734,renamed,1717
7668,6691200,41,1640,renamed,1651
7669,6691200,44,1768,renamed,1752
7670,6691200,6,1876,renamed,1898
7671,6691200,39,1722,renamed,1736
7672,6691200,29,1686,renamed,1698
7673,6691200,43,1689,renamed,1700
7674,6691200,42,1745,renamed,1726
7675,6691200,28,1606,renamed,1582
7676,6691200,34,1720,renamed,1734
7677,6691200,29,1705,renamed,1686
7678,6691200,38,1650,renamed,1629
7679,6691200,40,1790,renamed,1809
7680,6700000,33,1785,renamed,1802
7681,6700800,9,1803,renamed,1820
7682,6700800,17,1706,renamed,1718
7683,6700800,44,1754,renamed,1768
7684,6700800,43,1710,renamed,1689
7685,6700800,40,1775,renamed,1790
7686,6700800,38,1672,renamed,1650
7687,6700800,42,1732,renamed,1745
7688,6700800,20,1720,renamed,1732
7689,6700800,27,1652,renamed,1661
7690,6700800,41,1663,renamed,1640
7691,6700800,34,1708,renamed,1720
7692,6700800,45,1812,stored,
7693,6710400,43,1730,renamed,1710
7694,6710400,40,1791,renamed,1775
7695,6710400,23,1634,renamed,1644
7696,6710400,41,1653,renamed,1663
7697,6710400,44,1741,renamed,1754
7698,6710400,32,1712,renamed,1724
7699,6710400,37,1746,renamed,1758
7700,6710400,42,1752,renamed,1732
7701,6710400,2,1688,renamed,1698
7702,6710400,45,1828,renamed,1812
7703,6720000,43,1749,renamed,1730
7704,6720000,6,1888,renamed,1876
7705,6720000,44,1758,renamed,1741
7706,6720000,23,1624,renamed,1634
7707,6720000,42,1738,renamed,1752
7708,6720000,41,1643,renamed,1653
7709,6720000,31,1784,renamed,1799
7710,6720000,17,1695,renamed,1706
7711,6720000,45,1843,renamed,1828
7712,6720000,6,1869,renamed,1888
7713,6720000,42,1757,renamed,1738
7714,6729600,41,1634,renamed,1643
7715,6729600,44,1745,renamed,1758
7716,6729600,43,1768,renamed,1749
7717,6729600,20,1709,renamed,1720
7718,6729600,2,1709,renamed,1688
7719,6729600,16,1470,renamed,1474
7720,6729600,15,1673,renamed,1683
7721,6729600,7,1786,renamed,1801
7722,6729600,31,1801,renamed,1784
7723,6729600,43,1755,renamed,1768
7724,6729600,45,1858,renamed,1843
7725,6729600,44,1733,renamed,1745
7726,6739200,5,1723,renamed,1734
7727,6740000,41,1627,renamed,1634
7728,6740000,42,1745,renamed,1757
7729,6740000,30,1648,renamed,1623
7730,6740000,45,1842,renamed,1858
7731,6740000,6,1883,renamed,1869
7732,6740000,18,1866,renamed,1852
7733,6740000,43,1773,renamed,1755
7734,6740000,33,1801,renamed,1785
7735,6740000,44,1720,renamed,1733
7736,6740000,42,1732,renamed,1745
7737,6748800,41,1619,renamed,1627
7738,6748800,40,1807,renamed,1791
7739,6748800,28,1598,renamed,1606
7740,6748800,9,1818,renamed,1803
7741,6748800,45,1855,renamed,1842
7742,6748800,43,1758,renamed,1773
7743,6748800,36,1644,renamed,1653
7744,6748800,38,1693,renamed,1672
7745,6748800,41,1610,renamed,1619
7746,6748800,40,1822,renamed,1807
7747,6748800,44,1738,renamed,1720
7748,6748800,42,1748,renamed,1732
7749,6760000,45,1865,renamed,1855
7750,6760000,43,1772,renamed,1758
7751,6760000,39,1737,renamed,1722
7752,6760000,11,1691,renamed,1707
7753,6760000,41,1599,renamed,1610
7754,6760000,40,1833,renamed,1822
7755,6760000,19,1635,renamed,1647
7756,6760000,44,1753,renamed,1738
7757,6768000,45,1874,renamed,1865
7758,6768000,43,1784,renamed,1772
7759,6768000,42,1761,renamed,1748
7760,6768000,39,1719,renamed,1737
7761,6768000,13,1722,renamed,1739
7762,6768000,41,1589,renamed,1599
7763,6768000,44,1736,renamed,1753
7764,6768000,40,1814,renamed,1833
7765,6768000,6,1863,renamed,1883
7766,6768000,43,1799,renamed,1784
7767,6768000,45,1854,renamed,1874
7768,6768000,42,1777,renamed,1761
7769,6768000,39,1706,renamed,1719
7770,6777600,11,1680,renamed,1691
7771,6777600,13,1710,renamed,1722
7772,6777600,44,1724,renamed,1736
7773,6780000,9,1803,renamed,1818
7774,6780000,41,1583,renamed,1589
7775,6780000,45,1869,renamed,1854
7776,6780000,33,1817,renamed,1801
7777,6780000,42,1763,renamed,1777
7778,6780000,40,1799,renamed,1814
7779,6780000,23,1648,renamed,1624
7780,6780000,43,1815,renamed,1799
7781,6780000,8,1870,renamed,1889
7782,6787200,34,1728,renamed,1708
7783,6787200,7,1771,renamed,1786
7784,6787200,28,1622,renamed,1598
7785,6787200,44,1742,renamed,1724
7786,6787200,12,1703,renamed,1716
7787,6787200,15,1693,renamed,1673
7788,6787200,40,1813,renamed,1799
7789,6787200,5,1739,renamed,1723
7790,6787200,39,1722,renamed,1706
7791,6796800,43,1795,renamed,1815
7792,6796800,13,1726,renamed,1710
7793,6796800,31,1782,renamed,1801
7794,6796800,45,1848,renamed,1869
7795,6796800,46,1758,stored,
7796,6800000,41,1606,renamed,1583
7797,6800000,44,1757,renamed,1742
7798,6800000,27,1670,renamed,1652
7799,6800000,42,1776,renamed,1763
7800,6800000,14,1693,renamed,1709
7801,6800000,45,1857,renamed,1848
7802,6800000,37,1759,renamed,1746
7803,6800000,12,1717,renamed,1703
7804,6806400,46,1769,renamed,1758
7805,6806400,45,1833,renamed,1857
7806,6806400,6,1871,renamed,1863
7807,6806400,11,1664,renamed,1680
7808,6806400,43,1806,renamed,1795
7809,6806400,29,1688,renamed,1705
7810,6806400,44,1739,renamed,1757
7811,6806400,42,1789,renamed,1776
7812,6806400,18,1844,renamed,1866
7813,6816000,46,1782,renamed,1769
7814,6816000,39,1737,renamed,1722
7815,6816000,45,1812,renamed,1833
7816,6816000,43,1817,renamed,1806
7817,6816000,41,1625,renamed,1606
7818,6816000,44,1752,renamed,1739
7819,6820000,24,1461,renamed,1436
7820,6820000,11,1648,renamed,1664
7821,6820000,29,1702,renamed,1688
7822,6820000,13,1707,renamed,1726
7823,6820000,42,1799,renamed,1789
7824,6825600,46,1761,renamed,1782
7825,6825600,45,1791,renamed,1812
7826,6825600,18,1823,renamed,1844
7827,6825600,37,1742,renamed,1759
7828,6825600,7,1785,renamed,1771
7829,6825600,43,1798,renamed,1817
7830,6825600,44,1767,renamed,1752
7831,6825600,39,1721,renamed,1737
7832,6825600,13,1693,renamed,1707
7833,6825600,31,1796,renamed,1782
7834,6825600,46,1745,renamed,1761
7835,6825600,2,1727,renamed,1709
7836,6835200,45,1804,renamed,1791
7837,6835200,43,1810,renamed,1798
7838,6835200,32,1727,renamed,1712
7839,6835200,44,1749,renamed,1767
7840,6835200,21,1731,renamed,1716
7841,6840000,7,1797,renamed,1785
7842,6840000,46,1727,renamed,1745
7843,6840000,42,1810,renamed,1799
7844,6840000,45,1815,renamed,1804
7845,6840000,29,1686,renamed,1702
7846,6844800,39,1735,renamed,1721
7847,6844800,11,1665,renamed,1648
7848,6844800,46,1709,renamed,1727
7849,6844800,19,1653,renamed,1635
7850,6844800,35,1546,renamed,1557
7851,6844800,40,1823,renamed,1813
7852,6844800,31,1806,renamed,1796
7853,6844800,30,1633,renamed,1648
7854,6844800,4,1496,renamed,1504
7855,6844800,46,1723,renamed,1709
7856,6844800,45,1794,renamed,1815
7857,6844800,23,1635,renamed,1648
7858,6844800,1,1400,renamed,1405
7859,6844800,3,1596,renamed,1575
7860,6854400,39,1718,renamed,1735
7861,6854400,5,1753,renamed,1739
7862,6854400,43,1820,renamed,1810
7863,6854400,42,1820,renamed,1810
7864,6860000,44,1730,renamed,1749
7865,6860000,45,1774,renamed,1794
7866,6860000,46,1738,renamed,1723
7867,6860000,34,1711,renamed,1728
7868,6860000,26,1529,renamed,1537
7869,6864000,27,1657,renamed,1670
7870,6864000,14,1680,renamed,1693
7871,6864000,43,1832,renamed,1820
7872,6864000,19,1672,renamed,1653
7873,6864000,24,1486,renamed,1461
7874,6864000,45,1755,renamed,1774
7875,6864000,46,1752,renamed,1738
7876,6864000,44,1713,renamed,1730
7877,6864000,28,1641,renamed,1622
7878,6873600,21,1745,renamed,1731
7879,6873600,42,1829,renamed,1820
7880,6873600,23,1652,renamed,1635
7881,6873600,43,1840,renamed,1832
7882,6873600,46,1732,renamed,1752
7883,6873600,45,1766,renamed,1755
7884,6873600,29,1700,renamed,1686
7885,6880000,28,1656,renamed,1641
7886,6880000,2,1707,renamed,1727
7887,6880000,14,1663,renamed,1680
7888,6883200,42,1837,renamed,1829
7889,6883200,34,1724,renamed,1711
7890,6883200,35,1535,renamed,1546
7891,6883200,17,1708,renamed,1695
7892,6883200,44,1725,renamed,1713
7893,6883200,32,1707,renamed,1727
7894,6883200,46,1744,renamed,1732
7895,6883200,30,1648,renamed,1633
7896,6883200,10,1690,renamed,1709
7897,6883200,43,1847,renamed,1840
7898,6883200,2,1719,renamed,1707
7899,6883200,45,1744,renamed,1766
7900,6883200,28,1671,renamed,1656
7901,6892800,44,1736,renamed,1725
7902,6892800,1,1393,renamed,1400
7903,6892800,46,1754,renamed,1744
7904,6892800,43,1853,renamed,1847
7905,6892800,29,1711,renamed,1700
7906,6892800,35,1522,renamed,1535
7907,6892800,19,1654,renamed,1672
7908,6900000,30,1632,renamed,1648
7909,6900000,22,1675,renamed,1693
7910,6902400,32,1720,renamed,1707
7911,6902400,1,1387,renamed,1393
7912,6902400,44,1717,renamed,1736
7913,6902400,46,1766,renamed,1754
7914,6902400,28,1655,renamed,1671
7915,6902400,45,1756,renamed,1744
7916,6902400,6,1878,renamed,1871
7917,6902400,43,1830,renamed,1853
7918,6902400,10,1674,renamed,1690
7919,6902400,41,1613,renamed,1625
7920,6912000,42,1847,renamed,1837
7921,6912000,44,1731,renamed,1717
7922,6912000,43,1839,renamed,1830
7923,6912000,45,1737,renamed,1756
7924,6912000,40,1833,renamed,1823
7925,6912000,46,1778,renamed,1766
7926,6912000,2,1732,renamed,1719
7927,6912000,39,1700,renamed,1718
7928,6912000,11,1681,renamed,1665
7929,6912000,44,1743,renamed,1731
7930,6920000,42,1824,renamed,1847
7931,6920000,45,1749,renamed,1737
7932,6921600,43,1847,renamed,1839
7933,6921600,46,1757,renamed,1778
7934,6921600,41,1631,renamed,1613
7935,6921600,18,1831,renamed,1823
7936,6921600,44,1754,renamed,1743
7937,6921600,40,1810,renamed,1833
7938,6921600,28,1640,renamed,1655
7939,6921600,31,1816,renamed,1806
7940,6921600,43,1855,renamed,1847
7941,6921600,37,1723,renamed,1742
7942,6931200,46,1769,renamed,1757
7943,6931200,45,1761,renamed,1749
7944,6931200,24,1477,renamed,1486
7945,6931200,44,1765,renamed,1754
7946,6931200,22,1659,renamed,1675
7947,6931200,15,1707,renamed,1693
7948,6931200,17,1690,renamed,1708
7949,6931200,43,1832,renamed,1855
7950,6931200,25,1450,renamed,1456
7951,6931200,0,1329,renamed,1332
7952,6931200,31,1826,renamed,1816
7953,6940000,46,1781,renamed,1769
7954,6940800,45,1773,renamed,1761
7955,6940800,44,1776,renamed,1765
7956,6940800,7,1806,renamed,1797
7957,6940800,19,1669,renamed,1654
7958,6940800,32,1731,renamed,1720
7959,6940800,27,1640,renamed,1657
7960,6940800,11,1664,renamed,1681
7961,6940800,46,1791,renamed,1781
7962,6940800,2,1713,renamed,1732
7963,6940800,29,1694,renamed,1711
7964,6940800,14,1649,renamed,1663
7965,6950400,45,1754,renamed,1773
7966,6950400,44,1789,renamed,1776
7967,6950400,1,1383,renamed,1387
7968,6950400,43,1842,renamed,1832
7969,6950400,46,1802,renamed,1791
7970,6950400,20,1723,renamed,1709
7971,6950400,42,1802,renamed,1824
7972,6950400,45,1736,renamed,1754
7973,6950400,8,1879,renamed,1870
7974,6950400,44,1801,renamed,1789
7975,6950400,29,1709,renamed,1694
7976,6950400,41,1618,renamed,1631
7977,6960000,37,1706,renamed,1723
7978,6960000,0,1326,renamed,1329
7979,6960000,45,1750,renamed,1736
7980,6960000,13,1678,renamed,1693
7981,6960000,46,1813,renamed,1802
7982,6960000,26,1551,renamed,1529
7983,6960000,44,1780,renamed,1801
7984,6960000,43,1851,renamed,1842
7985,6960000,35,1544,renamed,1522
7986,6960000,42,1781,renamed,1802
7987,6969600,3,1585,renamed,1596
7988,6969600,38,1678,renamed,1693
7989,6969600,45,1733,renamed,1750
7990,6969600,9,1815,renamed,1803
7991,6969600,18,1811,renamed,1831
7992,6969600,12,1703,renamed,1717
7993,6969600,32,1717,renamed,1731
7994,6969600,44,1795,renamed,1780
7995,6969600,40,1823,renamed,1810
7996,6979200,23,1671,renamed,1652
7997,6980000,34,1739,renamed,1724
7998,6980000,46,1824,renamed,1813
7999,6980000,42,1793,renamed,1781
8000,6980000,43,1859,renamed,1851
8001,6980000,4,1519,renamed,1496
8002,6980000,45,1745,renamed,1733
8003,6980000,44,1773,renamed,1795
8004,6980000,1,1378,renamed,1383
8005,6980000,14,1634,renamed,1649
8006,6980000,41,1636,renamed,1618
8007,6988800,19,1684,renamed,1669
8008,6988800,10,1658,renamed,1674
8009,6988800,46,1833,renamed,1824
8010,6988800,45,1726,renamed,1745
8011,6988800,24,1500,renamed,1477
8012,6988800,8,1886,renamed,1879
8013,6988800,11,1678,renamed,1664
8014,6988800,43,1866,renamed,1859
8015,6988800,0,1321,renamed,1326
8016,6988800,44,1782,renamed,1773
8017,6988800,17,1672,renamed,1690
8018,6988800,46,1841,renamed,1833
8019,6998400,22,1642,renamed,1659
8020,7000000,16,1493,renamed,1470
8021,7000000,43,1841,renamed,1866
8022,7000000,28,1625,renamed,1640
8023,7000000,42,1803,renamed,1793
8024,7000000,45,1708,renamed,1726
8025,7000000,44,1762,renamed,1782
8026,7000000,46,1850,renamed,1841
8027,7000000,19,1699,renamed,1684
8028,7008000,41,1622,renamed,1636
8029,7008000,40,1802,renamed,1823
8030,7008000,43,1820,renamed,1841
8031,7008000,34,1723,renamed,1739
8032,7008000,42,1785,renamed,1803
8033,7008000,32,1734,renamed,1717
8034,7008000,10,1646,renamed,1658
8035,7008000,15,1724,renamed,1707
8036,7008000,7,1818,renamed,1806
8037,7017600,45,1693,renamed,1708
8038,7017600,46,1861,renamed,1850
8039,7017600,43,1831,renamed,1820
8040,7017600,44,1775,renamed,1762
8041,7020000,42,1797,renamed,1785
8042,7020000,11,1663,renamed,1678
8043,7020000,23,1657,renamed,1671
8044,7020000,3,1606,renamed,1585
8045,7020000,10,1664,renamed,1646
8046,7020000,22,1659,renamed,1642
8047,7020000,8,1862,renamed,1886
8048,7020000,43,1840,renamed,1831
8049,7027200,26,1541,renamed,1551
8050,7027200,46,1869,renamed,1861
8051,7027200,44,1756,renamed,1775
8052,7027200,13,1694,renamed,1678
8053,7027200,39,1684,renamed,1700
8054,7027200,45,1709,renamed,1693
8055,7027200,42,1777,renamed,1797
8056,7027200,43,1850,renamed,1840
8057,7027200,28,1613,renamed,1625
8058,7027200,46,1847,renamed,1869
8059,7027200,44,1740,renamed,1756
8060,7036800,41,1612,renamed,1622
8061,7036800,33,1830,renamed,1817
8062,7036800,42,1791,renamed,1777
8063,7036800,45,1725,renamed,1709
8064,7040000,43,1860,renamed,1850
8065,7040000,12,1688,renamed,1703
8066,7040000,18,1822,renamed,1811
8067,7040000,46,1857,renamed,1847
8068,7040000,36,1662,renamed,1644
8069,7040000,45,1738,renamed,1725
8070,7040000,11,1678,renamed,1663
8071,7046400,39,1667,renamed,1684
8072,7046400,14,1651,renamed,1634
8073,7046400,43,1867,renamed,1860
8074,7046400,44,1751,renamed,1740
8075,7046400,27,1655,renamed,1640
8076,7046400,46,1863,renamed,1857
8077,7046400,19,1710,renamed,1699
8078,7046400,45,1747,renamed,1738
8079,7046400,3,1620,renamed,1606
8080,7046400,46,1837,renamed,1863
8081,7046400,39,1679,renamed,1667
8082,7046400,6,1883,renamed,1878
8083,7046400,43,1841,renamed,1867
8084,7056000,36,1644,renamed,1662
8085,7056000,44,1761,renamed,1751
8086,7060000,24,1490,renamed,1500
8087,7060000,45,1727,renamed,1747
8088,7060000,35,1564,renamed,1544
8089,7060000,46,1844,renamed,1837
8090,7060000,14,1634,renamed,1651
8091,7060000,23,1671,renamed,1657
8092,7060000,18,1799,renamed,1822
8093,7060000,44,1741,renamed,1761
8094,7065600,19,1693,renamed,1710
8095,7065600,43,1819,renamed,1841
8096,7065600,10,1651,renamed,1664
8097,7065600,46,1854,renamed,1844
8098,7065600,39,1696,renamed,1679
8099,7065600,3,1608,renamed,1620
8100,7065600,2,1728,renamed,1713
8101,7065600,45,1741,renamed,1727
8102,7065600,46,1831,renamed,1854
8103,7075200,41,1600,renamed,1612
8104,7075200,43,1799,renamed,1819
8105,7075200,42,1804,renamed,1791
8106,7075200,44,1725,renamed,1741
8107,7075200,46,1812,renamed,1831
8108,7075200,15,1710,renamed,1724
8109,7075200,39,1684,renamed,1696
8110,7075200,31,1839,renamed,1826
8111,7080000,43,1813,renamed,1799
8112,7080000,33,1842,renamed,1830
8113,7080000,44,1711,renamed,1725
8114,7084800,45,1757,renamed,1741
8115,7084800,9,1827,renamed,1815
8116,7084800,14,1653,renamed,1634
8117,7084800,46,1823,renamed,1812
8118,7084800,8,1871,renamed,1862
8119,7084800,43,1823,renamed,1813
8120,7084800,33,1851,renamed,1842
8121,7084800,37,1720,renamed,1706
8122,7084800,25,1474,renamed,1450
8123,7084800,41,1586,renamed,1600
8124,7084800,2,1740,renamed,1728
8125,7094400,35,1582,renamed,1564
8126,7094400,7,1825,renamed,1818
8127,7094400,46,1830,renamed,1823
8128,7094400,45,1735,renamed,1757
8129,7094400,44,1692,renamed,1711
8130,7094400,11,1692,renamed,1678
8131,7094400,42,1812,renamed,1804
8132,7100000,43,1830,renamed,1823
8133,7100000,27,1638,renamed,1655
8134,7100000,41,1573,renamed,1586
8135,7104000,46,1838,renamed,1830
8136,7104000,30,1647,renamed,1632
8137,7104000,45,1745,renamed,1735
8138,7104000,3,1593,renamed,1608
8139,7104000,43,1806,renamed,1830
8140,7104000,26,1561,renamed,1541
8141,7104000,44,1674,renamed,1692
8142,7104000,46,1815,renamed,1838
8143,7104000,42,1791,renamed,1812
8144,7104000,11,1677,renamed,1692
8145,7104000,43,1787,renamed,1806
8146,7113600,45,1760,renamed,1745
8147,7113600,41,1594,renamed,1573
8148,7113600,22,1676,renamed,1659
8149,7113600,36,1630,renamed,1644
8150,7113600,46,1825,renamed,1815
8151,7113600,44,1689,renamed,1674
8152,7113600,42,1801,renamed,1791
8153,7120000,43,1797,renamed,1787
8154,7120000,11,1691,renamed,1677
8155,7120000,41,1580,renamed,1594
8156,7120000,45,1770,renamed,1760
8157,7120000,29,1721,renamed,1709
8158,7123200,46,1801,renamed,1825
8159,7123200,18,1808,renamed,1799
8160,7123200,44,1671,renamed,1689
8161,7123200,40,1780,renamed,1802
8162,7123200,43,1807,renamed,1797
8163,7123200,35,1570,renamed,1582
8164,7123200,45,1781,renamed,1770
8165,7123200,11,1675,renamed,1691
8166,7123200,46,1811,renamed,1801
8167,7123200,41,1569,renamed,1580
8168,7132800,44,1656,renamed,1671
8169,7132800,42,1812,renamed,1801
8170,7132800,1,1373,renamed,1378
8171,7132800,43,1817,renamed,1807
8172,7132800,30,1664,renamed,1647
8173,7132800,15,1693,renamed,1710
8174,7132800,46,1821,renamed,1811
8175,7132800,23,1656,renamed,1671
8176,7132800,45,1792,renamed,1781
8177,7140000,42,1791,renamed,1812
8178,7142400,43,1797,renamed,1817
8179,7142400,44,1674,renamed,1656
8180,7142400,41,1590,renamed,1569
8181,7142400,38,1663,renamed,1678
8182,7142400,26,1582,renamed,1561
8183,7142400,46,1799,renamed,1821
8184,7142400,2,1723,renamed,1740
8185,7142400,13,1710,renamed,1694
8186,7142400,23,1642,renamed,1656
8187,7152000,45,1804,renamed,1792
8188,7152000,4,1511,renamed,1519
8189,7152000,21,1728,renamed,1745
8190,7152000,46,1811,renamed,1799
8191,7152000,17,1658,renamed,1672
8192,7152000,29,1736,renamed,1721
8193,7152000,43,1778,renamed,1797
8194,7152000,44,1692,renamed,1674
8195,7152000,22,1662,renamed,1676
8196,7160000,45,1816,renamed,1804
8197,7160000,46,1822,renamed,1811
8198,7160000,42,1772,renamed,1791
8199,7160000,36,1619,renamed,1630
8200,7161600,28,1633,renamed,1613
8201,7161600,21,1743,renamed,1728
8202,7161600,32,1717,renamed,1734
8203,7161600,43,1760,renamed,1778
8204,7161600,30,1682,renamed,1664
8205,7161600,45,1827,renamed,1816
8206,7161600,44,1677,renamed,1692
8207,7161600,18,1789,renamed,1808
8208,7161600,46,1803,renamed,1822
8209,7161600,42,1787,renamed,1772
8210,7171200,8,1881,renamed,1871
8211,7171200,34,1708,renamed,1723
8212,7171200,43,1775,renamed,1760
8213,7171200,14,1672,renamed,1653
8214,7171200,46,1814,renamed,1803
8215,7171200,13,1725,renamed,1710
8216,7171200,7,1804,renamed,1825
8217,7171200,36,1638,renamed,1619
8218,7180800,43,1787,renamed,1775
8219,7180800,44,1692,renamed,1677
8220,7180800,37,1733,renamed,1720
8221,7180800,46,1792,renamed,1814
8222,7180800,26,1570,renamed,1582
8223,7180800,45,1806,renamed,1827
8224,7180800,42,1799,renamed,1787
8225,7180800,43,1768,renamed,1787
8226,7180800,22,1649,renamed,1662
8227,7180800,17,1646,renamed,1658
8228,7180800,44,1679,renamed,1692
8229,7190400,34,1725,renamed,1708
8230,7190400,20,1739,renamed,1723
8231,7190400,18,1801,renamed,1789
8232,7190400,46,1804,renamed,1792
8233,7190400,32,1731,renamed,1717
8234,7190400,27,1655,renamed,1638
8235,7190400,33,1859,renamed,1851
8236,7190400,45,1784,renamed,1806
8237,7190400,2,1736,renamed,1723
8238,7200000,27,1640,renamed,1655
8239,7200000,44,1694,renamed,1679
8240,7200000,23,1628,renamed,1642
8241,7200000,46,1814,renamed,1804
8242,7200000,14,1656,renamed,1672
8243,7200000,17,1663,renamed,1646
8244,7200000,45,1764,renamed,1784
8245,7200000,43,1749,renamed,1768
8246,7200000,44,1710,renamed,1694
8247,7200000,22,1666,renamed,1649
8248,7200000,41,1609,renamed,1590
8249,7200000,24,1481,renamed,1490
8250,7200000,46,1823,renamed,1814
8251,7209600,28,1619,renamed,1633
8252,7209600,45,1744,renamed,1764
8253,7209600,42,1779,renamed,1799
8254,7209600,19,1678,renamed,1693
8255,7209600,39,1701,renamed,1684
8256,7209600,44,1695,renamed,1710
8257,7209600,6,1892,renamed,1883
8258,7209600,10,1669,renamed,1651
8259,7209600,40,1761,renamed,1780
8260,7209600,20,1723,renamed,1739
8261,7209600,24,1475,renamed,1481
8262,7219200,44,1712,renamed,1695
8263,7220000,4,1504,renamed,1511
8264,7220000,46,1804,renamed,1823
8265,7220000,42,1762,renamed,1779
8266,7220000,19,1697,renamed,1678
8267,7220000,43,1734,renamed,1749
8268,7220000,7,1787,renamed,1804
8269,7220000,45,1730,renamed,1744
8270,7220000,11,1695,renamed,1675
8271,7220000,44,1730,renamed,1712
8272,7228800,42,1777,renamed,1762
8273,7228800,46,1786,renamed,1804
8274,7228800,19,1715,renamed,1697
8275,7228800,43,1749,renamed,1734
8276,7228800,35,1592,renamed,1570
8277,7228800,31,1818,renamed,1839
8278,7228800,14,1644,renamed,1656
8279,7228800,18,1813,renamed,1801
8280,7228800,46,1798,renamed,1786
8281,7228800,45,1744,renamed,1730
8282,7228800,30,1698,renamed,1682
8283,7228800,43,1761,renamed,1749
8284,7238400,41,1627,renamed,1609
8285,7240000,10,1683,renamed,1669
8286,7240000,21,1754,renamed,1743
8287,7240000,44,1710,renamed,1730
8288,7240000,46,1776,renamed,1798
8289,7240000,45,1725,renamed,1744
8290,7240000,43,1773,renamed,1761
8291,7240000,22,1681,renamed,1666
8292,7240000,42,1787,renamed,1777
8293,7240000,41,1643,renamed,1627
8294,7248000,40,1771,renamed,1761
8295,7248000,46,1754,renamed,1776
8296,7248000,44,1722,renamed,1710
8297,7248000,45,1705,renamed,1725
8298,7248000,34,1706,renamed,1725
8299,7248000,29,1718,renamed,1736
8300,7248000,42,1798,renamed,1787
8301,7248000,2,1718,renamed,1736
8302,7248000,35,1581,renamed,1592
8303,7248000,36,1656,renamed,1638
8304,7248000,43,1785,renamed,1773
8305,7257600,44,1735,renamed,1722
8306,7257600,45,1688,renamed,1705
8307,7260000,46,1735,renamed,1754
8308,7260000,20,1707,renamed,1723
8309,7260000,14,1662,renamed,1644
8310,7260000,39,1716,renamed,1701
8311,7260000,41,1629,renamed,1643
8312,7260000,32,1745,renamed,1731
8313,7260000,42,1778,renamed,1798
8314,7260000,45,1704,renamed,1688
8315,7260000,9,1806,renamed,1827
8316,7267200,46,1749,renamed,1735
8317,7267200,44,1718,renamed,1735
8318,7267200,43,1797,renamed,1785
8319,7267200,46,1731,renamed,1749
8320,7267200,41,1648,renamed,1629
8321,7267200,34,1690,renamed,1706
8322,7267200,23,1616,renamed,1628
8323,7267200,31,1799,renamed,1818
8324,7267200,8,1891,renamed,1881
8325,7267200,23,1606,renamed,1616
8326,7276800,27,1660,renamed,1640
8327,7276800,19,1700,renamed,1715
8328,7276800,46,1716,renamed,1731
8329,7276800,21,1769,renamed,1754
8330,7276800,45,1721,renamed,1704
8331,7276800,22,1668,renamed,1681
8332,7280000,20,1693,renamed,1707
8333,7280000,44,1735,renamed,1718
8334,7280000,18,1825,renamed,1813
8335,7280000,43,1778,renamed,1797
8336,7280000,40,1754,renamed,1771
8337,7280000,42,1762,renamed,1778
8338,7280000,45,1708,renamed,1721
8339,7280000,46,1704,renamed,1716
8340,7286400,35,1574,renamed,1581
8341,7286400,44,1753,renamed,1735
8342,7286400,8,1871,renamed,1891
8343,7286400,43,1795,renamed,1778
8344,7286400,42,1779,renamed,1762
8345,7286400,23,1628,renamed,1606
8346,7286400,32,1761,renamed,1745
8347,7286400,14,1680,renamed,1662
8348,7286400,45,1724,renamed,1708
8349,7296000,10,1668,renamed,1683
8350,7296000,46,1689,renamed,1704
8351,7296000,43,1777,renamed,1795
8352,7296000,44,1768,renamed,1753
8353,7296000,42,1792,renamed,1779
8354,7296000,33,1838,renamed,1859
8355,7300000,41,1637,renamed,1648
8356,7300000,11,1713,renamed,1695
8357,7300000,46,1676,renamed,1689
8358,7300000,43,1791,renamed,1777
8359,7300000,44,1751,renamed,1768
8360,7300000,45,1710,renamed,1724
8361,7305600,27,1680,renamed,1660
8362,7305600,42,1805,renamed,1792
8363,7305600,41,1626,renamed,1637
8364,7305600,9,1819,renamed,1806
8365,7305600,38,1651,renamed,1663
8366,7305600,2,1734,renamed,1718
8367,7305600,46,1693,renamed,1676
8368,7305600,40,1737,renamed,1754
8369,7305600,30,1714,renamed,1698
8370,7305600,44,1764,renamed,1751
8371,7305600,41,1614,renamed,1626
8372,7315200,43,1772,renamed,1791
8373,7315200,45,1726,renamed,1710
8374,7315200,39,1731,renamed,1716
8375,7315200,46,1678,renamed,1693
8376,7315200,20,1679,renamed,1693
8377,7320000,13,1740,renamed,1725
8378,7320000,44,1746,renamed,1764
8379,7320000,35,1565,renamed,1574
8380,7320000,41,1604,renamed,1614
8381,7320000,24,1470,renamed,1475
8382,7320000,45,1742,renamed,1726
8383,7320000,5,1737,renamed,1753
8384,7324800,19,1718,renamed,1700
8385,7324800,34,1707,renamed,1690
8386,7324800,42,1786,renamed,1805
8387,7324800,44,1730,renamed,1746
8388,7324800,46,1697,renamed,1678
8389,7324800,18,1806,renamed,1825
8390,7324800,45,1727,renamed,1742
8391,7324800,20,1698,renamed,1679
8392,7324800,43,1786,renamed,1772
8393,7334400,12,1675,renamed,1688
8394,7334400,9,1801,renamed,1819
8395,7334400,47,1767,stored,
8396,7334400,15,1712,renamed,1693
8397,7334400,46,1714,renamed,1697
8398,7334400,28,1639,renamed,1619
8399,7334400,38,1669,renamed,1651
8400,7334400,45,1741,renamed,1727
8401,7334400,33,1847,renamed,1838
8402,7340000,44,1712,renamed,1730
8403,7344000,9,1811,renamed,1801
8404,7344000,46,1697,renamed,1714
8405,7344000,43,1797,renamed,1786
8406,7344000,42,1766,renamed,1786
8407,7344000,47,1779,renamed,1767
8408,7344000,35,1555,renamed,1565
8409,7344000,45,1724,renamed,1741
8410,7344000,41,1624,renamed,1604
8411,7344000,44,1696,renamed,1712
8412,7344000,30,1699,renamed,1714
8413,7344000,10,1686,renamed,1668
8414,7344000,46,1713,renamed,1697
8415,7344000,27,1696,renamed,1680
8416,7344000,47,1790,renamed,1779
8417,7353600,43,1807,renamed,1797
8418,7353600,42,1746,renamed,1766
8419,7353600,44,1710,renamed,1696
8420,7353600,45,1706,renamed,1724
8421,7353600,36,1642,renamed,1656
8422,7353600,47,1801,renamed,1790
8423,7360000,39,1714,renamed,1731
8424,7360000,11,1728,renamed,1713
8425,7360000,46,1697,renamed,1713
8426,7363200,45,1691,renamed,1706
8427,7363200,44,1726,renamed,1710
8428,7363200,2,1717,renamed,1734
8429,7363200,43,1788,renamed,1807
8430,7363200,32,1775,renamed,1761
8431,7363200,47,1813,renamed,1801
8432,7363200,28,1657,renamed,1639
8433,7363200,42,1728,renamed,1746
8434,7363200,46,1682,renamed,1697
8435,7363200,44,1711,renamed,1726
8436,7363200,45,1678,renamed,1691
8437,7363200,36,1662,renamed,1642
8438,7372800,47,1825,renamed,1813
8439,7372800,43,1800,renamed,1788
8440,7372800,41,1643,renamed,1624
8441,7372800,19,1702,renamed,1718
8442,7372800,44,1726,renamed,1711
8443,7372800,46,1667,renamed,1682
8444,7372800,45,1664,renamed,1678
8445,7372800,29,1703,renamed,1718
8446,7372800,47,1806,renamed,1825
8447,7380000,15,1699,renamed,1712
8448,7380000,40,1723,renamed,1737
8449,7380000,28,1678,renamed,1657
8450,7382400,36,1682,renamed,1662
8451,7382400,47,1819,renamed,1806
8452,7382400,38,1656,renamed,1669
8453,7382400,46,1686,renamed,1667
8454,7382400,7,1769,renamed,1787
8455,7382400,26,1562,renamed,1570
8456,7382400,45,1683,renamed,1664
8457,7382400,44,1711,renamed,1726
8458,7392000,24,1465,renamed,1470
8459,7392000,46,1674,renamed,1686
8460,7392000,43,1783,renamed,1800
8461,7392000,47,1802,renamed,1819
8462,7392000,31,1814,renamed,1799
8463,7392000,44,1699,renamed,1711
8464,7392000,12,1665,renamed,1675
8465,7392000,43,1769,renamed,1783
8466,7392000,46,1696,renamed,1674
8467,7392000,47,1817,renamed,1802
8468,7392000,45,1672,renamed,1683
8469,7392000,15,1688,renamed,1699
8470,7401600,39,1703,renamed,1714
8471,7401600,44,1689,renamed,1699
8472,7401600,29,1724,renamed,1703
8473,7401600,42,1747,renamed,1728
8474,7401600,47,1801,renamed,1817
8475,7401600,30,1688,renamed,1699
8476,7401600,43,1756,renamed,1769
8477,7401600,46,1717,renamed,1696
8478,7401600,45,1662,renamed,1672
8479,7401600,2,1737,renamed,1717
8480,7401600,47,1816,renamed,1801
8481,7401600,5,1754,renamed,1737
8482,7401600,37,1719,renamed,1733
8483,7411200,30,1677,renamed,1688
8484,7411200,46,1705,renamed,1717
8485,7411200,12,1686,renamed,1665
8486,7411200,44,1678,renamed,1689
8487,7411200,45,1683,renamed,1662
8488,7411200,3,1585,renamed,1593
8489,7411200,19,1690,renamed,1702
8490,7411200,11,1746,renamed,1728
8491,7411200,46,1693,renamed,1705
8492,7411200,47,1830,renamed,1816
8493,7420000,33,1859,renamed,1847
8494,7420000,10,1674,renamed,1686
8495,7420800,43,1741,renamed,1756
8496,7420800,28,1667,renamed,1678
8497,7420800,48,1798,stored,
8498,7420800,40,1742,renamed,1723
8499,7420800,46,1681,renamed,1693
8500,7420800,47,1813,renamed,1830
8501,7420800,45,1704,renamed,1683
8502,7420800,44,1667,renamed,1678
8503,7420800,42,1765,renamed,1747
8504,7420800,19,1709,renamed,1690
8505,7420800,48,1812,renamed,1798
8506,7420800,43,1726,renamed,1741
8507,7430400,7,1784,renamed,1769
8508,7430400,45,1721,renamed,1704
8509,7430400,46,1668,renamed,1681
8510,7430400,18,1818,renamed,1806
8511,7430400,19,1695,renamed,1709
8512,7430400,36,1700,renamed,1682
8513,7430400,47,1825,renamed,1813
8514,7430400,44,1654,renamed,1667
8515,7430400,48,1793,renamed,1812
8516,7440000,46,1656,renamed,1668
8517,7440000,20,1685,renamed,1698
8518,7440000,40,1759,renamed,1742
8519,7440000,45,1707,renamed,1721
8520,7440000,47,1807,renamed,1825
8521,7440000,37,1707,renamed,1719
8522,7440000,30,1667,renamed,1677
8523,7440000,48,1779,renamed,1793
8524,7440000,21,1787,renamed,1769
8525,7440000,32,1792,renamed,1775
8526,7440000,20,1705,renamed,1685
8527,7449600,12,1674,renamed,1686
8528,7449600,47,1791,renamed,1807
8529,7449600,10,1664,renamed,1674
8530,7449600,13,1728,renamed,1740
8531,7449600,29,1744,renamed,1724
8532,7449600,46,1677,renamed,1656
8533,7449600,45,1725,renamed,1707
8534,7449600,44,1674,renamed,1654
8535,7449600,48,1793,renamed,1779
8536,7449600,47,1773,renamed,1791
8537,7449600,43,1712,renamed,1726
8538,7449600,2,1723,renamed,1737
8539,7459200,46,1666,renamed,1677
8540,7460000,42,1751,renamed,1765
8541,7460000,45,1744,renamed,1725
8542,7460000,14,1669,renamed,1680
8543,7460000,48,1808,renamed,1793
8544,7460000,44,1663,renamed,1674
8545,7460000,6,1872,renamed,1892
8546,7460000,47,1759,renamed,1773
8547,7460000,22,1659,renamed,1668
8548,7460000,8,1885,renamed,1871
8549,7460000,45,1732,renamed,1744
8550,7460000,12,1665,renamed,1674
8551,7460000,38,1679,renamed,1656
8552,7468800,46,1657,renamed,1666
8553,7468800,48,1824,renamed,1808
8554,7468800,47,1776,renamed,1759
8555,7468800,40,1745,renamed,1759
8556,7468800,44,1654,renamed,1663
8557,7468800,6,1885,renamed,1872
8558,7468800,8,1866,renamed,1885
8559,7468800,48,1809,renamed,1824
8560,7468800,42,1739,renamed,1751
8561,7468800,46,1649,renamed,1657
8562,7478400,45,1753,renamed,1732
8563,7478400,47,1794,renamed,1776
8564,7478400,18,1803,renamed,1818
8565,7480000,43,1702,renamed,1712
8566,7480000,7,1802,renamed,1784
8567,7480000,44,1676,renamed,1654
8568,7480000,46,1671,renamed,1649
8569,7480000,48,1792,renamed,1809
8570,7480000,2,1741,renamed,1723
8571,7480000,43,1721,renamed,1702
8572,7488000,39,1690,renamed,1703
8573,7488000,45,1739,renamed,1753
8574,7488000,48,1807,renamed,1792
8575,7488000,13,1715,renamed,1728
8576,7488000,5,1740,renamed,1754
8577,7488000,47,1810,renamed,1794
8578,7488000,38,1668,renamed,1679
8579,7488000,46,1661,renamed,1671
8580,7488000,22,1680,renamed,1659
8581,7488000,26,1555,renamed,1562
8582,7488000,47,1794,renamed,1810
8583,7488000,48,1792,renamed,1807
8584,7488000,44,1667,renamed,1676
8585,7497600,45,1758,renamed,1739
8586,7497600,43,1710,renamed,1721
8587,7500000,33,1842,renamed,1859
8588,7500000,48,1779,renamed,1792
8589,7500000,14,1661,renamed,1669
8590,7500000,13,1706,renamed,1715
8591,7500000,42,1729,renamed,1739
8592,7500000,9,1799,renamed,1811
8593,7500000,46,1655,renamed,1661
8594,7500000,44,1661,renamed,1667
8595,7500000,45,1749,renamed,1758
8596,7507200,36,1693,renamed,1700
8597,7507200,43,1703,renamed,1710
8598,7507200,49,1932,stored,
8599,7507200,48,1801,renamed,1779
8600,7507200,47,1784,renamed,1794
8601,7507200,46,1681,renamed,1655
8602,7507200,44,1686,renamed,1661
8603,7507200,12,1689,renamed,1665
8604,7507200,40,1765,renamed,1745
8605,7507200,48,1787,renamed,1801
8606,7507200,45,1738,renamed,1749
8607,7507200,49,1913,renamed,1932
8608,7507200,8,1881,renamed,1866
8609,7507200,47,1772,renamed,1784
8610,7507200,17,1687,renamed,1663
8611,7507200,29,1733,renamed,1744
8612,7516800,43,1694,renamed,1703
8613,7516800,19,1717,renamed,1695
8614,7520000,48,1805,renamed,1787
8615,7520000,49,1894,renamed,1913
8616,7520000,47,1760,renamed,1772
8617,7520000,38,1660,renamed,1668
8618,7520000,27,1687,renamed,1696
8619,7520000,3,1580,renamed,1585
8620,7520000,46,1673,renamed,1681
8621,7520000,40,1755,renamed,1765
8622,7526400,22,1673,renamed,1680
8623,7526400,47,1751,renamed,1760
8624,7526400,49,1880,renamed,1894
8625,7526400,45,1761,renamed,1738
8626,7526400,48,1825,renamed,1805
8627,7526400,4,1532,renamed,1504
8628,7526400,49,1864,renamed,1880
8629,7526400,29,1754,renamed,1733
8630,7526400,21,1774,renamed,1787
8631,7526400,9,1786,renamed,1799
8632,7526400,6,1869,renamed,1885
8633,7526400,8,1866,renamed,1881
8634,7536000,18,1823,renamed,1803
8635,7536000,49,1880,renamed,1864
8636,7536000,48,1812,renamed,1825
8637,7536000,21,1794,renamed,1774
8638,7540000,47,1740,renamed,1751
8639,7540000,46,1666,renamed,1673
8640,7540000,45,1751,renamed,1761
8641,7540000,23,1622,renamed,1628
8642,7540000,9,1775,renamed,1786
8643,7540000,44,1710,renamed,1686
8644,7545600,43,1717,renamed,1694
8645,7545600,49,1894,renamed,1880
8646,7545600,33,1827,renamed,1842
8647,7545600,11,1766,renamed,1746
8648,7545600,48,1798,renamed,1812
8649,7545600,47,1730,renamed,1740
8650,7545600,38,1653,renamed,1660
8651,7545600,31,1801,renamed,1814
8652,7545600,12,1681,renamed,1689
8653,7545600,32,1781,renamed,1792
8654,7545600,49,1910,renamed,1894
8655,7555200,22,1666,renamed,1673
8656,7555200,46,1690,renamed,1666
8657,7555200,21,1813,renamed,1794
8658,7555200,48,1785,renamed,1798
8659,7555200,47,1720,renamed,1730
8660,7555200,17,1679,renamed,1687
8661,7555200,14,1685,renamed,1661
8662,7555200,9,1763,renamed,1775
8663,7560000,46,1682,renamed,1690
8664,7560000,20,1728,renamed,1705
8665,7560000,49,1892,renamed,1910
8666,7560000,38,1646,renamed,1653
8667,7564800,14,1677,renamed,1685
8668,7564800,48,1805,renamed,1785
8669,7564800,5,1761,renamed,1740
8670,7564800,47,1741,renamed,1720
8671,7564800,46,1673,renamed,1682
8672,7564800,13,1696,renamed,1706
8673,7564800,49,1905,renamed,1892
8674,7564800,8,1880,renamed,1866
8675,7564800,48,1821,renamed,1805
8676,7564800,45,1738,renamed,1751
8677,7564800,7,1787,renamed,1802
8678,7564800,43,1706,renamed,1717
8679,7564800,47,1761,renamed,1741
8680,7574400,46,1664,renamed,1673
8681,7574400,9,1781,renamed,1763
8682,7574400,14,1698,renamed,1677
8683,7574400,49,1885,renamed,1905
8684,7574400,17,1700,renamed,1679
8685,7574400,40,1772,renamed,1755
8686,7574400,33,1840,renamed,1827
8687,7580000,18,1805,renamed,1823
8688,7580000,47,1777,renamed,1761
8689,7580000,46,1653,renamed,1664
8690,7580000,48,1804,renamed,1821
8691,7580000,49,1866,renamed,1885
8692,7584000,44,1699,renamed,1710
8693,7584000,47,1794,renamed,1777
8694,7584000,14,1687,renamed,1698
8695,7584000,43,1726,renamed,1706
8696,7584000,6,1850,renamed,1869
8697,7584000,45,1726,renamed,1738
8698,7584000,25,1470,renamed,1474
8699,7584000,50,1829,stored,
8700,7584000,48,1790,renamed,1804
8701,7584000,38,1639,renamed,1646
8702,7584000,49,1850,renamed,1866
8703,7584000,47,1782,renamed,1794
8704,7593600,46,1646,renamed,1653
8705,7593600,15,1681,renamed,1688
8706,7593600,45,1718,renamed,1726
8707,7593600,1,1372,renamed,1373
8708,7593600,44,1692,renamed,1699
8709,7593600,50,1817,renamed,1829
8710,7593600,28,1661,renamed,1667
8711,7600000,10,1658,renamed,1664
8712,7600000,47,1773,renamed,1782
8713,7600000,11,1758,renamed,1766
8714,7600000,49,1839,renamed,1850
8715,7600000,8,1868,renamed,1880
8716,7600000,48,1782,renamed,1790
8717,7603200,50,1809,renamed,1817
8718,7603200,46,1642,renamed,1646
8719,7603200,38,1667,renamed,1639
8720,7603200,47,1765,renamed,1773
8721,7603200,7,1779,renamed,1787
8722,7603200,49,1830,renamed,1839
8723,7603200,48,1775,renamed,1782
8724,7603200,28,1657,renamed,1661
8725,7603200,50,1802,renamed,1809
8726,7603200,27,1683,renamed,1687
8727,7612800,8,1890,renamed,1868
8728,7612800,49,1821,renamed,1830
8729,7612800,46,1639,renamed,1642
8730,7612800,48,1800,renamed,1775
8731,7612800,47,1789,renamed,1765
8732,7612800,19,1742,renamed,1717
8733,7612800,42,1722,renamed,1729
8734,7612800,20,1752,renamed,1728
8735,7622400,49,1810,renamed,1821
8736,7622400,50,1823,renamed,1802
8737,7622400,47,1779,renamed,1789
8738,7622400,46,1665,renamed,1639
8739,7622400,10,1683,renamed,1658
8740,7622400,44,1714,renamed,1692
8741,7622400,45,1708,renamed,1718
8742,7622400,48,1818,renamed,1800
8743,7622400,50,1808,renamed,1823
8744,7622400,49,1827,renamed,1810
8745,7622400,42,1711,renamed,1722
8746,7622400,20,1771,renamed,1752
8747,7632000,47,1766,renamed,1779
8748,7632000,2,1730,renamed,1741
8749,7632000,48,1835,renamed,1818
8750,7632000,50,1824,renamed,1808
8751,7632000,22,1657,renamed,1666
8752,7632000,33,1824,renamed,1840
8753,7632000,49,1843,renamed,1827
8754,7632000,47,1753,renamed,1766
8755,7632000,23,1646,renamed,1622
8756,7632000,17,1689,renamed,1700
8757,7640000,48,1819,renamed,1835
8758,7640000,4,1527,renamed,1532
8759,7641600,46,1688,renamed,1665
8760,7641600,50,1839,renamed,1824
8761,7641600,7,1765,renamed,1779
8762,7641600,45,1728,renamed,1708
8763,7641600,49,1826,renamed,1843
8764,7641600,48,1804,renamed,1819
8765,7641600,47,1772,renamed,1753
8766,7641600,46,1678,renamed,1688
8767,7641600,50,1854,renamed,1839
8768,7641600,29,1741,renamed,1754
8769,7641600,44,1703,renamed,1714
8770,7651200,43,1715,renamed,1726
8771,7651200,14,1678,renamed,1687
8772,7651200,31,1819,renamed,1801
8773,7651200,49,1842,renamed,1826
8774,7651200,42,1700,renamed,1711
8775,7651200,50,1838,renamed,1854
8776,7651200,48,1821,renamed,1804
8777,7651200,47,1759,renamed,1772
8778,7651200,46,1669,renamed,1678
8779,7660000,45,1718,renamed,1728
8780,7660800,41,1636,renamed,1643
8781,7660800,47,1748,renamed,1759
8782,7660800,7,1785,renamed,1765
8783,7660800,49,1858,renamed,1842
8784,7660800,50,1853,renamed,1838
8785,7660800,48,1836,renamed,1821
8786,7660800,8,1871,renamed,1890
8787,7660800,5,1749,renamed,1761
8788,7660800,46,1692,renamed,1669
8789,7660800,33,1839,renamed,1824
8790,7660800,31,1834,renamed,1819
8791,7670400,22,1647,renamed,1657
8792,7670400,27,1673,renamed,1683
8793,7670400,48,1850,renamed,1836
8794,7670400,47,1735,renamed,1748
8795,7670400,21,1798,renamed,1813
8796,7670400,50,1836,renamed,1853
8797,7670400,19,1731,renamed,1742
8798,7670400,46,1683,renamed,1692
8799,7670400,23,1670,renamed,1646
8800,7670400,51,1837,stored,
8801,7670400,49,1872,renamed,1858
8802,7670400,41,1628,renamed,1636
8803,7670400,17,1680,renamed,1689
8804,7680000,50,1851,renamed,1836
8805,7680000,48,1864,renamed,1850
8806,7680000,43,1704,renamed,1715
8807,7680000,28,1648,renamed,1657
8808,7680000,27,1664,renamed,1673
8809,7680000,51,1852,renamed,1837
8810,7680000,6,1864,renamed,1850
8811,7680000,49,1885,renamed,1872
8812,7680000,50,1833,renamed,1851
8813,7680000,47,1723,renamed,1735
8814,7689600,48,1847,renamed,1864
8815,7689600,49,1868,renamed,1885
8816,7689600,46,1675,renamed,1683
8817,7689600,51,1838,renamed,1852
8818,7689600,37,1699,renamed,1707
8819,7689600,36,1686,renamed,1693
8820,7689600,50,1851,renamed,1833
8821,7689600,48,1833,renamed,1847
8822,7689600,47,1715,renamed,1723
8823,7689600,1,1371,renamed,1372
8824,7689600,49,1885,renamed,1868
8825,7689600,51,1856,renamed,1838
8826,7689600,46,1667,renamed,1675
8827,7699200,48,1850,renamed,1833
8828,7700000,50,1867,renamed,1851
8829,7700000,45,1739,renamed,1718
8830,7700000,19,1720,renamed,1731
8831,7700000,47,1705,renamed,1715
8832,7700000,27,1687,renamed,1664
8833,7700000,39,1680,renamed,1690
8834,7700000,36,1677,renamed,1686
8835,7700000,50,1881,renamed,1867
8836,7700000,17,1701,renamed,1680
8837,7700000,51,1869,renamed,1856
8838,7708800,48,1863,renamed,1850
8839,7708800,49,1896,renamed,1885
8840,7708800,47,1692,renamed,1705
8841,7708800,20,1756,renamed,1771
8842,7708800,18,1789,renamed,1805
8843,7708800,50,1893,renamed,1881
8844,7708800,28,1639,renamed,1648
8845,7708800,51,1882,renamed,1869
8846,7708800,37,1718,renamed,1699
8847,7708800,49,1906,renamed,1896
8848,7708800,48,1843,renamed,1863
8849,7708800,16,1488,renamed,1493
8850,7718400,51,1863,renamed,1882
8851,7718400,23,1660,renamed,1670
8852,7720000,50,1905,renamed,1893
8853,7720000,49,1917,renamed,1906
8854,7720000,15,1671,renamed,1681
8855,7720000,47,1682,renamed,1692
8856,7720000,38,1658,renamed,1667
8857,7720000,48,1827,renamed,1843
8858,7720000,51,1877,renamed,1863
8859,7720000,46,1658,renamed,1667
8860,7720000,19,1740,renamed,1720
8861,7728000,23,1651,renamed,1660
8862,7728000,27,1708,renamed,1687
8863,7728000,50,1885,renamed,1905
8864,7728000,48,1812,renamed,1827
8865,7728000,11,1746,renamed,1758
8866,7728000,17,1692,renamed,1701
8867,7728000,29,1731,renamed,1741
8868,7728000,40,1761,renamed,1772
8869,7728000,49,1900,renamed,1917
8870,7728000,12,1705,renamed,1681
8871,7728000,51,1892,renamed,1877
8872,7728000,50,1869,renamed,1885
8873,7728000,44,1695,renamed,1703
8874,7737600,31,1821,renamed,1834
8875,7737600,8,1857,renamed,1871
8876,7740000,48,1832,renamed,1812
8877,7740000,27,1700,renamed,1708
8878,7740000,18,1809,renamed,1789
8879,7740000,49,1914,renamed,1900
8880,7740000,51,1906,renamed,1892
8881,7740000,10,1705,renamed,1683
8882,7740000,47,1673,renamed,1682
8883,7740000,50,1852,renamed,1869
8884,7740000,48,1818,renamed,1832
8885,7740000,17,1715,renamed,1692
8886,7747200,46,1681,renamed,1658
8887,7747200,49,1895,renamed,1914
8888,7747200,51,1888,renamed,1906
8889,7747200,30,1690,renamed,1667
8890,7747200,47,1664,renamed,1673
8891,7747200,6,1878,renamed,1864
8892,7747200,50,1836,renamed,1852
8893,7747200,48,1804,renamed,1818
8894,7747200,28,1663,renamed,1639
8895,7747200,49,1908,renamed,1895
8896,7747200,11,1734,renamed,1746
8897,7747200,51,1870,renamed,1888
8898,7747200,47,1687,renamed,1664
8899,7747200,7,1772,renamed,1785
8900,7756800,4,1554,renamed,1527
8901,7756800,52,1817,stored,
8902,7756800,33,1853,renamed,1839
8903,7756800,40,1778,renamed,1761
8904,7760000,50,1818,renamed,1836
8905,7760000,51,1882,renamed,1870
8906,7760000,19,1727,renamed,1740
8907,7760000,38,1649,renamed,1658
8908,7760000,24,1461,renamed,1465
8909,7760000,8,1871,renamed,1857
8910,7766400,52,1832,renamed,1817
8911,7766400,39,1669,renamed,1680
8912,7766400,11,1752,renamed,1734
8913,7766400,50,1832,renamed,1818
8914,7766400,51,1892,renamed,1882
8915,7766400,48,1787,renamed,1804
8916,7766400,49,1918,renamed,1908
8917,7766400,51,1871,renamed,1892
8918,7766400,21,1782,renamed,1798
8919,7766400,2,1718,renamed,1730
8920,7766400,47,1708,renamed,1687
8921,7766400,52,1815,renamed,1832
8922,7766400,15,1661,renamed,1671
8923,7776000,43,1694,renamed,1704
8924,7776000,29,1751,renamed,1731
8925,7776000,51,1884,renamed,1871
8926,7776000,50,1815,renamed,1832
8927,7776000,49,1898,renamed,1918
8928,7776000,42,1721,renamed,1700
8929,7780000,23,1642,renamed,1651
8930,7780000,17,1735,renamed,1715
8931,7780000,52,1799,renamed,1815
8932,7780000,0,1319,renamed,1321
8933,7780000,8,1854,renamed,1871
8934,7780000,51,1867,renamed,1884
8935,7780000,50,1832,renamed,1815
8936,7780000,49,1911,renamed,1898
8937,7785600,33,1867,renamed,1853
8938,7785600,52,1784,renamed,1799
8939,7785600,14,1700,renamed,1678
8940,7785600,44,1715,renamed,1695
8941,7785600,29,1768,renamed,1751
8942,7785600,50,1844,renamed,1832
8943,7785600,48,1801,renamed,1787
8944,7785600,51,1877,renamed,1867
8945,7785600,40,1791,renamed,1778
8946,7785600,49,1888,renamed,1911
8947,7795200,8,1834,renamed,1854
8948,7795200,16,1483,renamed,1488
8949,7795200,52,1798,renamed,1784
8950,7795200,29,1782,renamed,1768
8951,7800000,17,1750,renamed,1735
8952,7800000,44,1700,renamed,1715
8953,7800000,51,1886,renamed,1877
8954,7800000,34,1693,renamed,1707
8955,7800000,13,1683,renamed,1696
8956,7800000,47,1725,renamed,1708
8957,7800000,12,1722,renamed,1705
8958,7804800,52,1810,renamed,1798
8959,7804800,38,1636,renamed,1649
8960,7804800,23,1630,renamed,1642
8961,7804800,51,1895,renamed,1886
8962,7804800,49,1866,renamed,1888
8963,7804800,13,1670,renamed,1683
8964,7804800,19,1744,renamed,1727
8965,7804800,48,1783,renamed,1801
8966,7804800,50,1856,renamed,1844
8967,7804800,6,1857,renamed,1878
8968,7804800,1,1368,renamed,1371
8969,7804800,52,1824,renamed,1810
8970,7814400,51,1905,renamed,1895
8971,7814400,11,1737,renamed,1752
8972,7814400,19,1760,renamed,1744
8973,7814400,49,1846,renamed,1866
8974,7814400,50,1868,renamed,1856
8975,7814400,18,1822,renamed,1809
8976,7814400,48,1797,renamed,1783
8977,7820000,46,1668,renamed,1681
8978,7820000,52,1805,renamed,1824
8979,7820000,47,1742,renamed,1725
8980,7820000,16,1508,renamed,1483
8981,7824000,51,1913,renamed,1905
8982,7824000,17,1733,renamed,1750
8983,7824000,19,1743,renamed,1760
8984,7824000,50,1878,renamed,1868
8985,7824000,48,1779,renamed,1797
8986,7824000,52,1818,renamed,1805
8987,7824000,49,1857,renamed,1846
8988,7824000,22,1666,renamed,1647
8989,7824000,51,1920,renamed,1913
8990,7824000,18,1802,renamed,1822
8991,7833600,6,1867,renamed,1857
8992,7833600,50,1887,renamed,1878
8993,7833600,28,1650,renamed,1663
8994,7833600,8,1814,renamed,1834
8995,7833600,49,1867,renamed,1857
8996,7833600,52,1829,renamed,1818
8997,7840000,23,1618,renamed,1630
8998,7840000,44,1686,renamed,1700
8999,7840000,51,1928,renamed,1920
9000,7840000,50,1896,renamed,1887
9001,7840000,10,1691,renamed,1705
9002,7843200,40,1774,renamed,1791
9003,7843200,15,1681,renamed,1661
9004,7843200,52,1810,renamed,1829
9005,7843200,5,1734,renamed,1749
9006,7843200,49,1878,renamed,1867
9007,7843200,51,1906,renamed,1928
9008,7843200,12,1740,renamed,1722
9009,7843200,50,1875,renamed,1896
9010,7843200,48,1795,renamed,1779
9011,7843200,9,1765,renamed,1781
9012,7843200,24,1457,renamed,1461
9013,7843200,52,1794,renamed,1810
9014,7852800,47,1730,renamed,1742
9015,7852800,41,1620,renamed,1628
9016,7852800,50,1858,renamed,1875
9017,7852800,51,1919,renamed,1906
9018,7852800,20,1775,renamed,1756
9019,7852800,7,1759,renamed,1772
9020,7852800,49,1891,renamed,1878
9021,7860000,43,1684,renamed,1694
9022,7860000,52,1811,renamed,1794
9023,7860000,5,1722,renamed,1734
9024,7862400,9,1752,renamed,1765
9025,7862400,15,1672,renamed,1681
9026,7862400,50,1842,renamed,1858
9027,7862400,12,1760,renamed,1740
9028,7862400,51,1931,renamed,1919
9029,7862400,22,1688,renamed,1666
9030,7862400,49,1903,renamed,1891
9031,7862400,52,1825,renamed,1811
9032,7862400,50,1854,renamed,1842
9033,7862400,20,1759,renamed,1775
9034,7872000,34,1681,renamed,1693
9035,7872000,10,1680,renamed,1691
9036,7872000,51,1941,renamed,1931
9037,7872000,30,1679,renamed,1690
9038,7872000,12,1747,renamed,1760
9039,7872000,11,1756,renamed,1737
9040,7872000,41,1612,renamed,1620
9041,7872000,50,1837,renamed,1854
9042,7872000,52,1810,renamed,1825
9043,7880000,18,1788,renamed,1802
9044,7880000,17,1754,renamed,1733
9045,7880000,8,1830,renamed,1814
9046,7881600,47,1718,renamed,1730
9047,7881600,49,1885,renamed,1903
9048,7881600,51,1922,renamed,1941
9049,7881600,51,1904,renamed,1922
9050,7881600,3,1575,renamed,1580
9051,7881600,35,1551,renamed,1555
9052,7881600,53,1896,stored,
9053,7881600,39,1693,renamed,1669
9054,7881600,52,1828,renamed,1810
9055,7881600,29,1800,renamed,1782
9056,7881600,13,1661,renamed,1670
9057,7881600,53,1878,renamed,1896
9058,7891200,30,1671,renamed,1679
9059,7891200,51,1887,renamed,1904
9060,7891200,22,1681,renamed,1688
9061,7891200,42,1713,renamed,1721
9062,7891200,28,1675,renamed,1650
9063,7891200,52,1815,renamed,1828
9064,7891200,53,1863,renamed,1878
9065,7891200,51,1873,renamed,1887
9066,7891200,50,1856,renamed,1837
9067,7891200,36,1701,renamed,1677
9068,7891200,49,1869,renamed,1885
9069,7900000,9,1743,renamed,1752
9070,7900800,48,1815,renamed,1795
9071,7900800,23,1643,renamed,1618
9072,7900800,40,1762,renamed,1774
9073,7900800,14,1722,renamed,1700
9074,7900800,53,1847,renamed,1863
9075,7900800,29,1787,renamed,1800
9076,7900800,21,1771,renamed,1782
9077,7900800,52,1833,renamed,1815
9078,7900800,50,1872,renamed,1856
9079,7900800,51,1887,renamed,1873
9080,7900800,45,1758,renamed,1739
9081,7900800,3,1569,renamed,1575
9082,7910400,53,1831,renamed,1847
9083,7910400,23,1635,renamed,1643
9084,7910400,18,1775,renamed,1788
9085,7910400,53,1817,renamed,1831
9086,7910400,31,1808,renamed,1821
9087,7910400,42,1705,renamed,1713
9088,7910400,52,1851,renamed,1833
9089,7910400,10,1673,renamed,1680
9090,7910400,22,1674,renamed,1681
9091,7910400,11,1746,renamed,1756
9092,7910400,49,1886,renamed,1869
9093,7920000,9,1734,renamed,1743
9094,7920000,46,1692,renamed,1668
9095,7920000,52,1867,renamed,1851
9096,7920000,48,1832,renamed,1815
9097,7920000,53,1833,renamed,1817
9098,7920000,32,1767,renamed,1781
9099,7920000,28,1666,renamed,1675
9100,7920000,51,1900,renamed,1887
9101,7920000,18,1762,renamed,1775
9102,7920000,50,1886,renamed,1872
9103,7920000,48,1817,renamed,1832
9104,7929600,53,1849,renamed,1833
9105,7929600,49,1899,renamed,1886
9106,7929600,52,1849,renamed,1867
9107,7929600,8,1815,renamed,1830
9108,7929600,29,1805,renamed,1787
9109,7929600,32,1785,renamed,1767
9110,7929600,51,1881,renamed,1900
9111,7929600,35,1546,renamed,1551
9112,7929600,53,1833,renamed,1849
9113,7929600,31,1795,renamed,1808
9114,7929600,17,1774,renamed,1754
9115,7940000,10,1665,renamed,1673
9116,7940000,29,1822,renamed,1805
9117,7940000,33,1850,renamed,1867
9118,7940000,52,1834,renamed,1849
9119,7940000,44,1678,renamed,1686
9120,7940000,50,1870,renamed,1886
9121,7940000,53,1820,renamed,1833
9122,7940000,51,1867,renamed,1881
9123,7940000,49,1915,renamed,1899
9124,7940000,12,1769,renamed,1747
9125,7940000,47,1709,renamed,1718
9126,7948800,52,1852,renamed,1834
9127,7948800,33,1866,renamed,1850
9128,7948800,48,1803,renamed,1817
9129,7948800,7,1779,renamed,1759
9130,7948800,6,1881,renamed,1867
9131,7948800,53,1836,renamed,1820
9132,7948800,49,1895,renamed,1915
9133,7948800,43,1675,renamed,1684
9134,7948800,51,1851,renamed,1867
9135,7948800,50,1854,renamed,1870
9136,7948800,52,1838,renamed,1852
9137,7948800,7,1769,renamed,1779
9138,7958400,21,1792,renamed,1771
9139,7958400,53,1823,renamed,1836
9140,7960000,48,1792,renamed,1803
9141,7960000,32,1806,renamed,1785
9142,7960000,51,1837,renamed,1851
9143,7960000,50,1871,renamed,1854
9144,7960000,49,1910,renamed,1895
9145,7960000,52,1855,renamed,1838
9146,7960000,53,1839,renamed,1823
9147,7960000,44,1700,renamed,1678
9148,7960000,22,1664,renamed,1674
9149,7968000,31,1811,renamed,1795
9150,7968000,43,1665,renamed,1675
9151,7968000,51,1851,renamed,1837
9152,7968000,52,1837,renamed,1855
9153,7968000,54,1817,stored,
9154,7968000,6,1863,renamed,1881
9155,7968000,53,1824,renamed,1839
9156,7968000,19,1763,renamed,1743
9157,7968000,50,1885,renamed,1871
9158,7968000,49,1891,renamed,1910
9159,7968000,48,1809,renamed,1792
9160,7968000,54,1802,renamed,1817
9161,7968000,47,1730,renamed,1709
9162,7968000,46,1682,renamed,1692
9163,7977600,33,1849,renamed,1866
9164,7977600,20,1747,renamed,1759
9165,7980000,31,1828,renamed,1811
9166,7980000,52,1852,renamed,1837
9167,7980000,53,1839,renamed,1824
9168,7980000,8,1799,renamed,1815
9169,7980000,28,1657,renamed,1666
9170,7980000,54,1819,renamed,1802
9171,7980000,51,1865,renamed,1851
9172,7980000,19,1780,renamed,1763
9173,7987200,50,1896,renamed,1885
9174,7987200,53,1821,renamed,1839
9175,7987200,6,1845,renamed,1863
9176,7987200,52,1835,renamed,1852
9177,7987200,22,1655,renamed,1664
9178,7987200,36,1722,renamed,1701
9179,7987200,54,1834,renamed,1819
9180,7987200,40,1779,renamed,1762
9181,7987200,51,1877,renamed,1865
9182,7987200,53,1834,renamed,1821
9183,7987200,50,1875,renamed,1896
9184,7987200,3,1593,renamed,1569
9185,7996800,17,1758,renamed,1774
9186,7996800,52,1847,renamed,1835
9187,8000000,53,1846,renamed,1834
9188,8000000,41,1602,renamed,1612
9189,8000000,54,1846,renamed,1834
9190,8000000,34,1699,renamed,1681
9191,8000000,13,1679,renamed,1661
9192,8000000,22,1642,renamed,1655
9193,8000000,53,1856,renamed,1846
9194,8000000,51,1885,renamed,1877
9195,8000000,50,1852,renamed,1875
9196,8000000,52,1857,renamed,1847
9197,8006400,49,1899,renamed,1891
9198,8006400,54,1825,renamed,1846
9199,8006400,53,1866,renamed,1856
9200,8006400,2,1703,renamed,1718
9201,8006400,26,1547,renamed,1555
9202,8006400,35,1569,renamed,1546
9203,8006400,47,1714,renamed,1730
9204,8006400,18,1745,renamed,1762
9205,8006400,53,1846,renamed,1866
9206,8006400,6,1857,renamed,1845
9207,8016000,54,1837,renamed,1825
9208,8016000,46,1700,renamed,1682
9209,8016000,48,1790,renamed,1809
9210,8016000,23,1655,renamed,1635
9211,8016000,52,1867,renamed,1857
9212,8016000,24,1451,renamed,1457
9213,8020000,32,1818,renamed,1806
9214,8020000,53,1856,renamed,1846
9215,8020000,39,1678,renamed,1693
9216,8020000,30,1658,renamed,1671
9217,8020000,54,1848,renamed,1837
9218,8025600,33,1859,renamed,1849
9219,8025600,42,1720,renamed,1705
9220,8025600,28,1643,renamed,1657
9221,8025600,52,1876,renamed,1867
9222,8025600,51,1893,renamed,1885
9223,8025600,49,1906,renamed,1899
9224,8025600,34,1713,renamed,1699
9225,8025600,53,1864,renamed,1856
9226,8025600,50,1860,renamed,1852
9227,8025600,48,1769,renamed,1790
9228,8025600,54,1856,renamed,1848
9229,8035200,52,1852,renamed,1876
9230,8035200,49,1882,renamed,1906
9231,8035200,13,1665,renamed,1679
9232,8035200,53,1874,renamed,1864
9233,8040000,51,1901,renamed,1893
9234,8040000,50,1838,renamed,1860
9235,8040000,10,1653,renamed,1665
9236,8040000,54,1867,renamed,1856
9237,8040000,23,1643,renamed,1655
9238,8040000,52,1832,renamed,1852
9239,8044800,19,1764,renamed,1780
9240,8044800,35,1562,renamed,1569
9241,8044800,51,1881,renamed,1901
9242,8044800,50,1852,renamed,1838
9243,8044800,52,1815,renamed,1832
9244,8044800,54,1880,renamed,1867
9245,8044800,53,1856,renamed,1874
9246,8044800,49,1895,renamed,1882
9247,8044800,48,1786,renamed,1769
9248,8044800,12,1785,renamed,1769
9249,8044800,31,1841,renamed,1828
9250,8054400,15,1691,renamed,1672
9251,8054400,51,1860,renamed,1881
9252,8054400,39,1666,renamed,1678
9253,8054400,54,1891,renamed,1880
9254,8054400,1,1397,renamed,1368
9255,8054400,53,1835,renamed,1856
9256,8054400,52,1828,renamed,1815
9257,8060000,50,1832,renamed,1852
9258,8060000,40,1794,renamed,1779
9259,8064000,34,1730,renamed,1713
9260,8064000,21,1805,renamed,1792
9261,8064000,20,1730,renamed,1747
9262,8064000,6,1867,renamed,1857
9263,8064000,39,1684,renamed,1666
9264,8064000,2,1688,renamed,1703
9265,8064000,51,1870,renamed,1860
9266,8064000,5,1706,renamed,1722
9267,8064000,32,1829,renamed,1818
9268,8064000,53,1815,renamed,1835
9269,8064000,43,1653,renamed,1665
9270,8064000,1,1393,renamed,1397
9271,8064000,12,1768,renamed,1785
9272,8064000,30,1678,renamed,1658
9273,8073600,54,1870,renamed,1891
9274,8073600,9,1720,renamed,1734
9275,8073600,17,1744,renamed,1758
9276,8073600,36,1741,renamed,1722
9277,8073600,52,1841,renamed,1828
9278,8073600,27,1688,renamed,1700
9279,8073600,54,1851,renamed,1870
9280,8073600,44,1720,renamed,1700
9281,8073600,53,1829,renamed,1815
9282,8080000,50,1814,renamed,1832
9283,8080000,49,1906,renamed,1895
9284,8080000,29,1805,renamed,1822
9285,8080000,51,1882,renamed,1870
9286,8083200,25,1465,renamed,1470
9287,8083200,11,1763,renamed,1746
9288,8083200,52,1853,renamed,1841
9289,8083200,6,1877,renamed,1867
9290,8083200,54,1862,renamed,1851
9291,8083200,41,1592,renamed,1602
9292,8083200,26,1570,renamed,1547
9293,8083200,7,1782,renamed,1769
9294,8083200,53,1808,renamed,1829
9295,8083200,51,1860,renamed,1882
9296,8083200,36,1726,renamed,1741
9297,8092800,52,1864,renamed,1853
9298,8092800,51,1840,renamed,1860
9299,8092800,11,1748,renamed,1763
9300,8092800,12,1784,renamed,1768
9301,8092800,54,1873,renamed,1862
9302,8092800,50,1827,renamed,1814
9303,8092800,1,1389,renamed,1393
9304,8092800,53,1821,renamed,1808
9305,8092800,41,1583,renamed,1592
9306,8100000,33,1870,renamed,1859
9307,8100000,52,1843,renamed,1864
9308,8102400,12,1768,renamed,1784
9309,8102400,51,1822,renamed,1840
9310,8102400,17,1761,renamed,1744
9311,8102400,53,1834,renamed,1821
9312,8102400,48,1770,renamed,1786
9313,8102400,54,1884,renamed,1873
9314,8102400,50,1809,renamed,1827
9315,8102400,49,1916,renamed,1906
9316,8102400,52,1855,renamed,1843
9317,8102400,14,1708,renamed,1722
9318,8102400,17,1746,renamed,1761
9319,8112000,53,1847,renamed,1834
9320,8112000,18,1731,renamed,1745
9321,8112000,5,1694,renamed,1706
9322,8112000,51,1836,renamed,1822
9323,8112000,11,1734,renamed,1748
9324,8112000,54,1865,renamed,1884
9325,8112000,38,1628,renamed,1636
9326,8112000,53,1862,renamed,1847
9327,8112000,52,1838,renamed,1855
9328,8120000,50,1825,renamed,1809
9329,8120000,29,1821,renamed,1805
9330,8120000,14,1727,renamed,1708
9331,8120000,3,1616,renamed,1593
9332,8121600,52,1819,renamed,1838
9333,8121600,47,1701,renamed,1714
9334,8121600,51,1819,renamed,1836
9335,8121600,53,1844,renamed,1862
9336,8121600,7,1799,renamed,1782
9337,8121600,32,1813,renamed,1829
9338,8121600,54,1848,renamed,1865
9339,8121600,49,1898,renamed,1916
9340,8121600,50,1842,renamed,1825
9341,8121600,52,1805,renamed,1819
9342,8121600,53,1829,renamed,1844
9343,8131200,36,1748,renamed,1726
9344,8131200,41,1609,renamed,1583
9345,8131200,33,1883,renamed,1870
9346,8131200,50,1825,renamed,1842
9347,8131200,51,1804,renamed,1819
9348,8131200,53,1814,renamed,1829
9349,8131200,40,1782,renamed,1794
9350,8131200,54,1864,renamed,1848
9351,8140000,41,1634,renamed,1609
9352,8140800,49,1880,renamed,1898
9353,8140800,32,1830,renamed,1813
9354,8140800,52,1791,renamed,1805
9355,8140800,53,1831,renamed,1814
9356,8140800,50,1840,renamed,1825
9357,8140800,15,1711,renamed,1691
9358,8140800,54,1846,renamed,1864
9359,8140800,19,1751,renamed,1764
9360,8140800,4,1549,renamed,1554
9361,8150400,41,1657,renamed,1634
9362,8150400,52,1776,renamed,1791
9363,8150400,32,1845,renamed,1830
9364,8150400,49,1892,renamed,1880
9365,8150400,54,1828,renamed,1846
9366,8150400,2,1678,renamed,1688
9367,8150400,13,1687,renamed,1665
9368,8150400,15,1730,renamed,1711
9369,8150400,36,1734,renamed,1748
9370,8150400,53,1845,renamed,1831
9371,8150400,37,1736,renamed,1718
9372,8150400,42,1706,renamed,1720
9373,8150400,51,1787,renamed,1804
9374,8150400,45,1744,renamed,1758
9375,8160000,54,1812,renamed,1828
9376,8160000,52,1793,renamed,1776
9377,8160000,19,1769,renamed,1751
9378,8160000,50,1822,renamed,1840
9379,8160000,52,1778,renamed,1793
9380,8160000,5,1684,renamed,1694
9381,8160000,53,1860,renamed,1845
9382,8160000,40,1768,renamed,1782
9383,8160000,54,1798,renamed,1812
9384,8160000,41,1649,renamed,1657
9385,8160000,13,1709,renamed,1687
9386,8160000,50,1807,renamed,1822
9387,8160000,51,1805,renamed,1787
9388,8160000,52,1765,renamed,1778
9389,8160000,55,1840,stored,
9390,8160000,17,1765,renamed,1746
9391,8169600,53,1843,renamed,1860
9392,8169600,38,1621,renamed,1628
9393,8169600,14,1717,renamed,1727
9394,8169600,48,1789,renamed,1770
9395,8169600,12,1786,renamed,1768
9396,8169600,49,1873,renamed,1892
9397,8169600,54,1815,renamed,1798
9398,8169600,13,1729,renamed,1709
9399,8169600,46,1720,renamed,1700
9400,8169600,55,1853,renamed,1840
9401,8169600,22,1663,renamed,1642
9402,8179200,42,1692,renamed,1706
9403,8180000,53,1855,renamed,1843
9404,8180000,0,1317,renamed,1319
9405,8180000,54,1797,renamed,1815
9406,8180000,8,1782,renamed,1799
9407,8180000,52,1751,renamed,1765
9408,8180000,12,1771,renamed,1786
9409,8180000,49,1886,renamed,1873
9410,8180000,55,1835,renamed,1853
9411,8188800,48,1775,renamed,1789
9412,8188800,3,1609,renamed,1616
9413,8188800,52,1740,renamed,1751
9414,8188800,54,1815,renamed,1797
9415,8188800,42,1713,renamed,1692
9416,8188800,51,1790,renamed,1805
9417,8188800,53,1869,renamed,1855
9418,8188800,18,1719,renamed,1731
9419,8188800,49,1868,renamed,1886
9420,8188800,48,1763,renamed,1775
9421,8188800,8,1801,renamed,1782
9422,8188800,52,1729,renamed,1740
9423,8198400,55,1820,renamed,1835
9424,8200000,50,1794,renamed,1807
9425,8200000,54,1833,renamed,1815
9426,8200000,49,1852,renamed,1868
9427,8200000,53,1885,renamed,1869
9428,8200000,33,1867,renamed,1883
9429,8200000,51,1778,renamed,1790
9430,8200000,0,1316,renamed,1317
9431,8200000,26,1597,renamed,1570
9432,8200000,54,1819,renamed,1833
9433,8200000,55,1838,renamed,1820
9434,8200000,48,1782,renamed,1763
9435,8208000,32,1829,renamed,1845
9436,8208000,53,1868,renamed,1885
9437,8208000,40,1757,renamed,1768
9438,8208000,52,1720,renamed,1729
9439,8208000,7,1818,renamed,1799
9440,8208000,54,1806,renamed,1819
9441,8208000,38,1647,renamed,1621
9442,8208000,55,1824,renamed,1838
9443,8208000,35,1558,renamed,1562
9444,8208000,53,1853,renamed,1868
9445,8217600,54,1795,renamed,1806
9446,8217600,51,1799,renamed,1778
9447,8217600,33,1853,renamed,1867
9448,8217600,52,1743,renamed,1720
9449,8220000,4,1576,renamed,1549
9450,8220000,9,1710,renamed,1720
9451,8220000,46,1710,renamed,1720
9452,8220000,55,1841,renamed,1824
9453,8220000,31,1857,renamed,1841
9454,8220000,6,1860,renamed,1877
9455,8220000,10,1676,renamed,1653
9456,8220000,8,1817,renamed,1801
9457,8227200,54,1780,renamed,1795
9458,8227200,12,1789,renamed,1771
9459,8227200,53,1866,renamed,1853
9460,8227200,55,1854,renamed,1841
9461,8227200,54,1765,renamed,1780
9462,8227200,19,1785,renamed,1769
9463,8227200,51,1813,renamed,1799
9464,8227200,52,1759,renamed,1743
9465,8227200,37,1752,renamed,1736
9466,8227200,21,1786,renamed,1805
9467,8227200,55,1834,renamed,1854
9468,8227200,23,1664,renamed,1643
9469,8236800,50,1777,renamed,1794
9470,8236800,43,1673,renamed,1653
9471,8236800,4,1568,renamed,1576
9472,8236800,54,1780,renamed,1765
9473,8236800,53,1876,renamed,1866
9474,8236800,52,1742,renamed,1759
9475,8240000,37,1736,renamed,1752
9476,8240000,42,1700,renamed,1713
9477,8240000,38,1637,renamed,1647
9478,8240000,51,1827,renamed,1813
9479,8240000,55,1816,renamed,1834
9480,8240000,54,1796,renamed,1780
9481,8240000,53,1887,renamed,1876
9482,8246400,24,1478,renamed,1451
9483,8246400,41,1637,renamed,1649
9484,8246400,51,1808,renamed,1827
9485,8246400,50,1792,renamed,1777
9486,8246400,54,1779,renamed,1796
9487,8246400,15,1747,renamed,1730
9488,8246400,55,1828,renamed,1816
9489,8246400,52,1757,renamed,1742
9490,8246400,53,1865,renamed,1887
9491,8246400,50,1775,renamed,1792
9492,8246400,18,1706,renamed,1719
9493,8256000,49,1833,renamed,1852
9494,8256000,55,1811,renamed,1828
9495,8256000,56,1814,stored,
9496,8256000,52,1775,renamed,1757
9497,8256000,51,1792,renamed,1808
9498,8256000,54,1765,renamed,1779
9499,8256000,10,1698,renamed,1676
9500,8260000,50,1792,renamed,1775
9501,8260000,29,1835,renamed,1821
9502,8260000,49,1846,renamed,1833
9503,8260000,53,1845,renamed,1865
9504,8260000,55,1794,renamed,1811
9505,8260000,23,1654,renamed,1664
9506,8260000,56,1798,renamed,1814
9507,8265600,31,1840,renamed,1857
9508,8265600,32,1845,renamed,1829
9509,8265600,55,1811,renamed,1794
9510,8265600,54,1752,renamed,1765
9511,8265600,14,1706,renamed,1717
9512,8265600,37,1755,renamed,1736
9513,8265600,23,1676,renamed,1654
9514,8265600,53,1827,renamed,1845
9515,8265600,8,1832,renamed,1817
9516,8265600,55,1825,renamed,1811
9517,8265600,56,1782,renamed,1798
9518,8275200,52,1761,renamed,1775
9519,8275200,54,1770,renamed,1752
9520,8275200,51,1807,renamed,1792
9521,8275200,50,1807,renamed,1792
9522,8280000,53,1809,renamed,1827
9523,8280000,55,1838,renamed,1825
9524,8280000,7,1831,renamed,1818
9525,8280000,56,1796,renamed,1782
9526,8280000,43,1691,renamed,1673
9527,8280000,33,1863,renamed,1853
9528,8284800,36,1748,renamed,1734
9529,8284800,56,1776,renamed,1796
9530,8284800,42,1716,renamed,1700
9531,8284800,44,1704,renamed,1720
9532,8284800,52,1744,renamed,1761
9533,8284800,55,1818,renamed,1838
9534,8284800,12,1772,renamed,1789
9535,8284800,53,1792,renamed,1809
9536,8284800,54,1756,renamed,1770
9537,8284800,51,1792,renamed,1807
9538,8284800,50,1823,renamed,1807
9539,8284800,56,1762,renamed,1776
9540,8294400,52,1762,renamed,1744
9541,8294400,46,1699,renamed,1710
9542,8294400,16,1535,renamed,1508
9543,8294400,2,1698,renamed,1678
9544,8294400,46,1686,renamed,1699
9545,8294400,55,1801,renamed,1818
9546,8294400,51,1777,renamed,1792
9547,8300000,44,1724,renamed,1704
9548,8300000,38,1628,renamed,1637
9549,8300000,56,1779,renamed,1762
9550,8300000,54,1742,renamed,1756
9551,8300000,53,1777,renamed,1792
9552,8304000,10,1687,renamed,1698
9553,8304000,55,1787,renamed,1801
9554,8304000,52,1781,renamed,1762
9555,8304000,50,1808,renamed,1823
9556,8304000,56,1766,renamed,1779
9557,8304000,33,1847,renamed,1863
9558,8304000,53,1796,renamed,1777
9559,8304000,51,1765,renamed,1777
9560,8304000,54,1762,renamed,1742
9561,8304000,52,1768,renamed,1781
9562,8304000,16,1531,renamed,1535
9563,8304000,51,1754,renamed,1765
9564,8313600,55,1775,renamed,1787
9565,8313600,21,1775,renamed,1786
9566,8313600,53,1815,renamed,1796
9567,8313600,50,1795,renamed,1808
9568,8313600,43,1683,renamed,1691
9569,8313600,56,1756,renamed,1766
9570,8320000,17,1755,renamed,1765
9571,8320000,15,1769,renamed,1747
9572,8320000,54,1752,renamed,1762
9573,8320000,3,1604,renamed,1609
9574,8320000,55,1765,renamed,1775
9575,8320000,52,1759,renamed,1768
9576,8320000,53,1835,renamed,1815
9577,8323200,56,1778,renamed,1756
9578,8323200,19,1804,renamed,1785
9579,8323200,36,1737,renamed,1748
9580,8323200,43,1675,renamed,1683
9581,8323200,54,1773,renamed,1752
9582,8323200,47,1692,renamed,1701
9583,8323200,29,1852,renamed,1835
9584,8323200,1,1387,renamed,1389
9585,8323200,55,1784,renamed,1765
9586,8323200,26,1622,renamed,1597
9587,8323200,53,1818,renamed,1835
9588,8332800,54,1790,renamed,1773
9589,8332800,56,1794,renamed,1778
9590,8332800,51,1771,renamed,1754
9591,8332800,0,1345,renamed,1316
9592,8332800,32,1825,renamed,1845
9593,8332800,41,1627,renamed,1637
9594,8332800,56,1778,renamed,1794
9595,8332800,52,1745,renamed,1759
9596,8332800,57,1803,stored,
9597,8332800,55,1770,renamed,1784
9598,8332800,22,1685,renamed,1663
9599,8332800,37,1742,renamed,1755
9600,8340000,54,1776,renamed,1790
9601,8340000,8,1847,renamed,1832
9602,8340000,12,1758,renamed,1772
9603,8342400,36,1725,renamed,1737
9604,8342400,40,1776,renamed,1757
9605,8342400,56,1795,renamed,1778
9606,8342400,46,1706,renamed,1686
9607,8342400,57,1787,renamed,1803
9608,8342400,11,1721,renamed,1734
9609,8342400,30,1699,renamed,1678
9610,8342400,54,1761,renamed,1776
9611,8342400,53,1833,renamed,1818
9612,8342400,55,1755,renamed,1770
9613,8352000,7,1814,renamed,1831
9614,8352000,1,1416,renamed,1387
9615,8352000,6,1842,renamed,1860
9616,8352000,56,1780,renamed,1795
9617,8352000,57,1773,renamed,1787
9618,8352000,16,1526,renamed,1531
9619,8352000,29,1867,renamed,1852
9620,8352000,54,1749,renamed,1761
9621,8352000,39,1706,renamed,1684
9622,8352000,10,1677,renamed,1687
9623,8352000,56,1767,renamed,1780
9624,8352000,48,1800,renamed,1782
9625,8360000,57,1790,renamed,1773
9626,8360000,53,1816,renamed,1833
9627,8361600,36,1714,renamed,1725
9628,8361600,12,1777,renamed,1758
9629,8361600,54,1737,renamed,1749
9630,8361600,26,1646,renamed,1622
9631,8361600,55,1742,renamed,1755
9632,8361600,37,1730,renamed,1742
9633,8361600,16,1553,renamed,1526
9634,8361600,56,1753,renamed,1767
9635,8361600,57,1806,renamed,1790
9636,8361600,11,1709,renamed,1721
9637,8361600,28,1635,renamed,1643
9638,8361600,56,1741,renamed,1753
9639,8361600,53,1801,renamed,1816
9640,8371200,54,1757,renamed,1737
9641,8371200,26,1638,renamed,1646
9642,8371200,55,1731,renamed,1742
9643,8371200,54,1746,renamed,1757
9644,8371200,57,1824,renamed,1806
9645,8371200,36,1704,renamed,1714
9646,8371200,51,1759,renamed,1771
9647,8371200,56,1731,renamed,1741
9648,8371200,31,1826,renamed,1840
9649,8371200,40,1765,renamed,1776
9650,8371200,52,1767,renamed,1745
9651,8380000,56,1722,renamed,1731
9652,8380800,57,1811,renamed,1824
9653,8380800,54,1737,renamed,1746
9654,8380800,53,1790,renamed,1801
9655,8380800,13,1721,renamed,1729
9656,8380800,49,1834,renamed,1846
9657,8380800,55,1724,renamed,1731
9658,8380800,17,1778,renamed,1755
9659,8380800,56,1715,renamed,1722
9660,8380800,5,1678,renamed,1684
9661,8380800,4,1565,renamed,1568
9662,8380800,55,1717,renamed,1724
9663,8380800,57,1801,renamed,1811
9664,8380800,54,1730,renamed,1737
9665,8380800,27,1714,renamed,1688
9666,8380800,10,1702,renamed,1677
9667,8380800,7,1803,renamed,1814
9668,8390400,41,1653,renamed,1627
9669,8390400,56,1707,renamed,1715
9670,8390400,57,1821,renamed,1801
9671,8390400,55,1708,renamed,1717
9672,8390400,53,1810,renamed,1790
9673,8390400,30,1722,renamed,1699
9674,8390400,52,1755,renamed,1767
9675,8390400,10,1724,renamed,1702
9676,8390400,54,1719,renamed,1730
9677,8390400,56,1698,renamed,1707
9678,8390400,8,1832,renamed,1847
9679,8390400,22,1677,renamed,1685
9680,8390400,57,1808,renamed,1821
9681,8390400,52,1746,renamed,1755
9682,8400000,55,1731,renamed,1708
9683,8400000,53,1828,renamed,1810
9684,8400000,29,1882,renamed,1867
9685,8400000,6,1857,renamed,1842
9686,8400000,32,1810,renamed,1825
9687,8400000,7,1790,renamed,1803
9688,8400000,57,1795,renamed,1808
9689,8400000,55,1722,renamed,1731
9690,8400000,27,1736,renamed,1714
9691,8400000,23,1699,renamed,1676
9692,8400000,31,1811,renamed,1826
9693,8400000,57,1782,renamed,1795
9694,8409600,56,1689,renamed,1698
9695,8409600,2,1721,renamed,1698
9696,8409600,26,1631,renamed,1638
9697,8409600,58,1858,stored,
9698,8409600,54,1740,renamed,1719
9699,8409600,21,1762,renamed,1775
9700,8409600,55,1743,renamed,1722
9701,8409600,57,1799,renamed,1782
9702,8409600,53,1842,renamed,1828
9703,8409600,56,1709,renamed,1689
9704,8409600,28,1656,renamed,1635
9705,8419200,54,1756,renamed,1740
9706,8419200,55,1727,renamed,1743
9707,8420000,9,1697,renamed,1710
9708,8420000,39,1693,renamed,1706
9709,8420000,38,1619,renamed,1628
9710,8420000,58,1870,renamed,1858
9711,8420000,57,1813,renamed,1799
9712,8420000,43,1663,renamed,1675
9713,8420000,33,1859,renamed,1847
9714,8420000,55,1744,renamed,1727
9715,8420000,49,1845,renamed,1834
9716,8420000,56,1695,renamed,1709
9717,8420000,3,1625,renamed,1604
9718,8420000,58,1849,renamed,1870
9719,8420000,20,1746,renamed,1730
9720,8428800,56,1681,renamed,1695
9721,8428800,8,1813,renamed,1832
9722,8428800,57,1826,renamed,1813
9723,8428800,52,1761,renamed,1746
9724,8428800,35,1550,renamed,1558
9725,8428800,54,1771,renamed,1756
9726,8428800,58,1859,renamed,1849
9727,8428800,55,1728,renamed,1744
9728,8428800,56,1699,renamed,1681
9729,8438400,48,1812,renamed,1800
9730,8438400,9,1682,renamed,1697
9731,8440000,53,1852,renamed,1842
9732,8440000,17,1760,renamed,1778
9733,8440000,57,1837,renamed,1826
9734,8440000,16,1544,renamed,1553
9735,8440000,54,1754,renamed,1771
9736,8440000,6,1837,renamed,1857
9737,8440000,52,1776,renamed,1761
9738,8440000,2,1707,renamed,1721
9739,8440000,50,1809,renamed,1795
9740,8440000,58,1839,renamed,1859
9741,8448000,22,1666,renamed,1677
9742,8448000,55,1715,renamed,1728
9743,8448000,7,1775,renamed,1790
9744,8448000,57,1851,renamed,1837
9745,8448000,56,1688,renamed,1699
9746,8448000,20,1764,renamed,1746
9747,8448000,39,1682,renamed,1693
9748,8448000,55,1703,renamed,1715
9749,8448000,54,1772,renamed,1754
9750,8448000,24,1505,renamed,1478
9751,8448000,6,1819,renamed,1837
9752,8457600,58,1821,renamed,1839
9753,8457600,27,1724,renamed,1736
9754,8457600,56,1709,renamed,1688
9755,8457600,30,1740,renamed,1722
9756,8460000,40,1750,renamed,1765
9757,8460000,57,1833,renamed,1851
9758,8460000,11,1729,renamed,1709
9759,8460000,23,1718,renamed,1699
9760,8460000,13,1738,renamed,1721
9761,8460000,58,1803,renamed,1821
9762,8460000,55,1691,renamed,1703
9763,8460000,56,1697,renamed,1709
9764,8460000,54,1758,renamed,1772
9765,8460000,7,1761,renamed,1775
9766,8467200,9,1673,renamed,1682
9767,8467200,53,1836,renamed,1852
9768,8467200,57,1819,renamed,1833
9769,8467200,51,1748,renamed,1759
9770,8467200,58,1822,renamed,1803
9771,8467200,27,1714,renamed,1724
9772,8467200,50,1796,renamed,1809
9773,8467200,21,1782,renamed,1762
9774,8467200,56,1688,renamed,1697
9775,8467200,43,1687,renamed,1663
9776,8467200,57,1805,renamed,1819
9777,8476800,6,1806,renamed,1819
9778,8476800,58,1809,renamed,1822
9779,8476800,55,1683,renamed,1691
9780,8476800,54,1779,renamed,1758
9781,8480000,57,1793,renamed,1805
9782,8480000,53,1823,renamed,1836
9783,8480000,29,1898,renamed,1882
9784,8480000,3,1650,renamed,1625
9785,8480000,58,1826,renamed,1809
9786,8480000,56,1679,renamed,1688
9787,8480000,55,1674,renamed,1683
9788,8480000,15,1788,renamed,1769
9789,8486400,50,1783,renamed,1796
9790,8486400,54,1767,renamed,1779
9791,8486400,8,1831,renamed,1813
9792,8486400,57,1811,renamed,1793
9793,8486400,56,1670,renamed,1679
9794,8486400,27,1704,renamed,1714
9795,8486400,58,1842,renamed,1826
9796,8486400,7,1749,renamed,1761
9797,8486400,57,1797,renamed,1811
9798,8486400,59,1857,stored,
9799,8486400,55,1666,renamed,1674
9800,8486400,3,1674,renamed,1650
9801,8486400,34,1719,renamed,1730
9802,8486400,56,1662,renamed,1670
9803,8486400,54,1786,renamed,1767
9804,8496000,58,1857,renamed,1842
9805,8496000,57,1813,renamed,1797
9806,8496000,45,1731,renamed,1744
9807,8496000,6,1791,renamed,1806
9808,8496000,53,1808,renamed,1823
9809,8500000,36,1726,renamed,1704
9810,8500000,59,1840,renamed,1857
9811,8500000,3,1666,renamed,1674
9812,8500000,30,1730,renamed,1740
9813,8500000,57,1800,renamed,1813
9814,8500000,58,1873,renamed,1857
9815,8500000,53,1826,renamed,1808
9816,8505600,15,1775,renamed,1788
9817,8505600,11,1719,renamed,1729
9818,8505600,41,1646,renamed,1653
9819,8505600,6,1779,renamed,1791
9820,8505600,59,1827,renamed,1840
9821,8505600,48,1831,renamed,1812
9822,8505600,57,1788,renamed,1800
9823,8505600,36,1717,renamed,1726
9824,8505600,8,1819,renamed,1831
9825,8505600,56,1656,renamed,1662
9826,8505600,15,1796,renamed,1775
9827,8505600,58,1859,renamed,1873
9828,8515200,54,1807,renamed,1786
9829,8515200,39,1706,renamed,1682
9830,8515200,59,1844,renamed,1827
9831,8520000,57,1806,renamed,1788
9832,8520000,55,1688,renamed,1666
9833,8520000,54,1792,renamed,1807
9834,8520000,58,1842,renamed,1859
9835,8520000,48,1816,renamed,1831
9836,8520000,56,1649,renamed,1656
9837,8524800,22,1689,renamed,1666
9838,8524800,57,1823,renamed,1806
9839,8524800,59,1828,renamed,1844
9840,8524800,19,1790,renamed,1804
9841,8524800,55,1679,renamed,1688
9842,8524800,27,1726,renamed,1704
9843,8524800,53,1842,renamed,1826
9844,8524800,58,1856,renamed,1842
9845,8524800,57,1838,renamed,1823
9846,8524800,56,1640,renamed,1649
9847,8524800,59,1842,renamed,1828
9848,8524800,55,1668,renamed,1679
9849,8534400,20,1750,renamed,1764
9850,8534400,58,1839,renamed,1856
9851,8534400,54,1778,renamed,1792
9852,8534400,7,1768,renamed,1749
9853,8534400,59,1857,renamed,1842
9854,8534400,23,1737,renamed,1718
9855,8540000,43,1707,renamed,1687
9856,8540000,29,1908,renamed,1898
9857,8540000,57,1819,renamed,1838
9858,8540000,56,1630,renamed,1640
9859,8544000,47,1711,renamed,1692
9860,8544000,58,1821,renamed,1839
9861,8544000,6,1764,renamed,1779
9862,8544000,32,1794,renamed,1810
9863,8544000,47,1700,renamed,1711
9864,8544000,27,1746,renamed,1726
9865,8544000,59,1870,renamed,1857
9866,8544000,57,1803,renamed,1819
9867,8544000,7,1755,renamed,1768
9868,8544000,58,1837,renamed,1821
9869,8544000,36,1706,renamed,1717
9870,8544000,19,1807,renamed,1790
9871,8553600,37,1749,renamed,1730
9872,8553600,58,1819,renamed,1837
9873,8553600,30,1748,renamed,1730
9874,8553600,12,1762,renamed,1777
9875,8553600,59,1882,renamed,1870
9876,8553600,52,1761,renamed,1776
9877,8553600,56,1622,renamed,1630
9878,8553600,57,1788,renamed,1803
9879,8560000,54,1765,renamed,1778
9880,8560000,31,1797,renamed,1811
9881,8560000,55,1660,renamed,1668
9882,8560000,59,1866,renamed,1882
9883,8560000,19,1825,renamed,1807
9884,8563200,58,1836,renamed,1819
9885,8563200,32,1781,renamed,1794
9886,8563200,21,1801,renamed,1782
9887,8563200,56,1615,renamed,1622
9888,8563200,15,1783,renamed,1796
9889,8563200,59,1850,renamed,1866
9890,8563200,54,1785,renamed,1765
9891,8563200,57,1776,renamed,1788
9892,8563200,17,1780,renamed,1760
9893,8563200,38,1643,renamed,1619
9894,8563200,3,1657,renamed,1666
9895,8572800,58,1820,renamed,1836
9896,8572800,18,1697,renamed,1706
9897,8572800,33,1874,renamed,1859
9898,8572800,24,1532,renamed,1505
9899,8572800,60,1812,stored,
9900,8572800,57,1762,renamed,1776
9901,8572800,59,1834,renamed,1850
9902,8572800,48,1802,renamed,1816
9903,8572800,58,1806,renamed,1820
9904,8572800,28,1680,renamed,1656
9905,8572800,55,1652,renamed,1660
9906,8572800,59,1850,renamed,1834
9907,8572800,43,1697,renamed,1707
9908,8580000,56,1640,renamed,1615
9909,8582400,60,1797,renamed,1812
9910,8582400,6,1752,renamed,1764
9911,8582400,57,1781,renamed,1762
9912,8582400,49,1829,renamed,1845
9913,8582400,59,1865,renamed,1850
9914,8582400,58,1792,renamed,1806
9915,8582400,55,1644,renamed,1652
9916,8582400,60,1784,renamed,1797
9917,8582400,54,1773,renamed,1785
9918,8582400,53,1828,renamed,1842
9919,8582400,56,1665,renamed,1640
9920,8592000,57,1769,renamed,1781
9921,8592000,58,1781,renamed,1792
9922,8592000,59,1881,renamed,1865
9923,8592000,33,1889,renamed,1874
9924,8592000,48,1820,renamed,1802
9925,8592000,55,1636,renamed,1644
9926,8592000,13,1727,renamed,1738
9927,8592000,3,1650,renamed,1657
9928,8592000,60,1803,renamed,1784
9929,8600000,45,1751,renamed,1731
9930,8600000,47,1721,renamed,1700
9931,8600000,59,1893,renamed,1881
9932,8601600,58,1797,renamed,1781
9933,8601600,57,1785,renamed,1769
9934,8601600,27,1731,renamed,1746
9935,8601600,29,1887,renamed,1908
9936,8601600,60,1818,renamed,1803
9937,8601600,59,1904,renamed,1893
9938,8601600,48,1833,renamed,1820
9939,8601600,3,1670,renamed,1650
9940,8601600,57,1768,renamed,1785
9941,8601600,0,1374,renamed,1345
9942,8601600,58,1779,renamed,1797
9943,8601600,56,1684,renamed,1665
9944,8611200,52,1744,renamed,1761
9945,8611200,60,1799,renamed,1818
9946,8611200,39,1693,renamed,1706
9947,8611200,45,1737,renamed,1751
9948,8611200,55,1627,renamed,1636
9949,8611200,49,1843,renamed,1829
9950,8611200,13,1714,renamed,1727
9951,8611200,60,1784,renamed,1799
9952,8611200,59,1885,renamed,1904
9953,8611200,7,1743,renamed,1755
9954,8620800,24,1559,renamed,1532
9955,8620800,20,1768,renamed,1750
9956,8620800,4,1559,renamed,1565
9957,8620800,60,1770,renamed,1784
9958,8620800,38,1666,renamed,1643
9959,8620800,32,1766,renamed,1781
9960,8620800,33,1901,renamed,1889
9961,8620800,58,1765,renamed,1779
9962,8620800,6,1739,renamed,1752
9963,8620800,42,1705,renamed,1716
9964,8620800,59,1868,renamed,1885
9965,8620800,58,1754,renamed,1765
9966,8630400,60,1759,renamed,1770
9967,8630400,17,1769,renamed,1780
9968,8630400,57,1758,renamed,1768
9969,8630400,27,1753,renamed,1731
9970,8630400,48,1820,renamed,1833
9971,8630400,56,1677,renamed,1684
9972,8630400,58,1745,renamed,1754
9973,8630400,59,1885,renamed,1868
9974,8630400,34,1711,renamed,1719
9975,8630400,57,1749,renamed,1758
9976,8630400,10,1716,renamed,1724
9977,8640000,15,1773,renamed,1783
9978,8640000,60,1751,renamed,1759
9979,8640000,59,1903,renamed,1885
9980,8640000,56,1702,renamed,1677
9981,8640000,21,1820,renamed,1801
9982,8640000,58,1735,renamed,1745
9983,8640000,37,1770,renamed,1749
9984,8640000,51,1738,renamed,1748
9985,8640000,57,1770,renamed,1749
9986,8640000,45,1727,renamed,1737
9987,8640000,55,1621,renamed,1627
9988,8640000,5,1670,renamed,1678
9989,8649600,58,1726,renamed,1735
9990,8649600,59,1918,renamed,1903
9991,8649600,60,1771,renamed,1751
9992,8649600,56,1724,renamed,1702
9993,8649600,8,1804,renamed,1819
9994,8649600,54,1791,renamed,1773
9995,8649600,57,1757,renamed,1770
9996,8649600,55,1645,renamed,1621
9997,8649600,29,1899,renamed,1887
9998,8649600,31,1812,renamed,1797
9999,8649600,32,1782,renamed,1766
10000,8649600,61,1767,stored,
10001,8649600,58,1743,renamed,1726
10002,8649600,6,1724,renamed,1739
10003,8660000,12,1747,renamed,1762
10004,8660000,58,1729,renamed,1743
10005,8660000,60,1787,renamed,1771
10006,8660000,33,1911,renamed,1901
10007,8660000,59,1927,renamed,1918
10008,8660000,9,1692,renamed,1673
10009,8660000,43,1684,renamed,1697
10010,8660000,61,1782,renamed,1767
10011,8660000,61,1765,renamed,1782
10012,8660000,13,1701,renamed,1714
10013,8660000,57,1742,renamed,1757
10014,8668800,52,1761,renamed,1744
10015,8668800,25,1460,renamed,1465
10016,8668800,60,1771,renamed,1787
10017,8668800,59,1937,renamed,1927
10018,8668800,61,1750,renamed,1765
10019,8668800,58,1747,renamed,1729
10020,8668800,22,1708,renamed,1689
10021,8668800,56,1710,renamed,1724
10022,8668800,7,1729,renamed,1743
10023,8668800,57,1759,renamed,1742
10024,8668800,55,1665,renamed,1645
10025,8668800,37,1784,renamed,1770
10026,8678400,59,1913,renamed,1937
10027,8680000,61,1735,renamed,1750
10028,8680000,36,1694,renamed,1706
10029,8680000,20,1784,renamed,1768
10030,8680000,43,1703,renamed,1684
10031,8680000,60,1755,renamed,1771
10032,8680000,39,1711,renamed,1693
10033,8680000,44,1710,renamed,1724
10034,8680000,30,1764,renamed,1748
10035,8680000,59,1921,renamed,1913
10036,8680000,61,1720,renamed,1735
10037,8688000,60,1770,renamed,1755
10038,8688000,56,1696,renamed,1710
10039,8688000,45,1713,renamed,1727
10040,8688000,11,1736,renamed,1719
10041,8688000,58,1762,renamed,1747
10042,8688000,57,1773,renamed,1759
10043,8688000,59,1928,renamed,1921
10044,8688000,14,1721,renamed,1706
10045,8688000,61,1704,renamed,1720
10046,8688000,21,1800,renamed,1820
10047,8688000,60,1753,renamed,1770
10048,8688000,42,1692,renamed,1705
10049,8697600,56,1714,renamed,1696
10050,8697600,59,1936,renamed,1928
10051,8697600,43,1689,renamed,1703
10052,8697600,61,1691,renamed,1704
10053,8700000,58,1777,renamed,1762
10054,8700000,22,1694,renamed,1708
10055,8700000,41,1636,renamed,1646
10056,8700000,14,1739,renamed,1721
10057,8700000,7,1715,renamed,1729
10058,8700000,10,1734,renamed,1716
10059,8700000,61,1709,renamed,1691
10060,8700000,35,1542,renamed,1550
10061,8700000,51,1723,renamed,1738
10062,8700000,17,1753,renamed,1769
10063,8700000,8,1787,renamed,1804
10064,8707200,6,1712,renamed,1724
10065,8707200,60,1740,renamed,1753
10066,8707200,61,1698,renamed,1709
10067,8707200,11,1725,renamed,1736
10068,8707200,20,1771,renamed,1784
10069,8707200,14,1729,renamed,1739
10070,8707200,46,1728,renamed,1706
10071,8707200,59,1917,renamed,1936
10072,8707200,53,1814,renamed,1828
10073,8707200,29,1883,renamed,1899
10074,8707200,31,1831,renamed,1812
10075,8716800,60,1761,renamed,1740
10076,8716800,58,1765,renamed,1777
10077,8716800,61,1720,renamed,1698
10078,8716800,59,1898,renamed,1917
10079,8720000,3,1693,renamed,1670
10080,8720000,13,1722,renamed,1701
10081,8720000,25,1456,renamed,1460
10082,8720000,11,1744,renamed,1725
10083,8720000,39,1699,renamed,1711
10084,8720000,47,1740,renamed,1721
10085,8720000,61,1708,renamed,1720
10086,8720000,19,1809,renamed,1825
10087,8726400,15,1760,renamed,1773
10088,8726400,60,1779,renamed,1761
10089,8726400,61,1697,renamed,1708
10090,8726400,12,1735,renamed,1747
10091,8726400,28,1671,renamed,1680
10092,8726400,40,1769,renamed,1750
10093,8726400,59,1910,renamed,1898
10094,8726400,58,1752,renamed,1765
10095,8726400,56,1704,renamed,1714
10096,8726400,55,1657,renamed,1665
10097,8726400,57,1761,renamed,1773
10098,8726400,61,1688,renamed,1697
10099,8726400,60,1798,renamed,1779
10100,8726400,59,1892,renamed,1910
10101,8726400,62,1867,stored,
10102,8736000,21,1788,renamed,1800
10103,8740000,54,1780,renamed,1791
10104,8740000,58,1773,renamed,1752
10105,8740000,55,1681,renamed,1657
10106,8740000,37,1802,renamed,1784
10107,8740000,56,1725,renamed,1704
10108,8740000,61,1708,renamed,1688
10109,8740000,43,1678,renamed,1689
10110,8745600,62,1879,renamed,1867
10111,8745600,30,1780,renamed,1764
10112,8745600,18,1715,renamed,1697
10113,8745600,60,1811,renamed,1798
10114,8745600,59,1870,renamed,1892
10115,8745600,39,1686,renamed,1699
10116,8745600,58,1788,renamed,1773
10117,8745600,61,1725,renamed,1708
10118,8745600,3,1680,renamed,1693
10119,8755200,62,1858,renamed,1879
10120,8755200,10,1751,renamed,1734
10121,8755200,37,1785,renamed,1802
10122,8755200,20,1786,renamed,1771
10123,8755200,53,1796,renamed,1814
10124,8755200,60,1794,renamed,1811
10125,8760000,24,1584,renamed,1559
10126,8760000,29,1863,renamed,1883
10127,8760000,61,1743,renamed,1725
10128,8760000,62,1869,renamed,1858
10129,8760000,22,1681,renamed,1694
10130,8760000,59,1881,renamed,1870
10131,8764800,47,1726,renamed,1740
10132,8764800,58,1772,renamed,1788
10133,8764800,56,1713,renamed,1725
10134,8764800,60,1779,renamed,1794
10135,8764800,55,1671,renamed,1681
10136,8764800,20,1773,renamed,1786
10137,8764800,57,1749,renamed,1761
10138,8764800,59,1895,renamed,1881
10139,8764800,62,1883,renamed,1869
10140,8764800,61,1762,renamed,1743
10141,8764800,1,1413,renamed,1416
10142,8764800,23,1755,renamed,1737
10143,8764800,60,1764,renamed,1779
10144,8774400,48,1804,renamed,1820
10145,8774400,35,1568,renamed,1542
10146,8774400,21,1773,renamed,1788
10147,8774400,33,1922,renamed,1911
10148,8774400,10,1768,renamed,1751
10149,8780000,62,1863,renamed,1883
10150,8780000,4,1584,renamed,1559
10151,8780000,47,1713,renamed,1726
10152,8780000,48,1788,renamed,1804
10153,8780000,43,1668,renamed,1678
10154,8780000,20,1760,renamed,1773
10155,8780000,61,1750,renamed,1762
10156,8780000,60,1752,renamed,1764
10157,8784000,34,1702,renamed,1711
10158,8784000,62,1848,renamed,1863
10159,8784000,23,1745,renamed,1755
10160,8784000,59,1880,renamed,1895
10161,8784000,52,1752,renamed,1761
10162,8784000,61,1772,renamed,1750
10163,8784000,48,1808,renamed,1788
10164,8784000,60,1742,renamed,1752
10165,8784000,59,1865,renamed,1880
10166,8784000,31,1819,renamed,1831
10167,8784000,37,1775,renamed,1785
10168,8784000,62,1836,renamed,1848
10169,8784000,58,1763,renamed,1772
10170,8784000,10,1760,renamed,1768
10171,8793600,22,1707,renamed,1681
10172,8793600,60,1734,renamed,1742
10173,8793600,61,1763,renamed,1772
10174,8793600,15,1752,renamed,1760
10175,8793600,59,1853,renamed,1865
10176,8800000,62,1857,renamed,1836
10177,8800000,39,1680,renamed,1686
10178,8800000,60,1727,renamed,1734
10179,8800000,58,1755,renamed,1763
10180,8800000,32,1805,renamed,1782
10181,8803200,57,1772,renamed,1749
10182,8803200,61,1754,renamed,1763
10183,8803200,59,1841,renamed,1853
10184,8803200,58,1747,renamed,1755
10185,8803200,27,1745,renamed,1753
10186,8803200,34,1727,renamed,1702
10187,8803200,62,1845,renamed,1857
10188,8803200,60,1720,renamed,1727
10189,8803200,33,1908,renamed,1922
10190,8812800,49,1833,renamed,1843
10191,8812800,50,1806,renamed,1783
10192,8812800,59,1830,renamed,1841
10193,8812800,61,1778,renamed,1754
10194,8812800,60,1744,renamed,1720
10195,8812800,35,1564,renamed,1568
10196,8812800,58,1739,renamed,1747
10197,8812800,57,1763,renamed,1772
10198,8812800,62,1834,renamed,1845
10199,8812800,14,1722,renamed,1729
10200,8812800,6,1706,renamed,1712
10201,8820000,46,1722,renamed,1728
10202,8820000,63,1965,stored,
10203,8822400,59,1851,renamed,1830
10204,8822400,28,1697,renamed,1671
10205,8822400,13,1745,renamed,1722
10206,8822400,22,1730,renamed,1707
10207,8822400,61,1797,renamed,1778
10208,8822400,63,1945,renamed,1965
10209,8822400,60,1765,renamed,1744
10210,8822400,62,1819,renamed,1834
10211,8822400,48,1795,renamed,1808
10212,8822400,11,1734,renamed,1744
10213,8822400,58,1761,renamed,1739
10214,8822400,43,1660,renamed,1668
10215,8832000,59,1837,renamed,1851
10216,8832000,63,1927,renamed,1945
10217,8832000,61,1786,renamed,1797
10218,8832000,60,1756,renamed,1765
10219,8832000,62,1808,renamed,1819
10220,8832000,57,1755,renamed,1763
10221,8832000,56,1738,renamed,1713
10222,8832000,58,1752,renamed,1761
10223,8832000,59,1826,renamed,1837
10224,8832000,28,1722,renamed,1697
10225,8832000,34,1719,renamed,1727
10226,8840000,63,1912,renamed,1927
10227,8840000,31,1840,renamed,1819
10228,8841600,49,1852,renamed,1833
10229,8841600,20,1750,renamed,1760
10230,8841600,62,1797,renamed,1808
10231,8841600,61,1776,renamed,1786
10232,8841600,39,1674,renamed,1680
10233,8841600,63,1928,renamed,1912
10234,8841600,30,1801,renamed,1780
10235,8841600,48,1784,renamed,1795
10236,8841600,50,1826,renamed,1806
10237,8841600,60,1777,renamed,1756
10238,8841600,56,1728,renamed,1738
10239,8841600,41,1630,renamed,1636
10240,8851200,63,1911,renamed,1928
10241,8851200,20,1772,renamed,1750
10242,8851200,61,1765,renamed,1776
10243,8851200,47,1736,renamed,1713
10244,8851200,45,1704,renamed,1713
10245,8851200,53,1784,renamed,1796
10246,8851200,17,1743,renamed,1753
10247,8851200,62,1786,renamed,1797
10248,8851200,63,1926,renamed,1911
10249,8851200,59,1844,renamed,1826
10250,8851200,60,1766,renamed,1777
10251,8860000,2,1699,renamed,1707
10252,8860000,61,1786,renamed,1765
10253,8860000,58,1742,renamed,1752
10254,8860800,63,1939,renamed,1926
10255,8860800,60,1755,renamed,1766
10256,8860800,59,1830,renamed,1844
10257,8860800,62,1775,renamed,1786
10258,8860800,57,1777,renamed,1755
10259,8860800,29,1879,renamed,1863
10260,8860800,61,1805,renamed,1786
10261,8860800,19,1826,renamed,1809
10262,8860800,60,1743,renamed,1755
10263,8860800,63,1920,renamed,1939
10264,8870400,31,1856,renamed,1840
10265,8870400,62,1793,renamed,1775
10266,8870400,5,1661,renamed,1670
10267,8870400,49,1836,renamed,1852
10268,8870400,3,1672,renamed,1680
10269,8870400,20,1761,renamed,1772
10270,8870400,61,1823,renamed,1805
10271,8870400,34,1740,renamed,1719
10272,8870400,63,1932,renamed,1920
10273,8870400,26,1623,renamed,1631
10274,8870400,56,1717,renamed,1728
10275,8870400,54,1767,renamed,1780
10276,8870400,43,1652,renamed,1660
10277,8880000,62,1811,renamed,1793
10278,8880000,59,1815,renamed,1830
10279,8880000,60,1763,renamed,1743
10280,8880000,61,1839,renamed,1823
10281,8880000,58,1730,renamed,1742
10282,8880000,59,1800,renamed,1815
10283,8880000,63,1913,renamed,1932
10284,8880000,6,1697,renamed,1706
10285,8880000,57,1766,renamed,1777
10286,8880000,38,1690,renamed,1666
10287,8880000,62,1798,renamed,1811
10288,8889600,61,1856,renamed,1839
10289,8889600,63,1895,renamed,1913
10290,8889600,60,1783,renamed,1763
10291,8889600,20,1750,renamed,1761
10292,8889600,59,1818,renamed,1800
10293,8889600,58,1720,renamed,1730
10294,8889600,28,1743,renamed,1722
10295,8889600,61,1870,renamed,1856
10296,8889600,7,1704,renamed,1715
10297,8889600,62,1784,renamed,1798
10298,8889600,31,1871,renamed,1856
10299,8889600,51,1712,renamed,1723
10300,8889600,63,1908,renamed,1895
10301,8899200,11,1723,renamed,1734
10302,8900000,60,1770,renamed,1783
10303,8900000,64,1854,stored,
10304,8900000,52,1741,renamed,1752
10305,8900000,60,1759,renamed,1770
10306,8900000,59,1836,renamed,1818
10307,8900000,63,1891,renamed,1908
10308,8900000,61,1855,renamed,1870
10309,8900000,39,1698,renamed,1674
10310,8900000,58,1742,renamed,1720
10311,8900000,33,1890,renamed,1908
10312,8900000,62,1803,renamed,1784
10313,8908800,29,1862,renamed,1879
10314,8908800,28,1763,renamed,1743
10315,8908800,32,1822,renamed,1805
10316,8908800,19,1841,renamed,1826
10317,8908800,64,1867,renamed,1854
10318,8908800,61,1837,renamed,1855
10319,8908800,60,1746,renamed,1759
10320,8908800,8,1804,renamed,1787
10321,8908800,10,1747,renamed,1760
10322,8908800,63,1873,renamed,1891
10323,8908800,62,1820,renamed,1803
10324,8908800,7,1694,renamed,1704
10325,8918400,59,1821,renamed,1836
10326,8918400,60,1735,renamed,1746
10327,8920000,61,1823,renamed,1837
10328,8920000,36,1717,renamed,1694
10329,8920000,11,1744,renamed,1723
10330,8920000,41,1653,renamed,1630
10331,8920000,64,1849,renamed,1867
10332,8920000,63,1856,renamed,1873
10333,8920000,58,1731,renamed,1742
10334,8920000,59,1838,renamed,1821
10335,8920000,37,1793,renamed,1775
10336,8928000,58,1719,renamed,1731
10337,8928000,60,1754,renamed,1735
10338,8928000,61,1838,renamed,1823
10339,8928000,62,1834,renamed,1820
10340,8928000,63,1868,renamed,1856
10341,8928000,59,1850,renamed,1838
10342,8928000,64,1830,renamed,1849
10343,8928000,29,1843,renamed,1862
10344,8928000,61,1821,renamed,1838
10345,8937600,32,1806,renamed,1822
10346,8937600,47,1725,renamed,1736
10347,8937600,58,1709,renamed,1719
10348,8937600,57,1785,renamed,1766
10349,8940000,3,1663,renamed,1672
10350,8940000,11,1763,renamed,1744
10351,8940000,18,1704,renamed,1715
10352,8940000,64,1845,renamed,1830
10353,8940000,5,1652,renamed,1661
10354,8940000,60,1742,renamed,1754
10355,8940000,62,1849,renamed,1834
10356,8940000,54,1754,renamed,1767
10357,8940000,63,1851,renamed,1868
10358,8940000,61,1838,renamed,1821
10359,8940000,59,1834,renamed,1850
10360,8947200,46,1712,renamed,1722
10361,8947200,18,1695,renamed,1704
10362,8947200,64,1831,renamed,1845
10363,8947200,54,1744,renamed,1754
10364,8947200,19,1859,renamed,1841
10365,8947200,7,1686,renamed,1694
10366,8947200,62,1835,renamed,1849
10367,8947200,26,1649,renamed,1623
10368,8947200,63,1867,renamed,1851
10369,8947200,54,1733,renamed,1744
10370,8947200,32,1824,renamed,1806
10371,8947200,16,1571,renamed,1544
10372,8947200,9,1682,renamed,1692
10373,8947200,61,1853,renamed,1838
10374,8956800,3,1654,renamed,1663
10375,8956800,64,1846,renamed,1831
10376,8956800,53,1800,renamed,1784
10377,8960000,6,1686,renamed,1697
10378,8960000,48,1770,renamed,1784
10379,8960000,52,1729,renamed,1741
10380,8960000,63,1850,renamed,1867
10381,8960000,64,1861,renamed,1846
10382,8960000,59,1819,renamed,1834
10383,8960000,15,1741,renamed,1752
10384,8960000,60,1762,renamed,1742
10385,8966400,56,1707,renamed,1717
10386,8966400,20,1770,renamed,1750
10387,8966400,62,1850,renamed,1835
10388,8966400,36,1736,renamed,1717
10389,8966400,24,1608,renamed,1584
10390,8966400,64,1842,renamed,1861
10391,8966400,44,1698,renamed,1710
10392,8966400,54,1721,renamed,1733
10393,8966400,31,1884,renamed,1871
10394,8966400,8,1819,renamed,1804
10395,8976000,52,1747,renamed,1729
10396,8976000,18,1683,renamed,1695
10397,8976000,64,1824,renamed,1842
10398,8976000,63,1832,renamed,1850
10399,8976000,62,1833,renamed,1850
10400,8976000,60,1780,renamed,1762
10401,8976000,61,1836,renamed,1853
10402,8976000,51,1702,renamed,1712
10403,8980000,62,1849,renamed,1833
10404,8980000,65,1826,stored,
10405,8980000,59,1804,renamed,1819
10406,8980000,29,1858,renamed,1843
10407,8980000,63,1847,renamed,1832
10408,8980000,64,1839,renamed,1824
10409,8980000,57,1801,renamed,1785
10410,8985600,32,1807,renamed,1824
10411,8985600,62,1831,renamed,1849
10412,8985600,26,1671,renamed,1649
10413,8985600,61,1819,renamed,1836
10414,8985600,63,1861,renamed,1847
10415,8985600,7,1675,renamed,1686
10416,8985600,65,1810,renamed,1826
10417,8985600,65,1826,renamed,1810
10418,8985600,60,1796,renamed,1780
10419,8985600,49,1819,renamed,1836
10420,8985600,41,1675,renamed,1653
10421,8985600,64,1852,renamed,1839
10422,8985600,31,1864,renamed,1884
10423,8985600,4,1577,renamed,1584
10424,8995200,51,1691,renamed,1702
10425,8995200,63,1844,renamed,1861
10426,8995200,18,1705,renamed,1683
10427,9000000,61,1803,renamed,1819
10428,9000000,27,1764,renamed,1745
10429,9000000,64,1865,renamed,1852
10430,9000000,54,1709,renamed,1721
10431,9000000,58,1698,renamed,1709
10432,9000000,65,1810,renamed,1826
10433,9000000,7,1666,renamed,1675
10434,9000000,63,1859,renamed,1844
10435,9000000,62,1815,renamed,1831
10436,9004800,64,1849,renamed,1865
10437,9004800,40,1758,renamed,1769
10438,9004800,65,1797,renamed,1810
10439,9004800,61,1791,renamed,1803
10440,9004800,49,1807,renamed,1819
10441,9004800,63,1876,renamed,1859
10442,9004800,31,1850,renamed,1864
10443,9004800,16,1598,renamed,1571
10444,9004800,62,1833,renamed,1815
10445,9004800,64,1834,renamed,1849
10446,9014400,63,1891,renamed,1876
10447,9014400,65,1784,renamed,1797
10448,9014400,61,1810,renamed,1791
10449,9014400,62,1819,renamed,1833
10450,9014400,34,1761,renamed,1740
10451,9014400,60,1783,renamed,1796
10452,9014400,59,1822,renamed,1804
10453,9020000,36,1756,renamed,1736
10454,9020000,62,1804,renamed,1819
10455,9020000,64,1819,renamed,1834
10456,9020000,65,1802,renamed,1784
10457,9020000,13,1733,renamed,1745
10458,9020000,63,1874,renamed,1891
10459,9024000,29,1843,renamed,1858
10460,9024000,9,1674,renamed,1682
10461,9024000,61,1829,renamed,1810
10462,9024000,47,1716,renamed,1725
10463,9024000,55,1664,renamed,1671
10464,9024000,17,1734,renamed,1743
10465,9024000,3,1648,renamed,1654
10466,9024000,30,1790,renamed,1801
10467,9024000,11,1754,renamed,1763
10468,9024000,13,1725,renamed,1733
10469,9024000,65,1792,renamed,1802
10470,9033600,19,1847,renamed,1859
10471,9033600,28,1755,renamed,1763
10472,9033600,31,1839,renamed,1850
10473,9033600,12,1729,renamed,1735
10474,9033600,63,1863,renamed,1874
10475,9033600,64,1811,renamed,1819
10476,9033600,9,1670,renamed,1674
10477,9033600,62,1827,renamed,1804
10478,9040000,47,1741,renamed,1716
10479,9040000,65,1814,renamed,1792
10480,9040000,32,1828,renamed,1807
10481,9040000,3,1673,renamed,1648
10482,9040000,64,1829,renamed,1811
10483,9040000,61,1815,renamed,1829
10484,9040000,29,1860,renamed,1843
10485,9043200,59,1839,renamed,1822
10486,9043200,65,1830,renamed,1814
10487,9043200,63,1846,renamed,1863
10488,9043200,62,1812,renamed,1827
10489,9043200,60,1771,renamed,1783
10490,9043200,64,1816,renamed,1829
10491,9043200,26,1664,renamed,1671
10492,9043200,61,1803,renamed,1815
10493,9043200,59,1827,renamed,1839
10494,9043200,62,1801,renamed,1812
10495,9052800,63,1834,renamed,1846
10496,9052800,60,1763,renamed,1771
10497,9052800,65,1850,renamed,1830
10498,9052800,34,1752,renamed,1761
10499,9052800,24,1635,renamed,1608
10500,9052800,64,1805,renamed,1816
10501,9052800,19,1865,renamed,1847
10502,9052800,12,1751,renamed,1729
10503,9052800,43,1645,renamed,1652
10504,9060000,37,1812,renamed,1793
10505,9060000,66,1864,stored,
10506,9062400,65,1835,renamed,1850
10507,9062400,63,1821,renamed,1834
10508,9062400,64,1794,renamed,1805
10509,9062400,35,1560,renamed,1564
10510,9062400,5,1646,renamed,1652
10511,9062400,27,1786,renamed,1764
10512,9062400,46,1704,renamed,1712
10513,9062400,23,1736,renamed,1745
10514,9062400,65,1854,renamed,1835
10515,9062400,42,1715,renamed,1692
10516,9062400,62,1819,renamed,1801
10517,9062400,66,1848,renamed,1864
10518,9062400,64,1812,renamed,1794
10519,9072000,59,1813,renamed,1827
10520,9072000,33,1873,renamed,1890
10521,9072000,63,1808,renamed,1821
10522,9072000,55,1657,renamed,1664
10523,9072000,65,1871,renamed,1854
10524,9072000,20,1790,renamed,1770
10525,9072000,66,1833,renamed,1848
10526,9072000,32,1815,renamed,1828
10527,9072000,62,1807,renamed,1819
10528,9080000,64,1831,renamed,1812
10529,9081600,10,1768,renamed,1747
10530,9081600,8,1805,renamed,1819
10531,9081600,65,1886,renamed,1871
10532,9081600,66,1849,renamed,1833
10533,9081600,22,1719,renamed,1730
10534,9081600,64,1817,renamed,1831
10535,9081600,63,1795,renamed,1808
10536,9081600,13,1716,renamed,1725
10537,9081600,66,1835,renamed,1849
10538,9081600,31,1857,renamed,1839
10539,9081600,52,1737,renamed,1747
10540,9081600,65,1871,renamed,1886
10541,9091200,40,1780,renamed,1758
10542,9091200,64,1805,renamed,1817
10543,9091200,17,1725,renamed,1734
10544,9091200,22,1711,renamed,1719
10545,9091200,63,1816,renamed,1795
10546,9091200,32,1803,renamed,1815
10547,9091200,2,1692,renamed,1699
10548,9091200,65,1888,renamed,1871
10549,9100000,66,1853,renamed,1835
10550,9100000,62,1825,renamed,1807
10551,9100000,63,1803,renamed,1816
10552,9100800,11,1744,renamed,1754
10553,9100800,64,1824,renamed,1805
10554,9100800,38,1713,renamed,1690
10555,9100800,22,1701,renamed,1711
10556,9100800,29,1875,renamed,1860
10557,9100800,48,1788,renamed,1770
10558,9100800,46,1693,renamed,1704
10559,9100800,30,1807,renamed,1790
10560,9100800,66,1866,renamed,1853
10561,9100800,34,1739,renamed,1752
10562,9100800,42,1704,renamed,1715
10563,9110400,51,1712,renamed,1691
10564,9110400,65,1900,renamed,1888
10565,9110400,64,1838,renamed,1824
10566,9110400,40,1764,renamed,1780
10567,9110400,25,1452,renamed,1456
10568,9110400,59,1797,renamed,1813
10569,9110400,63,1788,renamed,1803
10570,9110400,66,1849,renamed,1866
10571,9110400,62,1811,renamed,1825
10572,9110400,56,1698,renamed,1707
10573,9110400,65,1914,renamed,1900
10574,9120000,27,1774,renamed,1786
10575,9120000,9,1662,renamed,1670
10576,9120000,36,1776,renamed,1756
10577,9120000,64,1854,renamed,1838
10578,9120000,63,1775,renamed,1788
10579,9120000,18,1696,renamed,1705
10580,9120000,40,1753,renamed,1764
10581,9120000,65,1927,renamed,1914
10582,9120000,64,1839,renamed,1854
10583,9120000,62,1798,renamed,1811
10584,9120000,66,1866,renamed,1849
10585,9120000,61,1791,renamed,1803
10586,9120000,33,1889,renamed,1873
10587,9120000,19,1850,renamed,1865
10588,9129600,20,1779,renamed,1790
10589,9129600,56,1721,renamed,1698
10590,9129600,27,1763,renamed,1774
10591,9129600,65,1940,renamed,1927
10592,9129600,66,1881,renamed,1866
10593,9129600,21,1792,renamed,1773
10594,9129600,49,1793,renamed,1807
10595,9129600,10,1787,renamed,1768
10596,9129600,64,1823,renamed,1839
10597,9129600,20,1797,renamed,1779
10598,9129600,62,1814,renamed,1798
10599,9129600,63,1761,renamed,1775
10600,9140000,26,1655,renamed,1664
10601,9140000,16,1623,renamed,1598
10602,9140000,64,1807,renamed,1823
10603,9140000,66,1894,renamed,1881
10604,9140000,65,1919,renamed,1940
10605,9140000,40,1741,renamed,1753
10606,9140000,67,1843,stored,
10607,9140000,62,1831,renamed,1814
10608,9140000,12,1739,renamed,1751
10609,9140000,43,1637,renamed,1645
10610,9140000,31,1872,renamed,1857
10611,9140000,5,1638,renamed,1646
10612,9148800,10,1805,renamed,1787
10613,9148800,16,1615,renamed,1623
10614,9148800,6,1677,renamed,1686
10615,9148800,66,1876,renamed,1894
10616,9148800,9,1654,renamed,1662
10617,9148800,65,1901,renamed,1919
10618,9148800,47,1732,renamed,1741
10619,9148800,57,1820,renamed,1801
10620,9148800,27,1752,renamed,1763
10621,9148800,13,1708,renamed,1716
10622,9148800,51,1735,renamed,1712
10623,9158400,14,1713,renamed,1722
10624,9158400,25,1450,renamed,1452
10625,9158400,55,1681,renamed,1657
10626,9160000,54,1731,renamed,1709
10627,9160000,67,1858,renamed,1843
10628,9160000,21,1808,renamed,1792
10629,9160000,66,1888,renamed,1876
10630,9160000,63,1747,renamed,1761
10631,9160000,56,1709,renamed,1721
10632,9160000,65,1882,renamed,1901
10633,9160000,24,1628,renamed,1635
10634,9160000,64,1824,renamed,1807
10635,9168000,43,1629,renamed,1637
10636,9168000,62,1816,renamed,1831
10637,9168000,67,1873,renamed,1858
10638,9168000,65,1895,renamed,1882
10639,9168000,53,1786,renamed,1800
10640,9168000,31,1855,renamed,1872
10641,9168000,66,1902,renamed,1888
10642,9168000,48,1775,renamed,1788
10643,9168000,64,1840,renamed,1824
10644,9168000,63,1766,renamed,1747
10645,9177600,60,1750,renamed,1763
10646,9177600,53,1773,renamed,1786
10647,9177600,67,1887,renamed,1873
10648,9177600,7,1657,renamed,1666
10649,9180000,56,1699,renamed,1709
10650,9180000,65,1908,renamed,1895
10651,9180000,16,1608,renamed,1615
10652,9180000,24,1652,renamed,1628
10653,9180000,66,1883,renamed,1902
10654,9180000,64,1825,renamed,1840
10655,9180000,43,1622,renamed,1629
10656,9180000,65,1921,renamed,1908
10657,9180000,20,1784,renamed,1797
10658,9187200,67,1871,renamed,1887
10659,9187200,63,1755,renamed,1766
10660,9187200,65,1935,renamed,1921
10661,9187200,66,1867,renamed,1883
10662,9187200,62,1834,renamed,1816
10663,9187200,54,1721,renamed,1731
10664,9187200,53,1762,renamed,1773
10665,9187200,17,1747,renamed,1725
10666,9187200,64,1812,renamed,1825
10667,9187200,65,1917,renamed,1935
10668,9187200,67,1888,renamed,1871
10669,9187200,61,1780,renamed,1791
10670,9196800,66,1883,renamed,1867
10671,9196800,36,1765,renamed,1776
10672,9196800,46,1685,renamed,1693
10673,9196800,51,1757,renamed,1735
10674,9196800,49,1781,renamed,1793
10675,9200000,13,1700,renamed,1708
10676,9200000,33,1874,renamed,1889
10677,9200000,67,1904,renamed,1888
10678,9200000,62,1821,renamed,1834
10679,9200000,53,1783,renamed,1762
10680,9200000,65,1900,renamed,1917
10681,9200000,18,1689,renamed,1696
10682,9200000,66,1869,renamed,1883
10683,9206400,59,1787,renamed,1797
10684,9206400,63,1747,renamed,1755
10685,9206400,64,1802,renamed,1812
10686,9206400,67,1891,renamed,1904
10687,9206400,46,1711,renamed,1685
10688,9206400,28,1747,renamed,1755
10689,9206400,27,1744,renamed,1752
10690,9206400,8,1796,renamed,1805
10691,9206400,65,1918,renamed,1900
10692,9206400,66,1857,renamed,1869
10693,9216000,56,1693,renamed,1699
10694,9216000,52,1761,renamed,1737
10695,9216000,30,1828,renamed,1807
10696,9216000,64,1822,renamed,1802
10697,9220000,65,1932,renamed,1918
10698,9220000,55,1704,renamed,1681
10699,9220000,67,1874,renamed,1891
10700,9220000,3,1666,renamed,1673
10701,9220000,31,1841,renamed,1855
10702,9220000,49,1771,renamed,1781
10703,9225600,4,1573,renamed,1577
10704,9225600,66,1844,renamed,1857
10705,9225600,63,1770,renamed,1747
10706,9225600,21,1797,renamed,1808
10707,9225600,68,1913,stored,
10708,9225600,67,1860,renamed,1874
10709,9225600,64,1842,renamed,1822
10710,9225600,66,1831,renamed,1844
10711,9225600,37,1832,renamed,1812
10712,9225600,41,1699,renamed,1675
10713,9225600,8,1784,renamed,1796
10714,9225600,61,1769,renamed,1780
10715,9225600,65,1915,renamed,1932
10716,9225600,2,1716,renamed,1692
10717,9225600,68,1897,renamed,1913
10718,9235200,63,1791,renamed,1770
10719,9235200,65,1898,renamed,1915
10720,9235200,56,1717,renamed,1693
10721,9235200,67,1876,renamed,1860
10722,9235200,21,1815,renamed,1797
10723,9235200,1,1411,renamed,1413
10724,9235200,8,1771,renamed,1784
10725,9240000,66,1847,renamed,1831
10726,9240000,68,1910,renamed,1897
10727,9240000,62,1837,renamed,1821
10728,9240000,64,1856,renamed,1842
10729,9244800,65,1878,renamed,1898
10730,9244800,67,1889,renamed,1876
10731,9244800,61,1755,renamed,1769
10732,9244800,63,1807,renamed,1791
10733,9244800,26,1646,renamed,1655
10734,9244800,68,1890,renamed,1910
10735,9244800,39,1688,renamed,1698
10736,9244800,23,1756,renamed,1736
10737,9244800,66,1831,renamed,1847
10738,9244800,65,1892,renamed,1878
10739,9254400,68,1902,renamed,1890
10740,9254400,67,1870,renamed,1889
10741,9254400,20,1801,renamed,1784
10742,9254400,59,1803,renamed,1787
10743,9254400,57,1834,renamed,1820
10744,9254400,66,1814,renamed,1831
10745,9254400,60,1767,renamed,1750
10746,9254400,37,1845,renamed,1832
10747,9260000,9,1643,renamed,1654
10748,9260000,68,1881,renamed,1902
10749,9260000,56,1705,renamed,1717
10750,9260000,44,1718,renamed,1698
10751,9260000,18,1678,renamed,1689
10752,9264000,67,1882,renamed,1870
10753,9264000,66,1828,renamed,1814
10754,9264000,65,1872,renamed,1892
10755,9264000,31,1854,renamed,1841
10756,9264000,68,1892,renamed,1881
10757,9264000,30,1841,renamed,1828
10758,9264000,58,1716,renamed,1698
10759,9264000,54,1706,renamed,1721
10760,9264000,7,1646,renamed,1657
10761,9264000,18,1697,renamed,1678
10762,9264000,67,1892,renamed,1882
10763,9273600,66,1839,renamed,1828
10764,9273600,65,1850,renamed,1872
10765,9273600,31,1865,renamed,1854
10766,9273600,35,1552,renamed,1560
10767,9273600,9,1632,renamed,1643
10768,9273600,1,1407,renamed,1411
10769,9273600,68,1871,renamed,1892
10770,9273600,52,1747,renamed,1761
10771,9280000,67,1903,renamed,1892
10772,9280000,64,1838,renamed,1856
10773,9280000,66,1822,renamed,1839
10774,9283200,67,1884,renamed,1903
10775,9283200,63,1793,renamed,1807
10776,9283200,68,1855,renamed,1871
10777,9283200,62,1823,renamed,1837
10778,9283200,65,1836,renamed,1850
10779,9283200,53,1773,renamed,1783
10780,9283200,32,1792,renamed,1803
10781,9283200,66,1842,renamed,1822
10782,9283200,52,1738,renamed,1747
10783,9283200,67,1900,renamed,1884
10784,9283200,68,1841,renamed,1855
10785,9283200,31,1852,renamed,1865
10786,9283200,65,1824,renamed,1836
10787,9283200,64,1827,renamed,1838
10788,9292800,41,1724,renamed,1699
10789,9292800,68,1829,renamed,1841
10790,9292800,66,1831,renamed,1842
10791,9292800,21,1836,renamed,1815
10792,9292800,18,1721,renamed,1697
10793,9292800,10,1794,renamed,1805
10794,9292800,48,1796,renamed,1775
10795,9292800,67,1915,renamed,1900
10796,9292800,65,1811,renamed,1824
10797,9300000,8,1761,renamed,1771
10798,9300000,44,1741,renamed,1718
10799,9302400,32,1780,renamed,1792
10800,9302400,68,1816,renamed,1829
10801,9302400,64,1815,renamed,1827
10802,9302400,51,1748,renamed,1757
10803,9302400,66,1850,renamed,1831
10804,9302400,16,1634,renamed,1608
10805,9302400,37,1831,renamed,1845
10806,9302400,19,1836,renamed,1850
10807,9302400,14,1736,renamed,1713
10808,9302400,69,1878,stored,
10809,9302400,67,1929,renamed,1915
10810,9302400,68,1803,renamed,1816
10811,9302400,49,1791,renamed,1771
10812,9312000,47,1722,renamed,1732
10813,9312000,61,1744,renamed,1755
10814,9312000,66,1867,renamed,1850
10815,9312000,63,1811,renamed,1793
10816,9312000,65,1797,renamed,1811
10817,9312000,11,1733,renamed,1744
10818,9312000,68,1821,renamed,1803
10819,9312000,69,1892,renamed,1878
10820,9312000,64,1801,renamed,1815
10821,9312000,51,1768,renamed,1748
10822,9312000,67,1940,renamed,1929
10823,9321600,62,1838,renamed,1823
10824,9321600,17,1765,renamed,1747
10825,9321600,28,1764,renamed,1747
10826,9321600,33,1854,renamed,1874
10827,9321600,68,1804,renamed,1821
10828,9321600,69,1904,renamed,1892
10829,9321600,63,1795,renamed,1811
10830,9321600,67,1950,renamed,1940
10831,9321600,35,1546,renamed,1552
10832,9321600,66,1880,renamed,1867
10833,9321600,13,1689,renamed,1700
10834,9321600,51,1785,renamed,1768
10835,9331200,68,1788,renamed,1804
10836,9331200,65,1782,renamed,1797
10837,9331200,67,1960,renamed,1950
10838,9331200,69,1915,renamed,1904
10839,9331200,28,1750,renamed,1764
10840,9331200,49,1777,renamed,1791
10841,9331200,62,1822,renamed,1838
10842,9331200,68,1806,renamed,1788
10843,9331200,66,1893,renamed,1880
10844,9340000,47,1711,renamed,1722
10845,9340800,67,1970,renamed,1960
10846,9340800,69,1895,renamed,1915
10847,9340800,43,1615,renamed,1622
10848,9340800,68,1823,renamed,1806
10849,9340800,33,1868,renamed,1854
10850,9340800,65,1768,renamed,1782
10851,9340800,66,1905,renamed,1893
10852,9340800,69,1907,renamed,1895
10853,9340800,67,1978,renamed,1970
10854,9340800,64,1816,renamed,1801
10855,9350400,9,1623,renamed,1632
10856,9350400,33,1880,renamed,1868
10857,9350400,39,1707,renamed,1688
10858,9350400,64,1829,renamed,1816
10859,9350400,68,1804,renamed,1823
10860,9350400,63,1809,renamed,1795
10861,9350400,69,1885,renamed,1907
10862,9350400,66,1915,renamed,1905
10863,9350400,67,1954,renamed,1978
10864,9350400,49,1762,renamed,1777
10865,9360000,65,1754,renamed,1768
10866,9360000,1,1436,renamed,1407
10867,9360000,64,1842,renamed,1829
10868,9360000,59,1786,renamed,1803
10869,9360000,68,1819,renamed,1804
10870,9360000,54,1694,renamed,1706
10871,9360000,69,1865,renamed,1885
10872,9360000,20,1816,renamed,1801
10873,9360000,41,1742,renamed,1724
10874,9360000,66,1924,renamed,1915
10875,9360000,69,1845,renamed,1865
10876,9360000,67,1932,renamed,1954
10877,9369600,68,1803,renamed,1819
10878,9369600,23,1774,renamed,1756
10879,9369600,65,1741,renamed,1754
10880,9369600,64,1826,renamed,1842
10881,9369600,15,1760,renamed,1741
10882,9369600,10,1780,renamed,1794
10883,9369600,67,1943,renamed,1932
10884,9369600,22,1721,renamed,1701
10885,9369600,68,1818,renamed,1803
10886,9369600,69,1827,renamed,1845
10887,9379200,66,1934,renamed,1924
10888,9380000,69,1810,renamed,1827
10889,9380000,65,1759,renamed,1741
10890,9380000,64,1809,renamed,1826
10891,9380000,48,1812,renamed,1796
10892,9380000,67,1921,renamed,1943
10893,9380000,68,1802,renamed,1818
10894,9380000,23,1792,renamed,1774
10895,9380000,66,1913,renamed,1934
10896,9380000,20,1832,renamed,1816
10897,9380000,16,1626,renamed,1634
10898,9380000,39,1727,renamed,1707
10899,9380000,48,1796,renamed,1812
10900,9388800,68,1818,renamed,1802
10901,9388800,33,1861,renamed,1880
10902,9388800,69,1795,renamed,1810
10903,9388800,66,1894,renamed,1913
10904,9388800,67,1903,renamed,1921
10905,9388800,32,1799,renamed,1780
10906,9388800,65,1748,renamed,1759
10907,9388800,64,1796,renamed,1809
10908,9388800,57,1821,renamed,1834
10909,9388800,59,1775,renamed,1786
10910,9398400,67,1888,renamed,1903
10911,9398400,68,1838,renamed,1818
10912,9400000,63,1828,renamed,1809
10913,9400000,69,1814,renamed,1795
10914,9400000,62,1808,renamed,1822
10915,9400000,33,1846,renamed,1861
10916,9400000,52,1729,renamed,1738
10917,9400000,68,1856,renamed,1838
10918,9400000,61,1734,renamed,1744
10919,9400000,60,1788,renamed,1767
10920,9400000,19,1822,renamed,1836
10921,9400000,69,1802,renamed,1814
10922,9408000,66,1879,renamed,1894
10923,9408000,67,1874,renamed,1888
10924,9408000,65,1771,renamed,1748
10925,9408000,68,1873,renamed,1856
10926,9408000,30,1858,renamed,1841
10927,9408000,39,1718,renamed,1727
10928,9408000,34,1729,renamed,1739
10929,9408000,42,1727,renamed,1704
10930,9408000,68,1857,renamed,1873
10931,9408000,67,1890,renamed,1874
10932,9408000,3,1658,renamed,1666
10933,9408000,69,1790,renamed,1802
10934,9417600,64,1784,renamed,1796
10935,9417600,70,1896,stored,
10936,9420000,32,1818,renamed,1799
10937,9420000,66,1864,renamed,1879
10938,9420000,67,1875,renamed,1890
10939,9420000,62,1828,renamed,1808
10940,9420000,68,1874,renamed,1857
10941,9420000,65,1791,renamed,1771
10942,9420000,7,1639,renamed,1646
10943,9420000,69,1778,renamed,1790
10944,9420000,70,1880,renamed,1896
10945,9420000,59,1764,renamed,1775
10946,9420000,57,1809,renamed,1821
10947,9427200,23,1812,renamed,1792
10948,9427200,38,1705,renamed,1713
10949,9427200,68,1890,renamed,1874
10950,9427200,67,1860,renamed,1875
10951,9427200,29,1861,renamed,1875
10952,9427200,70,1866,renamed,1880
10953,9427200,69,1769,renamed,1778
10954,9427200,66,1852,renamed,1864
10955,9427200,65,1782,renamed,1791
10956,9436800,48,1787,renamed,1796
10957,9436800,54,1720,renamed,1694
10958,9440000,70,1885,renamed,1866
10959,9440000,67,1878,renamed,1860
10960,9440000,68,1906,renamed,1890
10961,9440000,30,1874,renamed,1858
10962,9440000,12,1760,renamed,1739
10963,9440000,69,1757,renamed,1769
10964,9440000,68,1889,renamed,1906
10965,9440000,39,1709,renamed,1718
10966,9440000,66,1838,renamed,1852
10967,9446400,67,1864,renamed,1878
10968,9446400,70,1902,renamed,1885
10969,9446400,63,1846,renamed,1828
10970,9446400,66,1825,renamed,1838
10971,9446400,60,1777,renamed,1788
10972,9446400,19,1810,renamed,1822
10973,9446400,65,1772,renamed,1782
10974,9446400,69,1779,renamed,1757
10975,9446400,31,1839,renamed,1852
10976,9446400,70,1918,renamed,1902
10977,9446400,68,1905,renamed,1889
10978,9446400,8,1751,renamed,1761
10979,9456000,26,1640,renamed,1646
10980,9456000,20,1820,renamed,1832
10981,9456000,67,1851,renamed,1864
10982,9456000,66,1814,renamed,1825
10983,9456000,40,1733,renamed,1741
10984,9460000,29,1880,renamed,1861
10985,9460000,19,1830,renamed,1810
10986,9460000,52,1721,renamed,1729
10987,9460000,68,1890,renamed,1905
10988,9460000,10,1771,renamed,1780
10989,9460000,69,1770,renamed,1779
10990,9460000,67,1870,renamed,1851
10991,9465600,70,1903,renamed,1918
10992,9465600,52,1714,renamed,1721
10993,9465600,28,1743,renamed,1750
10994,9465600,14,1760,renamed,1736
10995,9465600,41,1734,renamed,1742
10996,9465600,16,1622,renamed,1626
10997,9465600,68,1877,renamed,1890
10998,9465600,7,1635,renamed,1639
10999,9465600,69,1793,renamed,1770
11000,9475200,70,1889,renamed,1903
11001,9475200,67,1858,renamed,1870
11002,9475200,66,1805,renamed,1814
11003,9475200,36,1758,renamed,1765
11004,9475200,46,1706,renamed,1711
11005,9475200,65,1765,renamed,1772
11006,9475200,9,1620,renamed,1623
11007,9480000,51,1809,renamed,1785
11008,9480000,8,1744,renamed,1751
11009,9480000,70,1908,renamed,1889
11010,9480000,19,1820,renamed,1830
11011,9484800,69,1785,renamed,1793
11012,9484800,67,1878,renamed,1858
11013,9484800,64,1807,renamed,1784
11014,9484800,68,1895,renamed,1877
11015,9484800,20,1839,renamed,1820
11016,9484800,65,1786,renamed,1765
11017,9484800,66,1823,renamed,1805
11018,9484800,69,1803,renamed,1785
11019,9484800,70,1920,renamed,1908
11020,9484800,66,1808,renamed,1823
11021,9484800,37,1816,renamed,1831
11022,9484800,30,1858,renamed,1874
11023,9484800,68,1879,renamed,1895
11024,9494400,67,1894,renamed,1878
11025,9494400,7,1660,renamed,1635
11026,9494400,69,1790,renamed,1803
11027,9494400,51,1796,renamed,1809
11028,9494400,17,1754,renamed,1765
11029,9494400,70,1903,renamed,1920
11030,9494400,66,1797,renamed,1808
11031,9500000,65,1776,renamed,1786
11032,9500000,64,1797,renamed,1807
11033,9500000,68,1897,renamed,1879
11034,9504000,59,1755,renamed,1764
11035,9504000,69,1811,renamed,1790
11036,9504000,71,1904,stored,
11037,9504000,50,1845,renamed,1826
11038,9504000,67,1909,renamed,1894
11039,9504000,70,1917,renamed,1903
11040,9504000,36,1747,renamed,1758
11041,9504000,9,1645,renamed,1620
11042,9504000,33,1861,renamed,1846
11043,9504000,25,1447,renamed,1450
11044,9504000,68,1909,renamed,1897
11045,9504000,53,1790,renamed,1773
11046,9513600,70,1897,renamed,1917
11047,9513600,69,1796,renamed,1811
11048,9513600,71,1886,renamed,1904
11049,9513600,66,1815,renamed,1797
11050,9513600,18,1711,renamed,1721
11051,9513600,32,1804,renamed,1818
11052,9513600,10,1790,renamed,1771
11053,9520000,2,1706,renamed,1716
11054,9520000,45,1726,renamed,1704
11055,9520000,71,1899,renamed,1886
11056,9520000,24,1674,renamed,1652
11057,9520000,70,1908,renamed,1897
11058,9523200,50,1858,renamed,1845
11059,9523200,69,1810,renamed,1796
11060,9523200,60,1791,renamed,1777
11061,9523200,68,1917,renamed,1909
11062,9523200,0,1402,renamed,1374
11063,9523200,67,1916,renamed,1909
11064,9523200,65,1757,renamed,1776
11065,9523200,71,1907,renamed,1899
11066,9523200,70,1884,renamed,1908
11067,9523200,64,1779,renamed,1797
11068,9532800,69,1823,renamed,1810
11069,9532800,66,1796,renamed,1815
11070,9532800,52,1701,renamed,1714
11071,9532800,68,1895,renamed,1917
11072,9532800,70,1865,renamed,1884
11073,9532800,49,1779,renamed,1762
11074,9532800,67,1895,renamed,1916
11075,9532800,66,1812,renamed,1796
11076,9540000,69,1837,renamed,1823
11077,9540000,13,1678,renamed,1689
11078,9540000,71,1887,renamed,1907
11079,9542400,39,1698,renamed,1709
11080,9542400,54,1709,renamed,1720
11081,9542400,60,1778,renamed,1791
11082,9542400,13,1670,renamed,1678
11083,9542400,8,1764,renamed,1744
11084,9542400,70,1849,renamed,1865
11085,9542400,68,1909,renamed,1895
11086,9542400,10,1777,renamed,1790
11087,9542400,55,1695,renamed,1704
11088,9542400,71,1901,renamed,1887
11089,9542400,69,1853,renamed,1837
11090,9542400,66,1798,renamed,1812
11091,9552000,70,1834,renamed,1849
11092,9552000,68,1892,renamed,1909
11093,9552000,12,1750,renamed,1760
11094,9552000,69,1839,renamed,1853
11095,9552000,67,1880,renamed,1895
11096,9552000,30,1876,renamed,1858
11097,9552000,71,1886,renamed,1901
11098,9560000,68,1878,renamed,1892
11099,9560000,60,1769,renamed,1778
11100,9561600,66,1789,renamed,1798
11101,9561600,69,1829,renamed,1839
11102,9561600,52,1726,renamed,1701
11103,9561600,68,1865,renamed,1878
11104,9561600,67,1898,renamed,1880
11105,9561600,70,1854,renamed,1834
11106,9561600,36,1738,renamed,1747
11107,9561600,71,1872,renamed,1886
11108,9561600,65,1749,renamed,1757
11109,9561600,63,1835,renamed,1846
11110,9561600,70,1843,renamed,1854
11111,9561600,66,1812,renamed,1789
11112,9561600,69,1819,renamed,1829
11113,9561600,13,1696,renamed,1670
11114,9571200,23,1832,renamed,1812
11115,9571200,68,1852,renamed,1865
11116,9571200,71,1889,renamed,1872
11117,9571200,70,1830,renamed,1843
11118,9571200,60,1760,renamed,1769
11119,9571200,69,1808,renamed,1819
11120,9571200,57,1799,renamed,1809
11121,9571200,14,1783,renamed,1760
11122,9571200,67,1914,renamed,1898
11123,9571200,41,1756,renamed,1734
11124,9571200,69,1827,renamed,1808
11125,9580000,19,1807,renamed,1820
11126,9580800,71,1873,renamed,1889
11127,9580800,70,1817,renamed,1830
11128,9580800,21,1824,renamed,1836
11129,9580800,29,1897,renamed,1880
11130,9580800,69,1815,renamed,1827
11131,9580800,67,1899,renamed,1914
11132,9580800,32,1825,renamed,1804
11133,9580800,71,1859,renamed,1873
11134,9580800,68,1870,renamed,1852
11135,9590400,46,1729,renamed,1706
11136,9590400,41,1746,renamed,1756
11137,9590400,72,1890,stored,
11138,9590400,14,1772,renamed,1783
11139,9590400,70,1836,renamed,1817
11140,9590400,69,1803,renamed,1815
11141,9590400,71,1876,renamed,1859
11142,9590400,31,1825,renamed,1839
11143,9590400,65,1770,renamed,1749
11144,9590400,63,1821,renamed,1835
11145,9590400,28,1734,renamed,1743
11146,9590400,72,1875,renamed,1890
11147,9600000,31,1844,renamed,1825
11148,9600000,70,1854,renamed,1836
11149,9600000,69,1791,renamed,1803
11150,9600000,71,1892,renamed,1876
11151,9600000,14,1761,renamed,1772
11152,9600000,59,1776,renamed,1755
11153,9600000,36,1758,renamed,1738
11154,9600000,68,1853,renamed,1870
11155,9600000,29,1910,renamed,1897
11156,9600000,71,1874,renamed,1892
11157,9600000,72,1859,renamed,1875
11158,9609600,50,1843,renamed,1858
11159,9609600,69,1811,renamed,1791
11160,9609600,70,1839,renamed,1854
11161,9609600,71,1890,renamed,1874
11162,9609600,67,1913,renamed,1899
11163,9609600,40,1723,renamed,1733
11164,9609600,69,1798,renamed,1811
11165,9609600,68,1839,renamed,1853
11166,9609600,72,1845,renamed,1859
11167,9609600,6,1701,renamed,1677
11168,9609600,58,1707,renamed,1716
11169,9619200,46,1720,renamed,1729
11170,9620000,71,1906,renamed,1890
11171,9620000,70,1856,renamed,1839
11172,9620000,19,1825,renamed,1807
11173,9620000,68,1824,renamed,1839
11174,9620000,72,1861,renamed,1845
11175,9620000,69,1785,renamed,1798
11176,9620000,51,1814,renamed,1796
11177,9620000,67,1895,renamed,1913
11178,9620000,20,1825,renamed,1839
11179,9628800,48,1775,renamed,1787
11180,9628800,24,1667,renamed,1674
11181,9628800,71,1890,renamed,1906
11182,9628800,72,1878,renamed,1861
11183,9628800,70,1842,renamed,1856
11184,9628800,69,1806,renamed,1785
11185,9628800,68,1842,renamed,1824
11186,9628800,65,1759,renamed,1770
11187,9628800,72,1893,renamed,1878
11188,9628800,67,1878,renamed,1895
11189,9638400,66,1800,renamed,1812
11190,9638400,39,1721,renamed,1698
11191,9638400,63,1808,renamed,1821
11192,9640000,61,1725,renamed,1734
11193,9640000,71,1875,renamed,1890
11194,9640000,40,1746,renamed,1723
11195,9640000,39,1712,renamed,1721
11196,9640000,57,1818,renamed,1799
11197,9640000,72,1877,renamed,1893
11198,9640000,69,1825,renamed,1806
11199,9640000,63,1795,renamed,1808
11200,9648000,70,1829,renamed,1842
11201,9648000,71,1861,renamed,1875
11202,9648000,68,1860,renamed,1842
11203,9648000,59,1766,renamed,1776
11204,9648000,67,1864,renamed,1878
11205,9648000,72,1864,renamed,1877
11206,9648000,10,1768,renamed,1777
11207,9648000,69,1815,renamed,1825
11208,9648000,36,1781,renamed,1758
11209,9648000,71,1849,renamed,1861
11210,9648000,70,1849,renamed,1829
11211,9657600,24,1692,renamed,1667
11212,9657600,69,1803,renamed,1815
11213,9657600,72,1881,renamed,1864
11214,9657600,17,1744,renamed,1754
11215,9657600,51,1802,renamed,1814
11216,9660000,60,1782,renamed,1760
11217,9660000,2,1698,renamed,1706
11218,9660000,53,1810,renamed,1790
11219,9660000,50,1829,renamed,1843
11220,9660000,71,1836,renamed,1849
11221,9660000,31,1831,renamed,1844
11222,9660000,72,1867,renamed,1881
11223,9667200,55,1720,renamed,1695
11224,9667200,70,1836,renamed,1849
11225,9667200,61,1717,renamed,1725
11226,9667200,60,1803,renamed,1782
11227,9667200,69,1823,renamed,1803
11228,9667200,71,1823,renamed,1836
11229,9667200,72,1884,renamed,1867
11230,9667200,67,1880,renamed,1864
11231,9667200,68,1845,renamed,1860
11232,9667200,15,1780,renamed,1760
11233,9676800,70,1822,renamed,1836
11234,9676800,66,1788,renamed,1800
11235,9676800,69,1841,renamed,1823
11236,9680000,29,1893,renamed,1910
11237,9680000,4,1600,renamed,1573
11238,9680000,73,1858,stored,
11239,9680000,72,1898,renamed,1884
11240,9680000,42,1747,renamed,1727
11241,9680000,50,1844,renamed,1829
11242,9680000,53,1825,renamed,1810
11243,9680000,71,1806,renamed,1823
11244,9680000,68,1859,renamed,1845
11245,9686400,21,1838,renamed,1824
11246,9686400,70,1805,renamed,1822
11247,9686400,69,1854,renamed,1841
11248,9686400,68,1840,renamed,1859
11249,9686400,72,1909,renamed,1898
11250,9686400,73,1840,renamed,1858
11251,9686400,63,1811,renamed,1795
11252,9686400,22,1739,renamed,1721
11253,9686400,71,1789,renamed,1806
11254,9696000,50,1826,renamed,1844
11255,9696000,72,1889,renamed,1909
11256,9696000,8,1752,renamed,1764
11257,9696000,73,1855,renamed,1840
11258,9696000,37,1801,renamed,1816
11259,9700000,70,1791,renamed,1805
11260,9700000,69,1839,renamed,1854
11261,9700000,43,1609,renamed,1615
11262,9700000,68,1857,renamed,1840
11263,9700000,71,1777,renamed,1789
11264,9705600,73,1871,renamed,1855
11265,9705600,72,1903,renamed,1889
11266,9705600,59,1785,renamed,1766
11267,9705600,70,1777,renamed,1791
11268,9705600,15,1767,renamed,1780
11269,9705600,69,1824,renamed,1839
11270,9705600,4,1594,renamed,1600
11271,9705600,68,1873,renamed,1857
11272,9705600,32,1842,renamed,1825
11273,9705600,71,1764,renamed,1777
11274,9705600,49,1767,renamed,1779
11275,9705600,72,1886,renamed,1903
11276,9705600,6,1724,renamed,1701
11277,9705600,73,1855,renamed,1871
11278,9715200,30,1861,renamed,1876
11279,9715200,33,1847,renamed,1861
11280,9715200,8,1743,renamed,1752
11281,9715200,54,1733,renamed,1709
11282,9715200,45,1748,renamed,1726
11283,9715200,48,1764,renamed,1775
11284,9720000,69,1842,renamed,1824
11285,9720000,30,1876,renamed,1861
11286,9720000,72,1899,renamed,1886
11287,9720000,71,1752,renamed,1764
11288,9720000,38,1695,renamed,1705
11289,9724800,68,1887,renamed,1873
11290,9724800,70,1795,renamed,1777
11291,9724800,73,1838,renamed,1855
11292,9724800,71,1771,renamed,1752
11293,9724800,69,1856,renamed,1842
11294,9724800,59,1770,renamed,1785
11295,9724800,68,1869,renamed,1887
11296,9724800,72,1912,renamed,1899
11297,9724800,61,1737,renamed,1717
11298,9724800,60,1788,renamed,1803
11299,9724800,73,1822,renamed,1838
11300,9724800,71,1789,renamed,1771
11301,9734400,70,1781,renamed,1795
11302,9734400,27,1763,renamed,1744
11303,9734400,69,1839,renamed,1856
11304,9740000,73,1838,renamed,1822
11305,9740000,72,1892,renamed,1912
11306,9740000,16,1615,renamed,1622
11307,9740000,47,1732,renamed,1711
11308,9740000,40,1734,renamed,1746
11309,9744000,29,1906,renamed,1893
11310,9744000,71,1775,renamed,1789
11311,9744000,63,1827,renamed,1811
11312,9744000,30,1858,renamed,1876
11313,9744000,3,1650,renamed,1658
11314,9744000,72,1905,renamed,1892
11315,9744000,73,1853,renamed,1838
11316,9744000,69,1853,renamed,1839
11317,9744000,10,1785,renamed,1768
11318,9744000,70,1796,renamed,1781
11319,9744000,68,1849,renamed,1869
11320,9753600,71,1760,renamed,1775
11321,9753600,72,1916,renamed,1905
11322,9753600,31,1845,renamed,1831
11323,9753600,73,1834,renamed,1853
11324,9753600,69,1835,renamed,1853
11325,9753600,63,1811,renamed,1827
11326,9753600,70,1813,renamed,1796
11327,9753600,30,1871,renamed,1858
11328,9753600,72,1926,renamed,1916
11329,9753600,71,1746,renamed,1760
11330,9760000,61,1725,renamed,1737
11331,9763200,32,1826,renamed,1842
11332,9763200,73,1849,renamed,1834
11333,9763200,28,1722,renamed,1734
11334,9763200,70,1798,renamed,1813
11335,9763200,9,1668,renamed,1645
11336,9763200,72,1906,renamed,1926
11337,9763200,69,1820,renamed,1835
11338,9763200,36,1800,renamed,1781
11339,9763200,23,1817,renamed,1832
11340,9763200,73,1834,renamed,1849
11341,9772800,71,1767,renamed,1746
11342,9772800,57,1835,renamed,1818
11343,9772800,27,1751,renamed,1763
11344,9772800,70,1785,renamed,1798
11345,9772800,74,1857,stored,
11346,9772800,69,1806,renamed,1820
11347,9772800,72,1920,renamed,1906
11348,9772800,71,1756,renamed,1767
11349,9772800,73,1820,renamed,1834
11350,9772800,39,1704,renamed,1712
11351,9780000,53,1813,renamed,1825
11352,9780000,37,1790,renamed,1801
11353,9780000,72,1935,renamed,1920
11354,9782400,31,1863,renamed,1845
11355,9782400,74,1873,renamed,1857
11356,9782400,59,1759,renamed,1770
11357,9782400,73,1807,renamed,1820
11358,9782400,49,1788,renamed,1767
11359,9782400,72,1947,renamed,1935
11360,9782400,2,1720,renamed,1698
11361,9782400,71,1744,renamed,1756
11362,9792000,73,1824,renamed,1807
11363,9792000,12,1738,renamed,1750
11364,9792000,70,1772,renamed,1785
11365,9792000,56,1696,renamed,1705
11366,9792000,74,1888,renamed,1873
11367,9792000,69,1793,renamed,1806
11368,9792000,72,1928,renamed,1947
11369,9792000,68,1835,renamed,1849
11370,9792000,64,1799,renamed,1779
11371,9792000,73,1811,renamed,1824
11372,9792000,74,1873,renamed,1888
11373,9792000,17,1735,renamed,1744
11374,9792000,55,1712,renamed,1720
11375,9792000,71,1767,renamed,1744
11376,9801600,10,1805,renamed,1785
11377,9801600,11,1724,renamed,1733
11378,9801600,72,1941,renamed,1928
11379,9801600,39,1726,renamed,1704
11380,9801600,56,1718,renamed,1696
11381,9801600,74,1886,renamed,1873
11382,9801600,46,1739,renamed,1720
11383,9801600,61,1713,renamed,1725
11384,9801600,71,1784,renamed,1767
11385,9801600,73,1795,renamed,1811
11386,9801600,15,1784,renamed,1767
11387,9811200,72,1950,renamed,1941
11388,9811200,37,1774,renamed,1790
11389,9811200,74,1897,renamed,1886
11390,9811200,14,1747,renamed,1761
11391,9811200,2,1708,renamed,1720
11392,9811200,12,1756,renamed,1738
11393,9811200,70,1758,renamed,1772
11394,9811200,73,1811,renamed,1795
11395,9811200,32,1809,renamed,1826
11396,9811200,49,1774,renamed,1788
11397,9820000,56,1707,renamed,1718
11398,9820800,45,1736,renamed,1748
11399,9820800,74,1879,renamed,1897
11400,9820800,3,1643,renamed,1650
11401,9820800,70,1747,renamed,1758
11402,9820800,21,1825,renamed,1838
11403,9820800,18,1734,renamed,1711
11404,9820800,37,1763,renamed,1774
11405,9820800,73,1799,renamed,1811
11406,9820800,74,1895,renamed,1879
11407,9820800,72,1962,renamed,1950
11408,9830400,62,1845,renamed,1828
11409,9830400,71,1802,renamed,1784
11410,9830400,1,1465,renamed,1436
11411,9830400,40,1722,renamed,1734
11412,9830400,28,1741,renamed,1722
11413,9830400,73,1784,renamed,1799
11414,9830400,69,1778,renamed,1793
11415,9830400,72,1972,renamed,1962
11416,9830400,12,1743,renamed,1756
11417,9830400,70,1735,renamed,1747
11418,9830400,74,1877,renamed,1895
11419,9830400,51,1789,renamed,1802
11420,9840000,58,1698,renamed,1707
11421,9840000,71,1821,renamed,1802
11422,9840000,68,1851,renamed,1835
11423,9840000,73,1771,renamed,1784
11424,9840000,72,1982,renamed,1972
11425,9840000,23,1834,renamed,1817
11426,9840000,30,1854,renamed,1871
11427,9840000,54,1723,renamed,1733
11428,9840000,74,1891,renamed,1877
11429,9840000,70,1755,renamed,1735
11430,9840000,71,1806,renamed,1821
11431,9840000,48,1752,renamed,1764
11432,9849600,6,1714,renamed,1724
11433,9849600,73,1760,renamed,1771
11434,9849600,74,1875,renamed,1891
11435,9849600,72,1993,renamed,1982
11436,9849600,9,1661,renamed,1668
11437,9849600,47,1754,renamed,1732
11438,9849600,20,1842,renamed,1825
11439,9849600,33,1862,renamed,1847
11440,9849600,24,1682,renamed,1692
11441,9849600,71,1823,renamed,1806
11442,9849600,32,1825,renamed,1809
11443,9859200,74,1887,renamed,1875
11444,9860000,72,1970,renamed,1993
11445,9860000,50,1810,renamed,1826
11446,9860000,75,1833,stored,
11447,9860000,15,1801,renamed,1784
11448,9860000,73,1747,renamed,1760
11449,9860000,70,1773,renamed,1755
11450,9860000,68,1864,renamed,1851
11451,9860000,63,1826,renamed,1811
11452,9860000,7,1650,renamed,1660
11453,9860000,23,1817,renamed,1834
11454,9860000,13,1716,renamed,1696
11455,9868800,47,1771,renamed,1754
11456,9868800,48,1738,renamed,1752
11457,9868800,35,1540,renamed,1546
11458,9868800,75,1846,renamed,1833
11459,9868800,74,1867,renamed,1887
11460,9868800,4,1587,renamed,1594
11461,9868800,33,1844,renamed,1862
11462,9868800,73,1766,renamed,1747
11463,9868800,13,1735,renamed,1716
11464,9868800,1,1461,renamed,1465
11465,9868800,72,1947,renamed,1970
11466,9878400,53,1798,renamed,1813
11467,9880000,20,1826,renamed,1842
11468,9880000,71,1809,renamed,1823
11469,9880000,75,1862,renamed,1846
11470,9880000,32,1811,renamed,1825
11471,9880000,26,1633,renamed,1640
11472,9880000,74,1882,renamed,1867
11473,9880000,72,1928,renamed,1947
11474,9880000,2,1730,renamed,1708
11475,9880000,71,1795,renamed,1809
11476,9880000,73,1755,renamed,1766
11477,9888000,75,1847,renamed,1862
11478,9888000,74,1898,renamed,1882
11479,9888000,13,1725,renamed,1735
11480,9888000,70,1762,renamed,1773
11481,9888000,69,1798,renamed,1778
11482,9888000,71,1783,renamed,1795
11483,9888000,72,1941,renamed,1928
11484,9888000,75,1863,renamed,1847
11485,9888000,51,1777,renamed,1789
11486,9888000,14,1737,renamed,1747
11487,9888000,28,1762,renamed,1741
11488,9888000,74,1881,renamed,1898
11489,9897600,33,1830,renamed,1844
11490,9897600,73,1745,renamed,1755
11491,9897600,47,1761,renamed,1771
11492,9900000,36,1820,renamed,1800
11493,9900000,75,1879,renamed,1863
11494,9900000,44,1731,renamed,1741
11495,9900000,53,1786,renamed,1798
11496,9900000,31,1880,renamed,1863
11497,9900000,74,1866,renamed,1881
11498,9900000,30,1840,renamed,1854
11499,9900000,73,1767,renamed,1745
11500,9900000,38,1687,renamed,1695
11501,9907200,62,1832,renamed,1845
11502,9907200,72,1955,renamed,1941
11503,9907200,44,1722,renamed,1731
11504,9907200,75,1895,renamed,1879
11505,9907200,71,1803,renamed,1783
11506,9907200,30,1826,renamed,1840
11507,9907200,61,1735,renamed,1713
11508,9907200,74,1850,renamed,1866
11509,9916800,73,1756,renamed,1767
11510,9916800,75,1910,renamed,1895
11511,9916800,71,1821,renamed,1803
11512,9916800,72,1966,renamed,1955
11513,9916800,70,1750,renamed,1762
11514,9920000,36,1806,renamed,1820
11515,9920000,17,1725,renamed,1735
11516,9920000,54,1745,renamed,1723
11517,9920000,74,1865,renamed,1850
11518,9920000,46,1728,renamed,1739
11519,9920000,24,1704,renamed,1682
11520,9920000,75,1891,renamed,1910
11521,9920000,61,1755,renamed,1735
11522,9926400,72,1945,renamed,1966
11523,9926400,73,1745,renamed,1756
11524,9926400,11,1745,renamed,1724
11525,9926400,71,1806,renamed,1821
11526,9926400,74,1880,renamed,1865
11527,9926400,29,1888,renamed,1906
11528,9926400,33,1846,renamed,1830
11529,9926400,21,1841,renamed,1825
11530,9926400,72,1924,renamed,1945
11531,9926400,73,1764,renamed,1745
11532,9926400,75,1873,renamed,1891
11533,9936000,67,1863,renamed,1880
11534,9936000,19,1811,renamed,1825
11535,9936000,74,1895,renamed,1880
11536,9940000,73,1753,renamed,1764
11537,9940000,72,1906,renamed,1924
11538,9940000,71,1794,renamed,1806
11539,9940000,70,1772,renamed,1750
11540,9940000,31,1895,renamed,1880
11541,9940000,75,1857,renamed,1873
11542,9940000,74,1879,renamed,1895
11543,9945600,62,1819,renamed,1832
11544,9945600,30,1814,renamed,1826
11545,9945600,3,1669,renamed,1643
11546,9945600,73,1774,renamed,1753
11547,9945600,76,1871,stored,
11548,9945600,72,1920,renamed,1906
11549,9945600,67,1878,renamed,1863
11550,9945600,75,1841,renamed,1857
11551,9945600,33,1862,renamed,1846
11552,9945600,37,1751,renamed,1763
11553,9945600,74,1863,renamed,1879
11554,9955200,2,1751,renamed,1730
11555,9955200,15,1818,renamed,1801
11556,9955200,43,1633,renamed,1609
11557,9955200,76,1853,renamed,1871
11558,9955200,73,1791,renamed,1774
11559,9960000,0,1431,renamed,1402
11560,9960000,75,1854,renamed,1841
11561,9960000,3,1688,renamed,1669
11562,9960000,72,1928,renamed,1920
11563,9960000,39,1711,renamed,1726
11564,9960000,74,1843,renamed,1863
11565,9964800,33,1873,renamed,1862
11566,9964800,76,1834,renamed,1853
11567,9964800,43,1655,renamed,1633
11568,9964800,70,1756,renamed,1772
11569,9964800,53,1770,renamed,1786
11570,9964800,24,1692,renamed,1704
11571,9964800,34,1717,renamed,1729
11572,9964800,47,1748,renamed,1761
11573,9964800,18,1723,renamed,1734
11574,9964800,75,1838,renamed,1854
11575,9974400,76,1850,renamed,1834
11576,9974400,73,1808,renamed,1791
11577,9974400,74,1827,renamed,1843
11578,9974400,72,1939,renamed,1928
11579,9974400,75,1822,renamed,1838
11580,9974400,70,1744,renamed,1756
11581,9974400,67,1862,renamed,1878
11582,9980000,71,1813,renamed,1794
11583,9980000,73,1825,renamed,1808
11584,9984000,76,1865,renamed,1850
11585,9984000,21,1825,renamed,1841
11586,9984000,74,1812,renamed,1827
11587,9984000,71,1799,renamed,1813
11588,9984000,18,1714,renamed,1723
11589,9984000,72,1952,renamed,1939
11590,9984000,75,1839,renamed,1822
11591,9984000,73,1811,renamed,1825
11592,9984000,21,1842,renamed,1825
11593,9984000,4,1581,renamed,1587
11594,9993600,12,1732,renamed,1743
11595,9993600,14,1758,renamed,1737
11596,9993600,72,1932,renamed,1952
11597,9993600,76,1880,renamed,1865
11598,9993600,74,1829,renamed,1812
11599,9993600,71,1815,renamed,1799
11600,9993600,72,1911,renamed,1932
11601,9993600,73,1797,renamed,1811
11602,9993600,75,1824,renamed,1839
11603,9993600,6,1705,renamed,1714
11604,9993600,57,1821,renamed,1835
11605,10000000,61,1776,renamed,1755
11606,10000000,70,1734,renamed,1744
